{"pos": [[3, 6], [2, 0], [3, 5], [1, 0], [3, 4], [0, 0], [3, 3], [0, 1], [3, 6], [1, 1], [4, 6], [2, 1], [4, 5], [3, 1], [3, 6], [4, 1], [2, 6], [4, 2], [2, 5], [4, 3], [2, 4], [5, 3], [2, 3], [5, 4], [2, 2], [6, 4], [2, 3], [6, 5], [1, 3], [7, 5], [2, 3], [7, 6], [2, 4], [6, 6], [3, 4], [6, 7], [4, 4], [5, 7], [3, 4], [4, 7], [3, 5], [5, 7], [2, 5], [5, 6], [1, 5], [6, 6], [1, 4], [6, 7], [0, 4], [7, 7], [0, 3], [7, 6], [0, 2], [7, 5], [0, 3], [7, 4], [0, 4], [7, 3], [0, 5], [7, 2], [0, 6], [7, 1], [0, 5], [7, 0], [1, 5], [6, 0], [1, 6], [6, 1], [1, 7], [6, 2], [1, 6], [6, 3], [1, 5], [6, 4], [1, 4], [6, 5], [1, 3], [7, 5], [2, 3], [7, 6]], "a_eggs_laid": [1, 1, 1, 1, 2, 2, 2, 2, 2, 2, 2, 2, 3, 3, 3, 3, 3, 3, 4, 4, 4, 4, 5, 5, 5, 5, 6, 6, 6, 6, 7, 7, 7, 7, 7, 7, 7, 7, 8, 8, 8, 8, 8, 8, 8, 8, 9, 9, 9, 9, 10, 10, 10, 10, 11, 11, 11, 11, 11, 11, 11, 11, 12, 12, 12, 12, 12, 12, 12, 12, 13, 13, 13, 13, 13, 13, 13, 13, 13, 13], "b_eggs_laid": [0, 1, 1, 1, 1, 2, 2, 6, 6, 7, 7, 7, 7, 12, 12, 12, 12, 13, 13, 13, 13, 14, 14, 14, 14, 15, 15, 15, 15, 16, 16, 16, 16, 17, 17, 17, 17, 18, 18, 18, 18, 19, 19, 19, 19, 20, 20, 20, 20, 20, 20, 20, 20, 20, 20, 20, 20, 21, 21, 21, 21, 22, 22, 22, 22, 25, 25, 25, 25, 26, 26, 26, 26, 27, 27, 27, 27, 27, 27, 27], "a_turds_left": [5, 5, 4, 4, 4, 4, 3, 3, 3, 3, 3, 3, 3, 3, 3, 3, 3, 3, 3, 3, 2, 2, 2, 2, 1, 1, 1, 1, 1, 1, 1, 1, 1, 1, 1, 1, 1, 1, 1, 1, 1, 1, 1, 1, 1, 1, 1, 1, 0, 0, 0, 0, 0, 0, 0, 0, 0, 0, 0, 0, 0, 0, 0, 0, 0, 0, 0, 0, 0, 0, 0, 0, 0, 0, 0, 0, 0, 0, 0, 0], "b_turds_left": [5, 5, 5, 5, 5, 5, 5, 5, 5, 5, 5, 4, 4, 4, 4, 4, 4, 4, 4, 3, 3, 3, 3, 3, 3, 3, 3, 3, 3, 3, 3, 3, 3, 3, 3, 3, 3, 3, 3, 3, 3, 3, 3, 3, 3, 3, 3, 3, 3, 3, 3, 3, 3, 3, 3, 3, 3, 3, 3, 3, 3, 3, 3, 3, 3, 3, 3, 3, 3, 3, 3, 3, 3, 3, 3, 3, 3, 3, 3, 3], "a_time_left": [359.99987650103867, 359.99987650103867, 359.9997820407152, 359.9997820407152, 359.9996869992465, 359.9996869992465, 359.99959462322295, 359.99959462322295, 359.9995049983263, 359.9995049983263, 359.99943303875625, 359.99943303875625, 359.9993069153279, 359.9993069153279, 359.99923112243414, 359.99923112243414, 359.9991520382464, 359.9991520382464, 359.99907070584595, 359.99907070584595, 359.9989947900176, 359.9989947900176, 359.99891899712384, 359.99891899712384, 359.99884954094887, 359.99884954094887, 359.998781664297, 359.998781664297, 359.998713247478, 359.998713247478, 359.9986406657845, 359.9986406657845, 359.99856803938746, 359.99856803938746, 359.99848391488194, 359.99848391488194, 359.9984051641077, 359.9984051641077, 359.99834016524255, 359.99834016524255, 359.99827758036554, 359.99827758036554, 359.9982017893344, 359.9982017893344, 359.9981336649507, 359.9981336649507, 359.9980655796826, 359.9980655796826, 359.99799299426377, 359.99799299426377, 359.9979171603918, 359.9979171603918, 359.9978563673794, 359.9978563673794, 359.99779528565705, 359.99779528565705, 359.9977356623858, 359.9977356623858, 359.9976686630398, 359.9976686630398, 359.9976127464324, 359.9976127464324, 359.9975428711623, 359.9975428711623, 359.99748449772596, 359.99748449772596, 359.9974181652069, 359.9974181652069, 359.99735474959016, 359.99735474959016, 359.99729329161346, 359.99729329161346, 359.9972508754581, 359.9972508754581, 359.9972039181739, 359.9972039181739, 359.99715250357985, 359.99715250357985, 359.99710133858025, 359.99710133858025], "b_time_left": [360, 354.7637500837445, 354.7637500837445, 347.0541996676475, 347.0541996676475, 346.34105308540165, 346.34105308540165, 345.984121710062, 345.984121710062, 345.65074129216373, 345.65074129216373, 340.88422025181353, 340.88422025181353, 340.36265791766346, 340.36265791766346, 339.10196170955896, 339.10196170955896, 337.3714220430702, 337.3714220430702, 334.4515479579568, 334.4515479579568, 334.0281725823879, 334.0281725823879, 332.7860264144838, 332.7860264144838, 332.4011009577662, 332.4011009577662, 331.9836646672338, 331.9836646672338, 331.634943459183, 331.634943459183, 331.106005249545, 331.106005249545, 330.83203854225576, 330.83203854225576, 330.58997429534793, 330.58997429534793, 330.46711958758533, 330.46711958758533, 330.25516038015485, 330.25516038015485, 330.19231929816306, 330.19231929816306, 329.96926650591195, 329.96926650591195, 329.830310465768, 329.830310465768, 329.32434604875743, 329.32434604875743, 329.240201048553, 329.240201048553, 328.9622261300683, 328.9622261300683, 328.7214008830488, 328.7214008830488, 328.3258354254067, 328.3258354254067, 327.97418088279665, 327.97418088279665, 327.59367909282446, 327.59367909282446, 327.24750604853034, 327.24750604853034, 326.8586277142167, 326.8586277142167, 326.69190287962556, 326.69190287962556, 326.277145171538, 326.277145171538, 325.9542133808136, 325.9542133808136, 325.50671467371285, 325.50671467371285, 325.3946586344391, 325.3946586344391, 325.2199686765671, 325.2199686765671, 325.1325898002833, 325.1325898002833, 324.89407350867987], "a_moves_left": [39, 39, 38, 38, 37, 37, 36, 36, 35, 35, 34, 34, 33, 33, 32, 32, 31, 31, 30, 30, 29, 29, 28, 28, 27, 27, 26, 26, 25, 25, 24, 24, 23, 23, 22, 22, 21, 21, 20, 20, 19, 19, 18, 18, 17, 17, 16, 16, 15, 15, 14, 14, 13, 13, 12, 12, 11, 11, 10, 10, 9, 9, 8, 8, 7, 7, 6, 6, 5, 5, 4, 4, 3, 3, 2, 2, 1, 1, 0, 0], "b_moves_left": [40, 39, 39, 38, 38, 37, 37, 36, 36, 35, 35, 34, 34, 33, 33, 32, 32, 31, 31, 30, 30, 29, 29, 28, 28, 27, 27, 26, 26, 25, 25, 24, 24, 23, 23, 22, 22, 21, 21, 20, 20, 19, 19, 18, 18, 17, 17, 16, 16, 15, 15, 14, 14, 13, 13, 12, 12, 11, 11, 10, 10, 9, 9, 8, 8, 7, 7, 6, 6, 5, 5, 4, 4, 3, 3, 2, 2, 1, 1, 0], "trapdoor_triggered": [0, 0, 0, 0, 0, 0, 1, 0, 0, 0, 0, 0, 1, 0, 0, 0, 0, 0, 0, 0, 0, 0, 0, 0, 0, 0, 0, 0, 0, 0, 0, 0, 0, 0, 0, 0, 0, 0, 0, 0, 0, 0, 0, 0, 0, 0, 0, 0, 0, 0, 0, 0, 0, 0, 0, 0, 0, 0, 0, 0, 0, 0, 0, 0, 0, 0, 0, 0, 0, 0, 0, 0, 0, 0, 0, 0, 0, 0, 0, 0], "left_behind": ["egg", "egg", "turd", "plain", "egg", "egg", "turd", "plain", "plain", "egg", "plain", "turd", "egg", "egg", "plain", "plain", "plain", "egg", "egg", "turd", "turd", "egg", "egg", "plain", "turd", "egg", "egg", "plain", "plain", "egg", "egg", "plain", "plain", "egg", "plain", "plain", "plain", "egg", "egg", "plain", "plain", "egg", "plain", "plain", "plain", "egg", "egg", "plain", "turd", "plain", "egg", "plain", "plain", "plain", "egg", "plain", "plain", "egg", "plain", "plain", "plain", "egg", "egg", "plain", "plain", "egg", "plain", "plain", "plain", "egg", "egg", "plain", "plain", "egg", "plain", "plain", "plain", "plain", "plain", "plain"], "errlog_a": "", "errlog_b": "", "start_time": 360, "start_moves": 40, "turn_count": 80, "result": 1, "reason": "EGGS_LAID", "trapdoors": [[3, 3], [4, 5]], "spawn_a": [3, 7], "spawn_b": [3, 0]}