{"pos": [[7, 0], [1, 1], [6, 0], [2, 1], [7, 0], [2, 2], [7, 1], [3, 2], [7, 2], [0, 2], [7, 3], [0, 3], [7, 2], [0, 4], [6, 2], [0, 5], [6, 1], [1, 5], [5, 1], [1, 6], [5, 0], [1, 7], [4, 0], [0, 7], [5, 0], [0, 6], [5, 1], [1, 6], [5, 2], [2, 6], [5, 3], [3, 6], [7, 2], [3, 5], [7, 3], [4, 5], [7, 4], [4, 4], [7, 5], [5, 4], [7, 4], [6, 4], [7, 5], [6, 3], [7, 4], [6, 4], [7, 5], [7, 4], [7, 6], [6, 4], [7, 7], [6, 3], [7, 6], [6, 4], [6, 6], [7, 4], [6, 5], [6, 4], [5, 5], [6, 5], [5, 6], [6, 4], [5, 7], [6, 3], [5, 6], [6, 4], [4, 6], [5, 4], [5, 6], [4, 4], [5, 7], [3, 4], [4, 7], [2, 4], [3, 7], [1, 4], [4, 7], [1, 3], [3, 7], [1, 2]], "a_eggs_laid": [1, 1, 1, 1, 2, 2, 2, 2, 6, 6, 6, 6, 7, 7, 7, 7, 8, 8, 8, 8, 9, 9, 9, 9, 10, 10, 10, 10, 10, 10, 10, 10, 10, 10, 10, 10, 10, 10, 10, 10, 11, 11, 11, 11, 11, 11, 11, 11, 11, 11, 11, 11, 14, 14, 14, 14, 15, 15, 15, 15, 16, 16, 16, 16, 17, 17, 17, 17, 18, 18, 18, 18, 18, 18, 18, 18, 19, 19, 19, 19], "b_eggs_laid": [0, 1, 1, 1, 1, 2, 2, 2, 2, 2, 2, 2, 2, 3, 3, 3, 3, 4, 4, 4, 4, 5, 5, 5, 5, 8, 8, 8, 8, 8, 8, 12, 12, 13, 13, 13, 13, 14, 14, 14, 14, 15, 15, 15, 15, 16, 16, 16, 16, 17, 17, 17, 17, 17, 17, 17, 17, 17, 17, 17, 17, 18, 18, 18, 18, 18, 18, 18, 18, 18, 18, 18, 18, 19, 19, 19, 19, 20, 20, 20], "a_turds_left": [5, 5, 4, 4, 4, 4, 4, 4, 4, 4, 3, 3, 3, 3, 3, 3, 3, 3, 2, 2, 2, 2, 1, 1, 1, 1, 1, 1, 1, 1, 0, 0, 0, 0, 0, 0, 0, 0, 0, 0, 0, 0, 0, 0, 0, 0, 0, 0, 0, 0, 0, 0, 0, 0, 0, 0, 0, 0, 0, 0, 0, 0, 0, 0, 0, 0, 0, 0, 0, 0, 0, 0, 0, 0, 0, 0, 0, 0, 0, 0], "b_turds_left": [5, 5, 5, 5, 5, 5, 5, 4, 4, 4, 4, 4, 4, 4, 4, 4, 4, 4, 4, 4, 4, 4, 4, 4, 4, 4, 4, 4, 4, 4, 4, 4, 4, 4, 4, 3, 3, 3, 3, 2, 2, 2, 2, 2, 2, 2, 2, 2, 2, 2, 2, 2, 2, 2, 2, 2, 2, 2, 2, 2, 2, 2, 2, 2, 2, 2, 2, 2, 2, 2, 2, 2, 2, 2, 2, 1, 1, 1, 1, 1], "a_time_left": [359.999884583056, 359.999884583056, 359.9997869990766, 359.9997869990766, 359.99952520802617, 359.99952520802617, 359.9994444157928, 359.9994444157928, 359.99916449934244, 359.99916449934244, 359.99903249926865, 359.99903249926865, 359.9989310838282, 359.9989310838282, 359.998852500692, 359.998852500692, 359.99876591935754, 359.99876591935754, 359.998660961166, 359.998660961166, 359.99842916987836, 359.99842916987836, 359.9983360040933, 359.9983360040933, 359.9982532951981, 359.9982532951981, 359.9981735050678, 359.9981735050678, 359.9979440048337, 359.9979440048337, 359.99785358831286, 359.99785358831286, 359.99777733907104, 359.99777733907104, 359.99764196388423, 359.99764196388423, 359.9975705463439, 359.9975705463439, 359.99750283919275, 359.99750283919275, 359.99738562852144, 359.99738562852144, 359.99731371179223, 359.99731371179223, 359.99724254384637, 359.99724254384637, 359.997177336365, 359.997177336365, 359.99710841849446, 359.99710841849446, 359.99703600257635, 359.99703600257635, 359.99696129374206, 359.99696129374206, 359.9968930017203, 359.9968930017203, 359.99681787751615, 359.99681787751615, 359.99675316922367, 359.99675316922367, 359.9966854620725, 359.9966854620725, 359.99661533534527, 359.99661533534527, 359.996544001624, 359.996544001624, 359.996477086097, 359.996477086097, 359.996407546103, 359.996407546103, 359.9963244628161, 359.9963244628161, 359.99611088074744, 359.99611088074744, 359.99604396149516, 359.99604396149516, 359.9959752112627, 359.9959752112627, 359.9957541693002, 359.9957541693002], "b_time_left": [360, 356.8065399173647, 356.8065399173647, 336.1562335845083, 336.1562335845083, 328.7661886252463, 328.7661886252463, 296.99432645738125, 296.99432645738125, 294.48806637339294, 294.48806637339294, 290.9842744562775, 290.9842744562775, 288.19714370556176, 288.19714370556176, 282.3658875823021, 282.3658875823021, 278.1148971244693, 278.1148971244693, 255.80660370737314, 255.80660370737314, 253.36246304027736, 253.36246304027736, 246.6837795842439, 246.6837795842439, 244.96930083073676, 244.96930083073676, 232.12019645608962, 232.12019645608962, 230.05783341638744, 230.05783341638744, 224.79903833381832, 224.79903833381832, 224.04446320980787, 224.04446320980787, 219.14226933568716, 219.14226933568716, 218.46724825166166, 218.46724825166166, 215.5406601279974, 215.5406601279974, 215.19942875392735, 215.19942875392735, 214.70397071167827, 214.70397071167827, 214.52043371275067, 214.52043371275067, 213.80263300426304, 213.80263300426304, 213.55613021366298, 213.55613021366298, 213.09161384031177, 213.09161384031177, 212.77100971527398, 212.77100971527398, 212.027923675254, 212.027923675254, 211.95562771707773, 211.95562771707773, 211.03197600878775, 211.03197600878775, 210.84557280130684, 210.84557280130684, 209.92552642524242, 209.92552642524242, 209.70355784334242, 209.70355784334242, 208.85792459361255, 208.85792459361255, 208.54745596647263, 208.54745596647263, 206.90128571726382, 206.90128571726382, 206.37479859218, 206.37479859218, 205.54432259127498, 205.54432259127498, 205.4299131333828, 205.4299131333828, 205.18219342641532], "a_moves_left": [39, 39, 38, 38, 37, 37, 36, 36, 35, 35, 34, 34, 33, 33, 32, 32, 31, 31, 30, 30, 29, 29, 28, 28, 27, 27, 26, 26, 25, 25, 24, 24, 23, 23, 22, 22, 21, 21, 20, 20, 19, 19, 18, 18, 17, 17, 16, 16, 15, 15, 14, 14, 13, 13, 12, 12, 11, 11, 10, 10, 9, 9, 8, 8, 7, 7, 6, 6, 5, 5, 4, 4, 3, 3, 2, 2, 1, 1, 0, 0], "b_moves_left": [40, 39, 39, 38, 38, 37, 37, 36, 36, 35, 35, 34, 34, 33, 33, 32, 32, 31, 31, 30, 30, 29, 29, 28, 28, 27, 27, 26, 26, 25, 25, 24, 24, 23, 23, 22, 22, 21, 21, 20, 20, 19, 19, 18, 18, 17, 17, 16, 16, 15, 15, 14, 14, 13, 13, 12, 12, 11, 11, 10, 10, 9, 9, 8, 8, 7, 7, 6, 6, 5, 5, 4, 4, 3, 3, 2, 2, 1, 1, 0], "trapdoor_triggered": [0, 0, 0, 0, 0, 0, 0, 1, 0, 0, 0, 0, 0, 0, 0, 0, 0, 0, 0, 0, 0, 0, 0, 0, 0, 0, 0, 0, 0, 0, 1, 0, 0, 0, 0, 0, 0, 0, 0, 0, 0, 0, 0, 0, 0, 0, 0, 0, 0, 0, 0, 0, 0, 0, 0, 0, 0, 0, 0, 0, 0, 0, 0, 0, 0, 0, 0, 0, 0, 0, 0, 0, 0, 0, 0, 0, 0, 0, 0, 0], "left_behind": ["egg", "egg", "turd", "plain", "egg", "egg", "plain", "turd", "plain", "plain", "turd", "plain", "egg", "egg", "plain", "plain", "egg", "egg", "turd", "plain", "egg", "egg", "turd", "plain", "egg", "egg", "plain", "plain", "plain", "plain", "turd", "plain", "plain", "egg", "plain", "turd", "plain", "egg", "plain", "turd", "egg", "egg", "plain", "plain", "plain", "egg", "plain", "plain", "plain", "egg", "plain", "plain", "egg", "plain", "plain", "plain", "egg", "plain", "plain", "plain", "egg", "egg", "plain", "plain", "egg", "plain", "plain", "plain", "egg", "plain", "plain", "plain", "plain", "egg", "plain", "turd", "egg", "egg", "plain", "plain"], "errlog_a": "", "errlog_b": "", "start_time": 360, "start_moves": 40, "turn_count": 80, "result": 1, "reason": "EGGS_LAID", "trapdoors": [[5, 3], [3, 2]], "spawn_a": [7, 1], "spawn_b": [0, 1]}