{"pos": [[7, 2], [1, 3], [7, 1], [2, 3], [7, 0], [3, 3], [6, 0], [4, 3], [7, 0], [4, 4], [7, 1], [0, 2], [7, 2], [0, 1], [6, 2], [0, 0], [6, 1], [1, 0], [5, 1], [2, 0], [5, 0], [3, 0], [4, 0], [3, 1], [5, 0], [4, 1], [5, 1], [4, 2], [5, 2], [4, 3], [5, 3], [3, 3], [5, 2], [3, 4], [4, 2], [3, 5], [5, 2], [3, 6], [6, 2], [4, 6], [6, 3], [5, 6], [6, 4], [5, 7], [6, 3], [4, 7], [7, 3], [3, 7], [7, 4], [2, 7], [7, 5], [1, 7], [7, 4], [0, 7], [7, 5], [0, 6], [7, 6], [0, 5], [7, 7], [0, 4], [7, 6], [0, 3], [6, 6], [1, 3], [6, 5], [1, 2], [5, 5], [1, 1], [5, 4], [0, 1], [5, 5], [0, 0], [4, 5], [1, 0], [4, 6], [1, 1], [4, 5], [0, 1], [3, 5], [0, 0]], "a_eggs_laid": [1, 1, 1, 1, 2, 2, 2, 2, 3, 3, 7, 7, 7, 7, 7, 7, 8, 8, 8, 8, 9, 9, 9, 9, 10, 10, 10, 10, 10, 10, 10, 10, 11, 11, 11, 11, 12, 12, 12, 12, 12, 12, 12, 12, 13, 13, 13, 13, 13, 13, 13, 13, 14, 14, 14, 14, 14, 14, 14, 14, 17, 17, 17, 17, 18, 18, 18, 18, 19, 19, 19, 19, 19, 19, 19, 19, 20, 20, 20, 20], "b_eggs_laid": [0, 1, 1, 1, 1, 1, 1, 1, 1, 2, 2, 2, 2, 2, 2, 3, 3, 3, 3, 4, 4, 4, 4, 5, 5, 5, 5, 6, 6, 6, 6, 6, 6, 6, 6, 7, 7, 7, 7, 8, 8, 8, 8, 9, 9, 9, 9, 10, 10, 10, 10, 11, 11, 11, 11, 14, 14, 14, 14, 15, 15, 15, 15, 15, 15, 15, 15, 16, 16, 16, 16, 16, 16, 16, 16, 16, 16, 16, 16, 16], "a_turds_left": [5, 5, 4, 4, 4, 4, 3, 3, 3, 3, 3, 3, 3, 3, 3, 3, 3, 3, 2, 2, 2, 2, 1, 1, 1, 1, 1, 1, 1, 1, 0, 0, 0, 0, 0, 0, 0, 0, 0, 0, 0, 0, 0, 0, 0, 0, 0, 0, 0, 0, 0, 0, 0, 0, 0, 0, 0, 0, 0, 0, 0, 0, 0, 0, 0, 0, 0, 0, 0, 0, 0, 0, 0, 0, 0, 0, 0, 0, 0, 0], "b_turds_left": [5, 5, 5, 4, 4, 3, 3, 2, 2, 2, 2, 2, 2, 2, 2, 2, 2, 2, 2, 2, 2, 2, 2, 2, 2, 2, 2, 2, 2, 2, 2, 2, 2, 2, 2, 2, 2, 2, 2, 2, 2, 2, 2, 2, 2, 2, 2, 2, 2, 2, 2, 2, 2, 2, 2, 2, 2, 2, 2, 2, 2, 2, 2, 2, 2, 2, 2, 2, 2, 2, 2, 2, 2, 2, 2, 2, 2, 2, 2, 2], "a_time_left": [359.9998683743179, 359.9998683743179, 359.9993400424719, 359.9993400424719, 359.9992435015738, 359.9992435015738, 359.9985619597137, 359.9985619597137, 359.99829250201583, 359.99829250201583, 359.9982094205916, 359.9982094205916, 359.9981308784336, 359.9981308784336, 359.998061504215, 359.998061504215, 359.997982962057, 359.997982962057, 359.99790904670954, 359.99790904670954, 359.9978036303073, 359.9978036303073, 359.9977346304804, 359.9977346304804, 359.99766742251813, 359.99766742251813, 359.99759683944285, 359.99759683944285, 359.99752250500023, 359.99752250500023, 359.9974440038204, 359.9974440038204, 359.99737758748233, 359.99737758748233, 359.997313586995, 359.997313586995, 359.99723821133375, 359.99723821133375, 359.9971708767116, 359.9971708767116, 359.9971039183438, 359.9971039183438, 359.99704133346677, 359.99704133346677, 359.9969595428556, 359.9969595428556, 359.99689471162856, 359.99689471162856, 359.9968249220401, 359.9968249220401, 359.99676292203367, 359.99676292203367, 359.9966953378171, 359.9966953378171, 359.99663508683443, 359.99663508683443, 359.99657087773085, 359.99657087773085, 359.9965118356049, 359.9965118356049, 359.99644254520535, 359.99644254520535, 359.9963810890913, 359.9963810890913, 359.99631542153656, 359.99631542153656, 359.99625675566494, 359.99625675566494, 359.99619258753955, 359.99619258753955, 359.99613158777356, 359.99613158777356, 359.99607058800757, 359.99607058800757, 359.9960139617324, 359.9960139617324, 359.9959573801607, 359.9959573801607, 359.9958989620209, 359.9958989620209], "b_time_left": [360, 351.225018998608, 351.225018998608, 326.7995163332671, 326.7995163332671, 309.5926691684872, 309.5926691684872, 300.69620691612363, 300.69620691612363, 298.94621529243886, 298.94621529243886, 298.4939453750849, 298.4939453750849, 297.6885618753731, 297.6885618753731, 296.70553083345294, 296.70553083345294, 296.4456385411322, 296.4456385411322, 296.08395624905825, 296.08395624905825, 295.68805187381804, 295.68805187381804, 295.36201891489327, 295.36201891489327, 294.6280274596065, 294.6280274596065, 294.1660745013505, 294.1660745013505, 293.06183745898306, 293.06183745898306, 292.797877125442, 292.797877125442, 292.00348079390824, 292.00348079390824, 291.40462375059724, 291.40462375059724, 290.554096294567, 290.554096294567, 289.9617697093636, 289.9617697093636, 289.1410518344492, 289.1410518344492, 288.6346749588847, 288.6346749588847, 288.11859212629497, 288.11859212629497, 287.92848875001073, 287.92848875001073, 287.71241308376193, 287.71241308376193, 287.52921066619456, 287.52921066619456, 287.1669342909008, 287.1669342909008, 287.06307883374393, 287.06307883374393, 286.7496198769659, 286.7496198769659, 286.5299314595759, 286.5299314595759, 286.19192245975137, 286.19192245975137, 285.99143071100116, 285.99143071100116, 285.80177029408514, 285.80177029408514, 285.6439989171922, 285.6439989171922, 285.50535337626934, 285.50535337626934, 285.37232162617147, 285.37232162617147, 285.30688675120473, 285.30688675120473, 285.18851692043245, 285.18851692043245, 285.00225496292114, 285.00225496292114, 284.86707021296024], "a_moves_left": [39, 39, 38, 38, 37, 37, 36, 36, 35, 35, 34, 34, 33, 33, 32, 32, 31, 31, 30, 30, 29, 29, 28, 28, 27, 27, 26, 26, 25, 25, 24, 24, 23, 23, 22, 22, 21, 21, 20, 20, 19, 19, 18, 18, 17, 17, 16, 16, 15, 15, 14, 14, 13, 13, 12, 12, 11, 11, 10, 10, 9, 9, 8, 8, 7, 7, 6, 6, 5, 5, 4, 4, 3, 3, 2, 2, 1, 1, 0, 0], "b_moves_left": [40, 39, 39, 38, 38, 37, 37, 36, 36, 35, 35, 34, 34, 33, 33, 32, 32, 31, 31, 30, 30, 29, 29, 28, 28, 27, 27, 26, 26, 25, 25, 24, 24, 23, 23, 22, 22, 21, 21, 20, 20, 19, 19, 18, 18, 17, 17, 16, 16, 15, 15, 14, 14, 13, 13, 12, 12, 11, 11, 10, 10, 9, 9, 8, 8, 7, 7, 6, 6, 5, 5, 4, 4, 3, 3, 2, 2, 1, 1, 0], "trapdoor_triggered": [0, 0, 0, 0, 0, 0, 0, 0, 0, 1, 0, 0, 0, 0, 0, 0, 0, 0, 0, 0, 0, 0, 0, 0, 0, 0, 0, 0, 0, 0, 0, 0, 0, 0, 0, 0, 0, 0, 0, 0, 0, 0, 0, 0, 0, 0, 0, 0, 0, 0, 0, 0, 0, 0, 0, 0, 0, 0, 0, 0, 0, 0, 0, 0, 0, 0, 0, 0, 0, 0, 0, 0, 0, 0, 0, 0, 0, 0, 0, 0], "left_behind": ["egg", "egg", "turd", "turd", "egg", "turd", "turd", "turd", "egg", "egg", "plain", "plain", "plain", "plain", "plain", "egg", "egg", "plain", "turd", "egg", "egg", "plain", "turd", "egg", "egg", "plain", "plain", "egg", "plain", "plain", "turd", "plain", "egg", "plain", "plain", "egg", "egg", "plain", "plain", "egg", "plain", "plain", "plain", "egg", "egg", "plain", "plain", "egg", "plain", "plain", "plain", "egg", "egg", "plain", "plain", "egg", "plain", "plain", "plain", "egg", "egg", "plain", "plain", "plain", "egg", "plain", "plain", "egg", "egg", "plain", "plain", "plain", "plain", "plain", "plain", "plain", "egg", "plain", "plain", "plain"], "errlog_a": "", "errlog_b": "", "start_time": 360, "start_moves": 40, "turn_count": 80, "result": 0, "reason": "EGGS_LAID", "trapdoors": [[4, 4], [3, 2]], "spawn_a": [7, 3], "spawn_b": [0, 3]}