{"pos": [[3, 6], [2, 0], [3, 5], [2, 1], [3, 4], [3, 1], [3, 3], [4, 1], [4, 3], [4, 2], [5, 3], [5, 2], [3, 6], [6, 2], [4, 6], [6, 1], [4, 5], [7, 1], [4, 4], [7, 0], [4, 3], [6, 0], [4, 2], [5, 0], [4, 3], [4, 0], [4, 4], [3, 0], [5, 4], [2, 0], [6, 4], [1, 0], [6, 3], [0, 0], [6, 2], [0, 1], [7, 2], [0, 2], [7, 1], [1, 2], [7, 2], [1, 3], [7, 3], [1, 4], [7, 2], [1, 5], [7, 3], [2, 5], [7, 4], [1, 5], [7, 5], [1, 6], [7, 4], [0, 6], [7, 5], [0, 7], [7, 6], [1, 7], [7, 7], [2, 7], [7, 6], [1, 7], [6, 6], [1, 6], [6, 5], [1, 5], [5, 5], [2, 5], [5, 4], [1, 5], [5, 5], [1, 6], [5, 6], [0, 6], [5, 7], [0, 7], [5, 6], [1, 7], [4, 6], [1, 6]], "a_eggs_laid": [1, 1, 1, 1, 2, 2, 2, 2, 3, 3, 3, 3, 3, 3, 3, 3, 4, 4, 4, 4, 5, 5, 5, 5, 6, 6, 6, 6, 6, 6, 6, 6, 7, 7, 7, 7, 8, 8, 8, 8, 9, 9, 9, 9, 10, 10, 10, 10, 10, 10, 10, 10, 11, 11, 11, 11, 11, 11, 11, 11, 14, 14, 14, 14, 15, 15, 15, 15, 16, 16, 16, 16, 16, 16, 16, 16, 17, 17, 17, 17], "b_eggs_laid": [0, 1, 1, 1, 1, 2, 2, 2, 2, 3, 3, 7, 7, 8, 8, 8, 8, 9, 9, 9, 9, 12, 12, 12, 12, 13, 13, 13, 13, 13, 13, 13, 13, 14, 14, 14, 14, 15, 15, 15, 15, 16, 16, 16, 16, 17, 17, 17, 17, 18, 18, 18, 18, 19, 19, 19, 19, 22, 22, 22, 22, 23, 23, 23, 23, 23, 23, 23, 23, 23, 23, 23, 23, 23, 23, 23, 23, 23, 23, 23], "a_turds_left": [5, 5, 4, 4, 4, 4, 3, 3, 3, 3, 3, 3, 3, 3, 3, 3, 3, 3, 2, 2, 2, 2, 1, 1, 1, 1, 1, 1, 1, 1, 0, 0, 0, 0, 0, 0, 0, 0, 0, 0, 0, 0, 0, 0, 0, 0, 0, 0, 0, 0, 0, 0, 0, 0, 0, 0, 0, 0, 0, 0, 0, 0, 0, 0, 0, 0, 0, 0, 0, 0, 0, 0, 0, 0, 0, 0, 0, 0, 0, 0], "b_turds_left": [5, 5, 5, 4, 4, 4, 4, 3, 3, 3, 3, 3, 3, 3, 3, 3, 3, 3, 3, 3, 3, 3, 3, 3, 3, 3, 3, 2, 2, 2, 2, 2, 2, 2, 2, 2, 2, 2, 2, 2, 2, 2, 2, 2, 2, 2, 2, 2, 2, 2, 2, 2, 2, 2, 2, 2, 2, 2, 2, 2, 2, 2, 2, 2, 2, 2, 2, 2, 2, 2, 2, 2, 2, 2, 2, 2, 2, 2, 2, 2], "a_time_left": [359.999882793054, 359.999882793054, 359.99977966584265, 359.99977966584265, 359.99968733265996, 359.99968733265996, 359.99955145828426, 359.99955145828426, 359.99946237541735, 359.99946237541735, 359.99937770701945, 359.99937770701945, 359.99929491616786, 359.99929491616786, 359.99921274743974, 359.99921274743974, 359.99912779033184, 359.99912779033184, 359.9990178309381, 359.9990178309381, 359.998885249719, 359.998885249719, 359.9988096244633, 359.9988096244633, 359.99872787483037, 359.99872787483037, 359.9986536242068, 359.9986536242068, 359.9985755402595, 359.9985755402595, 359.9985028728843, 359.9985028728843, 359.99843320436776, 359.99843320436776, 359.9983707051724, 359.9983707051724, 359.9983038306236, 359.9983038306236, 359.99824378825724, 359.99824378825724, 359.9981815814972, 359.9981815814972, 359.99811891652644, 359.99811891652644, 359.99804178997874, 359.99804178997874, 359.99798012152314, 359.99798012152314, 359.9979164134711, 359.9979164134711, 359.9978568702936, 359.9978568702936, 359.9977902881801, 359.9977902881801, 359.99773187190294, 359.99773187190294, 359.997666079551, 359.997666079551, 359.99760620296, 359.99760620296, 359.9975415766239, 359.9975415766239, 359.9974813256413, 359.9974813256413, 359.99741336889565, 359.99741336889565, 359.99735378473997, 359.99735378473997, 359.9972869511694, 359.9972869511694, 359.9972283244133, 359.9972283244133, 359.99716074205935, 359.99716074205935, 359.9971007425338, 359.9971007425338, 359.9970347825438, 359.9970347825438, 359.9969755746424, 359.9969755746424], "b_time_left": [360, 351.58961316756904, 351.58961316756904, 342.7157425414771, 342.7157425414771, 340.16100041754544, 340.16100041754544, 338.4225056245923, 338.4225056245923, 337.59868833236396, 337.59868833236396, 335.97092987783253, 335.97092987783253, 334.67864766716957, 334.67864766716957, 332.75298258289695, 332.75298258289695, 332.15495487488806, 332.15495487488806, 331.12307099998, 331.12307099998, 330.8563226237893, 330.8563226237893, 330.31137729249895, 330.31137729249895, 329.89336366578937, 329.89336366578937, 329.030149333179, 329.030149333179, 328.6072134170681, 328.6072134170681, 328.0875826254487, 328.0875826254487, 327.68337266892195, 327.68337266892195, 327.4133927933872, 327.4133927933872, 327.12994675152004, 327.12994675152004, 326.55065442062914, 326.55065442062914, 326.1737902536988, 326.1737902536988, 325.53264050371945, 325.53264050371945, 325.2508821282536, 325.2508821282536, 324.75923846289515, 324.75923846289515, 324.5344647988677, 324.5344647988677, 324.090070258826, 324.090070258826, 323.9647286348045, 323.9647286348045, 323.7863247580826, 323.7863247580826, 323.6409554667771, 323.6409554667771, 323.3887408822775, 323.3887408822775, 323.23561567254364, 323.23561567254364, 322.9525821711868, 322.9525821711868, 322.6971577964723, 322.6971577964723, 322.2542565893382, 322.2542565893382, 322.0804050061852, 322.0804050061852, 321.6881637573242, 321.6881637573242, 321.5622824244201, 321.5622824244201, 321.37783492542803, 321.37783492542803, 321.2355757560581, 321.2355757560581, 320.9812063835561], "a_moves_left": [39, 39, 38, 38, 37, 37, 36, 36, 35, 35, 34, 34, 33, 33, 32, 32, 31, 31, 30, 30, 29, 29, 28, 28, 27, 27, 26, 26, 25, 25, 24, 24, 23, 23, 22, 22, 21, 21, 20, 20, 19, 19, 18, 18, 17, 17, 16, 16, 15, 15, 14, 14, 13, 13, 12, 12, 11, 11, 10, 10, 9, 9, 8, 8, 7, 7, 6, 6, 5, 5, 4, 4, 3, 3, 2, 2, 1, 1, 0, 0], "b_moves_left": [40, 39, 39, 38, 38, 37, 37, 36, 36, 35, 35, 34, 34, 33, 33, 32, 32, 31, 31, 30, 30, 29, 29, 28, 28, 27, 27, 26, 26, 25, 25, 24, 24, 23, 23, 22, 22, 21, 21, 20, 20, 19, 19, 18, 18, 17, 17, 16, 16, 15, 15, 14, 14, 13, 13, 12, 12, 11, 11, 10, 10, 9, 9, 8, 8, 7, 7, 6, 6, 5, 5, 4, 4, 3, 3, 2, 2, 1, 1, 0], "trapdoor_triggered": [0, 0, 0, 0, 0, 0, 0, 0, 0, 0, 1, 0, 0, 0, 0, 0, 0, 0, 0, 0, 0, 0, 0, 0, 0, 0, 0, 0, 0, 0, 0, 0, 0, 0, 0, 0, 0, 0, 0, 0, 0, 0, 0, 0, 0, 0, 0, 0, 0, 0, 0, 0, 0, 0, 0, 0, 0, 0, 0, 0, 0, 0, 0, 0, 0, 0, 0, 0, 0, 0, 0, 0, 0, 0, 0, 0, 0, 0, 0, 0], "left_behind": ["egg", "egg", "turd", "turd", "egg", "egg", "turd", "turd", "egg", "egg", "plain", "plain", "plain", "egg", "plain", "plain", "egg", "egg", "turd", "plain", "egg", "egg", "turd", "plain", "egg", "egg", "plain", "turd", "plain", "plain", "turd", "plain", "egg", "egg", "plain", "plain", "egg", "egg", "plain", "plain", "egg", "egg", "plain", "plain", "egg", "egg", "plain", "plain", "plain", "egg", "plain", "plain", "egg", "egg", "plain", "plain", "plain", "egg", "plain", "plain", "egg", "egg", "plain", "plain", "egg", "plain", "plain", "plain", "egg", "plain", "plain", "plain", "plain", "plain", "plain", "plain", "egg", "plain", "plain", "plain"], "errlog_a": "", "errlog_b": "", "start_time": 360, "start_moves": 40, "turn_count": 80, "result": 1, "reason": "EGGS_LAID", "trapdoors": [[5, 3], [3, 2]], "spawn_a": [3, 7], "spawn_b": [3, 0]}