{"pos": [[3, 0], [1, 7], [4, 0], [0, 7], [5, 0], [0, 6], [6, 0], [0, 5], [7, 0], [1, 5], [7, 1], [1, 4], [7, 0], [2, 4], [7, 1], [3, 4], [7, 2], [3, 7], [7, 3], [4, 7], [7, 2], [5, 7], [6, 2], [6, 7], [6, 1], [7, 7], [5, 1], [7, 6], [5, 0], [7, 5], [5, 1], [7, 4], [5, 2], [6, 4], [5, 3], [6, 3], [3, 0], [6, 4], [3, 1], [5, 4], [3, 0], [4, 4], [4, 0], [4, 5], [4, 1], [3, 5], [4, 2], [2, 5], [4, 1], [2, 4], [4, 2], [2, 3], [3, 2], [2, 2], [3, 3], [2, 1]], "a_eggs_laid": [1, 1, 1, 1, 2, 2, 2, 2, 3, 3, 3, 3, 4, 4, 4, 4, 8, 8, 8, 8, 9, 9, 9, 9, 10, 10, 10, 10, 11, 11, 11, 11, 11, 11, 11, 11, 11, 11, 11, 11, 12, 12, 12, 12, 12, 12, 12, 12, 13, 13, 13, 13, 13, 13, 13, 13], "b_eggs_laid": [0, 1, 1, 1, 1, 4, 4, 4, 4, 5, 5, 5, 5, 6, 6, 6, 6, 6, 6, 6, 6, 7, 7, 7, 7, 8, 8, 8, 8, 9, 9, 9, 9, 10, 10, 14, 14, 15, 15, 15, 15, 16, 16, 16, 16, 17, 17, 17, 17, 18, 18, 18, 18, 19, 19, 21], "a_turds_left": [5, 5, 4, 4, 4, 4, 3, 3, 3, 3, 2, 2, 2, 2, 2, 2, 2, 2, 1, 1, 1, 1, 1, 1, 1, 1, 0, 0, 0, 0, 0, 0, 0, 0, 0, 0, 0, 0, 0, 0, 0, 0, 0, 0, 0, 0, 0, 0, 0, 0, 0, 0, 0, 0, 0, 0], "b_turds_left": [5, 5, 5, 5, 5, 5, 5, 5, 5, 5, 5, 5, 5, 5, 5, 4, 4, 4, 4, 4, 4, 4, 4, 4, 4, 4, 4, 4, 4, 4, 4, 4, 4, 4, 4, 4, 4, 4, 4, 4, 4, 4, 4, 3, 3, 3, 3, 2, 2, 2, 2, 2, 2, 2, 2, 1], "a_time_left": [359.9998727925122, 359.9998727925122, 359.99890904314816, 359.99890904314816, 359.99862528964877, 359.99862528964877, 359.99854199774563, 359.99854199774563, 359.99830162525177, 359.99830162525177, 359.9982143752277, 359.9982143752277, 359.99779154360294, 359.99779154360294, 359.9976981263608, 359.9976981263608, 359.9973969589919, 359.9973969589919, 359.9973077904433, 359.9973077904433, 359.99722445756197, 359.99722445756197, 359.99711433425546, 359.99711433425546, 359.99702775105834, 359.99702775105834, 359.9969399590045, 359.9969399590045, 359.99686129018664, 359.99686129018664, 359.99674353934824, 359.99674353934824, 359.9966524131596, 359.9966524131596, 359.99656058102846, 359.99656058102846, 359.99643678963184, 359.99643678963184, 359.9963678326458, 359.9963678326458, 359.9962913747877, 359.9962913747877, 359.9962223749608, 359.9962223749608, 359.99591375142336, 359.99591375142336, 359.99581954441965, 359.99581954441965, 359.99533791840076, 359.99533791840076, 359.99525308795273, 359.99525308795273, 359.9951601717621, 359.9951601717621, 359.9950916711241, 359.9950916711241], "b_time_left": [360, 356.73025958426297, 356.73025958426297, 347.1625054180622, 347.1625054180622, 345.35846254229546, 345.35846254229546, 329.94398683309555, 329.94398683309555, 326.30471654236317, 326.30471654236317, 284.97690620832145, 284.97690620832145, 279.83184683322906, 279.83184683322906, 225.58893016912043, 225.58893016912043, 223.19859137758613, 223.19859137758613, 220.38298287801445, 220.38298287801445, 218.32209583744407, 218.32209583744407, 215.9367544632405, 215.9367544632405, 214.32264254800975, 214.32264254800975, 212.38394621387124, 212.38394621387124, 210.95426367223263, 210.95426367223263, 206.584277337417, 206.584277337417, 205.70674050226808, 205.70674050226808, 200.15168037824333, 200.15168037824333, 199.43850358575583, 199.43850358575583, 193.8346353378147, 193.8346353378147, 192.32613608799875, 192.32613608799875, 189.62664350494742, 189.62664350494742, 188.15230737999082, 188.15230737999082, 186.4037870466709, 186.4037870466709, 185.65879729762673, 185.65879729762673, 185.33385859057307, 185.33385859057307, 185.00523125752807, 185.00523125752807, 184.53442079760134], "a_moves_left": [39, 39, 38, 38, 37, 37, 36, 36, 35, 35, 34, 34, 33, 33, 32, 32, 31, 31, 30, 30, 29, 29, 28, 28, 27, 27, 26, 26, 25, 25, 24, 24, 23, 23, 22, 22, 21, 21, 20, 20, 19, 19, 18, 18, 17, 17, 16, 16, 15, 15, 14, 14, 13, 13, 12, 12], "b_moves_left": [40, 39, 39, 38, 38, 37, 37, 36, 36, 35, 35, 34, 34, 33, 33, 32, 32, 31, 31, 30, 30, 29, 29, 28, 28, 27, 27, 26, 26, 25, 25, 24, 24, 23, 23, 22, 22, 21, 21, 20, 20, 19, 19, 18, 18, 17, 17, 16, 16, 15, 15, 14, 14, 13, 13, 12], "trapdoor_triggered": [0, 0, 0, 0, 0, 0, 0, 0, 0, 0, 0, 0, 0, 0, 0, 1, 0, 0, 0, 0, 0, 0, 0, 0, 0, 0, 0, 0, 0, 0, 0, 0, 0, 0, 1, 0, 0, 0, 0, 0, 0, 0, 0, 0, 0, 0, 0, 0, 0, 0, 0, 0, 0, 0, 0, 0], "left_behind": ["egg", "egg", "turd", "plain", "egg", "egg", "turd", "plain", "egg", "egg", "turd", "plain", "egg", "egg", "plain", "turd", "plain", "plain", "turd", "plain", "egg", "egg", "plain", "plain", "egg", "egg", "turd", "plain", "egg", "egg", "plain", "plain", "plain", "egg", "plain", "plain", "plain", "egg", "plain", "plain", "egg", "egg", "plain", "turd", "plain", "egg", "plain", "turd", "egg", "egg", "plain", "plain", "plain", "egg", "plain", "turd"], "errlog_a": "", "errlog_b": "", "start_time": 360, "start_moves": 40, "turn_count": 56, "result": 1, "reason": "BLOCKING_END", "trapdoors": [[5, 3], [3, 4]], "spawn_a": [2, 0], "spawn_b": [2, 7]}