{"pos": [[0, 1], [6, 2], [0, 0], [5, 2], [1, 0], [4, 2], [2, 0], [3, 2], [3, 0], [3, 3], [4, 0], [2, 3], [5, 0], [2, 4], [6, 0], [7, 3], [7, 0], [7, 4], [7, 1], [7, 5], [7, 0], [7, 6], [6, 0], [7, 7], [5, 0], [6, 7], [4, 0], [5, 7], [3, 0], [4, 7], [2, 0], [3, 7], [2, 1], [2, 7], [1, 1], [1, 7], [1, 0], [0, 7], [1, 1], [0, 6], [1, 2], [1, 6], [1, 3], [1, 5], [1, 2], [1, 4], [1, 3], [0, 4], [1, 2], [0, 3], [1, 1], [0, 4], [1, 0], [0, 5], [2, 0], [0, 6], [3, 0], [1, 6], [4, 0], [2, 6], [5, 0], [3, 6], [6, 0], [4, 6], [7, 0], [5, 6], [7, 1], [5, 5], [7, 0], [5, 4], [7, 1], [5, 3], [7, 0], [6, 3], [7, 1], [6, 2], [7, 0], [6, 1], [7, 1], [6, 2]], "a_eggs_laid": [1, 1, 1, 1, 4, 4, 4, 4, 5, 5, 5, 5, 6, 6, 10, 10, 11, 11, 11, 11, 12, 12, 12, 12, 12, 12, 12, 12, 12, 12, 12, 12, 12, 12, 12, 12, 13, 13, 13, 13, 13, 13, 13, 13, 14, 14, 14, 14, 14, 14, 14, 14, 14, 14, 14, 14, 14, 14, 14, 14, 14, 14, 14, 14, 14, 14, 14, 14, 14, 14, 14, 14, 14, 14, 14, 14, 14, 14, 14, 14], "b_eggs_laid": [0, 1, 1, 1, 1, 1, 1, 1, 1, 1, 1, 1, 1, 2, 2, 2, 2, 2, 2, 3, 3, 3, 3, 4, 4, 4, 4, 5, 5, 5, 5, 6, 6, 6, 6, 7, 7, 7, 7, 10, 10, 10, 10, 11, 11, 11, 11, 12, 12, 12, 12, 13, 13, 13, 13, 14, 14, 14, 14, 14, 14, 14, 14, 15, 15, 15, 15, 16, 16, 16, 16, 17, 17, 17, 17, 18, 18, 18, 18, 19], "a_turds_left": [5, 5, 4, 4, 4, 4, 3, 3, 3, 3, 2, 2, 2, 2, 1, 1, 1, 1, 0, 0, 0, 0, 0, 0, 0, 0, 0, 0, 0, 0, 0, 0, 0, 0, 0, 0, 0, 0, 0, 0, 0, 0, 0, 0, 0, 0, 0, 0, 0, 0, 0, 0, 0, 0, 0, 0, 0, 0, 0, 0, 0, 0, 0, 0, 0, 0, 0, 0, 0, 0, 0, 0, 0, 0, 0, 0, 0, 0, 0, 0], "b_turds_left": [5, 5, 5, 4, 4, 3, 3, 2, 2, 1, 1, 0, 0, 0, 0, 0, 0, 0, 0, 0, 0, 0, 0, 0, 0, 0, 0, 0, 0, 0, 0, 0, 0, 0, 0, 0, 0, 0, 0, 0, 0, 0, 0, 0, 0, 0, 0, 0, 0, 0, 0, 0, 0, 0, 0, 0, 0, 0, 0, 0, 0, 0, 0, 0, 0, 0, 0, 0, 0, 0, 0, 0, 0, 0, 0, 0, 0, 0, 0, 0], "a_time_left": [359.99988762661815, 359.99988762661815, 359.9988407511264, 359.9988407511264, 359.998574083671, 359.998574083671, 359.99813612923026, 359.99813612923026, 359.9972218815237, 359.9972218815237, 359.99683758988976, 359.99683758988976, 359.9958925060928, 359.9958925060928, 359.99580088071525, 359.99580088071525, 359.9957195483148, 359.9957195483148, 359.9956513401121, 359.9956513401121, 359.9955881740898, 359.9955881740898, 359.9955228418112, 359.9955228418112, 359.99544642306864, 359.99544642306864, 359.9953788407147, 359.9953788407147, 359.9953091721982, 359.9953091721982, 359.9952422566712, 359.9952422566712, 359.995152881369, 359.995152881369, 359.9950795471668, 359.9950795471668, 359.9950108807534, 359.9950108807534, 359.9949464201927, 359.9949464201927, 359.9948761276901, 359.9948761276901, 359.9948117118329, 359.9948117118329, 359.99474779330194, 359.99474779330194, 359.9946879185736, 359.9946879185736, 359.9946146681905, 359.9946146681905, 359.99455812573433, 359.99455812573433, 359.9944958332926, 359.9944958332926, 359.99442754127085, 359.99442754127085, 359.9943683743477, 359.9943683743477, 359.994308706373, 359.994308706373, 359.99424829147756, 359.99424829147756, 359.99418979138136, 359.99418979138136, 359.99412620812654, 359.99412620812654, 359.994069788605, 359.994069788605, 359.99400358088315, 359.99400358088315, 359.9939382057637, 359.9939382057637, 359.99387791380286, 359.99387791380286, 359.993805622682, 359.993805622682, 359.9937447886914, 359.9937447886914, 359.99368941411376, 359.99368941411376], "b_time_left": [360, 340.6407529171556, 340.6407529171556, 296.3295017089695, 296.3295017089695, 261.9787777084857, 261.9787777084857, 253.16274891607463, 253.16274891607463, 241.83580233342946, 241.83580233342946, 236.44022566825151, 236.44022566825151, 235.9220220837742, 235.9220220837742, 235.78171616606414, 235.78171616606414, 235.53468487411737, 235.53468487411737, 235.3912252485752, 235.3912252485752, 235.0904043316841, 235.0904043316841, 234.8741872496903, 234.8741872496903, 234.67533349990845, 234.67533349990845, 234.48202212527394, 234.48202212527394, 234.3190237917006, 234.3190237917006, 234.21771012432873, 234.21771012432873, 234.13138299807906, 234.13138299807906, 234.05654641613364, 234.05654641613364, 234.00147395581007, 234.00147395581007, 233.94287041388452, 233.94287041388452, 233.7135634534061, 233.7135634534061, 233.57693828642368, 233.57693828642368, 233.4314677864313, 233.4314677864313, 233.41103141009808, 233.41103141009808, 233.24136582762003, 233.24136582762003, 233.19363478571177, 233.19363478571177, 232.91420049406588, 232.91420049406588, 232.84151224419475, 232.84151224419475, 232.66829053498805, 232.66829053498805, 232.5105767864734, 232.5105767864734, 232.08278862014413, 232.08278862014413, 231.84292345307767, 231.84292345307767, 231.62642774358392, 231.62642774358392, 231.4960252866149, 231.4960252866149, 231.20629620179534, 231.20629620179534, 231.1139834523201, 231.1139834523201, 230.98750820197165, 230.98750820197165, 230.93705291114748, 230.93705291114748, 230.8930751606822, 230.8930751606822, 230.87179045192897], "a_moves_left": [39, 39, 38, 38, 37, 37, 36, 36, 35, 35, 34, 34, 33, 33, 32, 32, 31, 31, 30, 30, 29, 29, 28, 28, 27, 27, 26, 26, 25, 25, 24, 24, 23, 23, 22, 22, 21, 21, 20, 20, 19, 19, 18, 18, 17, 17, 16, 16, 15, 15, 14, 14, 13, 13, 12, 12, 11, 11, 10, 10, 9, 9, 8, 8, 7, 7, 6, 6, 5, 5, 4, 4, 3, 3, 2, 2, 1, 1, 0, 0], "b_moves_left": [40, 39, 39, 38, 38, 37, 37, 36, 36, 35, 35, 34, 34, 33, 33, 32, 32, 31, 31, 30, 30, 29, 29, 28, 28, 27, 27, 26, 26, 25, 25, 24, 24, 23, 23, 22, 22, 21, 21, 20, 20, 19, 19, 18, 18, 17, 17, 16, 16, 15, 15, 14, 14, 13, 13, 12, 12, 11, 11, 10, 10, 9, 9, 8, 8, 7, 7, 6, 6, 5, 5, 4, 4, 3, 3, 2, 2, 1, 1, 0], "trapdoor_triggered": [0, 0, 0, 0, 0, 0, 0, 0, 0, 0, 0, 0, 0, 1, 0, 0, 0, 0, 0, 0, 0, 0, 0, 0, 0, 0, 0, 0, 0, 0, 0, 0, 0, 0, 0, 0, 0, 0, 0, 0, 0, 0, 0, 0, 0, 0, 0, 0, 0, 0, 0, 0, 0, 0, 0, 0, 0, 0, 0, 0, 0, 0, 0, 0, 0, 0, 0, 0, 0, 0, 0, 0, 0, 0, 0, 0, 0, 0, 0, 0], "left_behind": ["egg", "egg", "turd", "turd", "egg", "turd", "turd", "turd", "egg", "turd", "turd", "turd", "egg", "egg", "turd", "plain", "egg", "plain", "turd", "egg", "egg", "plain", "plain", "egg", "plain", "plain", "plain", "egg", "plain", "plain", "plain", "egg", "plain", "plain", "plain", "egg", "egg", "plain", "plain", "egg", "plain", "plain", "plain", "egg", "egg", "plain", "plain", "egg", "plain", "plain", "plain", "egg", "plain", "plain", "plain", "egg", "plain", "plain", "plain", "plain", "plain", "plain", "plain", "egg", "plain", "plain", "plain", "egg", "plain", "plain", "plain", "egg", "plain", "plain", "plain", "egg", "plain", "plain", "plain", "egg"], "errlog_a": "", "errlog_b": "", "start_time": 360, "start_moves": 40, "turn_count": 80, "result": 1, "reason": "EGGS_LAID", "trapdoors": [[2, 4], [4, 3]], "spawn_a": [0, 2], "spawn_b": [7, 2]}