{"pos": [[5, 0], [5, 7], [6, 0], [6, 7], [7, 0], [7, 7], [7, 1], [7, 6], [7, 0], [6, 6], [7, 1], [6, 5], [7, 2], [6, 4], [7, 3], [7, 4], [7, 2], [7, 5], [6, 2], [6, 5], [6, 1], [6, 6], [5, 1], [6, 7], [5, 0], [7, 7], [5, 1], [7, 6], [5, 2], [6, 6], [5, 3], [5, 6], [5, 2], [4, 6], [4, 2], [3, 6], [4, 1], [2, 6], [3, 1], [1, 6], [3, 0], [0, 6], [2, 0], [0, 5], [3, 0], [0, 4], [3, 1], [0, 3], [3, 2], [0, 2], [3, 3], [0, 1], [4, 1], [0, 0], [4, 2], [1, 0], [4, 3], [1, 1], [4, 4], [2, 1], [4, 3], [2, 2], [4, 4], [1, 2], [3, 4], [1, 3], [4, 1], [1, 4], [4, 2], [1, 5], [3, 2], [1, 6], [2, 2], [1, 7], [3, 2], [0, 7], [2, 2], [0, 6], [2, 3], [0, 5]], "a_eggs_laid": [1, 1, 1, 1, 2, 2, 2, 2, 3, 3, 3, 3, 3, 3, 3, 3, 4, 4, 4, 4, 5, 5, 5, 5, 6, 6, 6, 6, 6, 6, 6, 6, 7, 7, 7, 7, 8, 8, 8, 8, 9, 9, 9, 9, 10, 10, 10, 10, 10, 10, 10, 10, 10, 10, 10, 10, 10, 10, 10, 10, 11, 11, 11, 11, 11, 11, 11, 11, 11, 11, 11, 11, 11, 11, 12, 12, 12, 12, 12, 12], "b_eggs_laid": [0, 1, 1, 1, 1, 2, 2, 2, 2, 3, 3, 3, 3, 4, 4, 4, 4, 5, 5, 5, 5, 5, 5, 5, 5, 5, 5, 5, 5, 5, 5, 5, 5, 6, 6, 6, 6, 7, 7, 7, 7, 8, 8, 8, 8, 9, 9, 9, 9, 10, 10, 14, 14, 15, 15, 15, 15, 16, 16, 16, 16, 17, 17, 17, 17, 22, 22, 22, 22, 23, 23, 23, 23, 23, 23, 23, 23, 26, 26, 26], "a_turds_left": [5, 5, 4, 4, 4, 4, 3, 3, 3, 3, 3, 3, 3, 3, 2, 2, 2, 2, 2, 2, 2, 2, 1, 1, 1, 1, 1, 1, 1, 1, 0, 0, 0, 0, 0, 0, 0, 0, 0, 0, 0, 0, 0, 0, 0, 0, 0, 0, 0, 0, 0, 0, 0, 0, 0, 0, 0, 0, 0, 0, 0, 0, 0, 0, 0, 0, 0, 0, 0, 0, 0, 0, 0, 0, 0, 0, 0, 0, 0, 0], "b_turds_left": [5, 5, 5, 5, 5, 5, 5, 4, 4, 4, 4, 3, 3, 3, 3, 2, 2, 2, 2, 2, 2, 2, 2, 2, 2, 2, 2, 2, 2, 2, 2, 2, 2, 2, 2, 1, 1, 1, 1, 1, 1, 1, 1, 1, 1, 1, 1, 0, 0, 0, 0, 0, 0, 0, 0, 0, 0, 0, 0, 0, 0, 0, 0, 0, 0, 0, 0, 0, 0, 0, 0, 0, 0, 0, 0, 0, 0, 0, 0, 0], "a_time_left": [359.99988270923495, 359.99988270923495, 359.9997745845467, 359.9997745845467, 359.9996855445206, 359.9996855445206, 359.99960712715983, 359.99960712715983, 359.9995170030743, 359.9995170030743, 359.99940604530275, 359.99940604530275, 359.9993085861206, 359.9993085861206, 359.99921833351254, 359.99921833351254, 359.9991386253387, 359.9991386253387, 359.99905104003847, 359.99905104003847, 359.9989648759365, 359.9989648759365, 359.99888137727976, 359.99888137727976, 359.9987786281854, 359.9987786281854, 359.9986574202776, 359.9986574202776, 359.99857604317367, 359.99857604317367, 359.99848079122603, 359.99848079122603, 359.99839954450727, 359.99839954450727, 359.9983244612813, 359.9983244612813, 359.99824104458094, 359.99824104458094, 359.9981580860913, 359.9981580860913, 359.9980721306056, 359.9980721306056, 359.99799346737564, 359.99799346737564, 359.9979123007506, 359.9979123007506, 359.9978467579931, 359.9978467579931, 359.9977498818189, 359.9977498818189, 359.9976348821074, 359.9976348821074, 359.9975619241595, 359.9975619241595, 359.9974959231913, 359.9974959231913, 359.99742429703474, 359.99742429703474, 359.99736004695296, 359.99736004695296, 359.9972885455936, 359.9972885455936, 359.99722346290946, 359.99722346290946, 359.9971513785422, 359.9971513785422, 359.9970849622041, 359.9970849622041, 359.99702233821154, 359.99702233821154, 359.99695717170835, 359.99695717170835, 359.9968955479562, 359.9968955479562, 359.99683513119817, 359.99683513119817, 359.996777465567, 359.996777465567, 359.99671905115247, 359.99671905115247], "b_time_left": [360, 347.39135208167136, 347.39135208167136, 336.45205291360617, 336.45205291360617, 333.41257837228477, 333.41257837228477, 328.0806217882782, 328.0806217882782, 325.50076062232256, 325.50076062232256, 316.1665900833905, 316.1665900833905, 312.7524012904614, 312.7524012904614, 307.8351127076894, 307.8351127076894, 307.23717708326876, 307.23717708326876, 305.32315895706415, 305.32315895706415, 303.5853236205876, 303.5853236205876, 296.8588960804045, 296.8588960804045, 296.5026777461171, 296.5026777461171, 295.4595452900976, 295.4595452900976, 294.0186195373535, 294.0186195373535, 292.06030208058655, 292.06030208058655, 289.9418837465346, 289.9418837465346, 283.9368414953351, 283.9368414953351, 281.17095232754946, 281.17095232754946, 278.6086654532701, 278.6086654532701, 276.89066553488374, 276.89066553488374, 276.274810615927, 276.274810615927, 275.54970766045153, 275.54970766045153, 274.59292791225016, 274.59292791225016, 274.428187077865, 274.428187077865, 274.25721812061965, 274.25721812061965, 274.1982321627438, 274.1982321627438, 274.1597363706678, 274.1597363706678, 274.10694837011397, 274.10694837011397, 273.7938179112971, 273.7938179112971, 273.74374082684517, 273.74374082684517, 273.4562454074621, 273.4562454074621, 273.39095003157854, 273.39095003157854, 273.2631397396326, 273.2631397396326, 273.19637990929186, 273.19637990929186, 272.9498086180538, 272.9498086180538, 272.8412054516375, 272.8412054516375, 272.76702057383955, 272.76702057383955, 272.7368590347469, 272.7368590347469, 272.70525782741606], "a_moves_left": [39, 39, 38, 38, 37, 37, 36, 36, 35, 35, 34, 34, 33, 33, 32, 32, 31, 31, 30, 30, 29, 29, 28, 28, 27, 27, 26, 26, 25, 25, 24, 24, 23, 23, 22, 22, 21, 21, 20, 20, 19, 19, 18, 18, 17, 17, 16, 16, 15, 15, 14, 14, 13, 13, 12, 12, 11, 11, 10, 10, 9, 9, 8, 8, 7, 7, 6, 6, 5, 5, 4, 4, 3, 3, 2, 2, 1, 1, 0, 0], "b_moves_left": [40, 39, 39, 38, 38, 37, 37, 36, 36, 35, 35, 34, 34, 33, 33, 32, 32, 31, 31, 30, 30, 29, 29, 28, 28, 27, 27, 26, 26, 25, 25, 24, 24, 23, 23, 22, 22, 21, 21, 20, 20, 19, 19, 18, 18, 17, 17, 16, 16, 15, 15, 14, 14, 13, 13, 12, 12, 11, 11, 10, 10, 9, 9, 8, 8, 7, 7, 6, 6, 5, 5, 4, 4, 3, 3, 2, 2, 1, 1, 0], "trapdoor_triggered": [0, 0, 0, 0, 0, 0, 0, 0, 0, 0, 0, 0, 0, 0, 0, 0, 0, 0, 0, 0, 0, 0, 0, 0, 0, 0, 0, 0, 0, 0, 0, 0, 0, 0, 0, 0, 0, 0, 0, 0, 0, 0, 0, 0, 0, 0, 0, 0, 0, 0, 1, 0, 0, 0, 0, 0, 0, 0, 0, 0, 0, 0, 0, 0, 1, 0, 0, 0, 0, 0, 0, 0, 0, 0, 0, 0, 0, 0, 0, 0], "left_behind": ["egg", "egg", "turd", "plain", "egg", "egg", "turd", "turd", "egg", "egg", "plain", "turd", "plain", "egg", "turd", "turd", "egg", "egg", "plain", "plain", "egg", "plain", "turd", "plain", "egg", "plain", "plain", "plain", "plain", "plain", "turd", "plain", "egg", "egg", "plain", "turd", "egg", "egg", "plain", "plain", "egg", "egg", "plain", "plain", "egg", "egg", "plain", "turd", "plain", "egg", "plain", "plain", "plain", "egg", "plain", "plain", "plain", "egg", "plain", "plain", "egg", "egg", "plain", "plain", "plain", "egg", "plain", "plain", "plain", "egg", "plain", "plain", "plain", "plain", "egg", "plain", "plain", "egg", "plain", "plain"], "errlog_a": "", "errlog_b": "", "start_time": 360, "start_moves": 40, "turn_count": 80, "result": 1, "reason": "EGGS_LAID", "trapdoors": [[3, 3], [3, 4]], "spawn_a": [4, 0], "spawn_b": [4, 7]}