{"pos": [[0, 1], [6, 2], [0, 0], [6, 3], [1, 0], [5, 3], [2, 0], [4, 3], [3, 0], [7, 1], [4, 0], [7, 0], [5, 0], [6, 0], [5, 1], [5, 0], [6, 1], [6, 0], [7, 1], [6, 1]], "a_eggs_laid": [1, 1, 1, 1, 4, 4, 4, 4, 9, 9, 9, 9, 10, 10, 10, 10, 11, 11, 11, 11], "b_eggs_laid": [0, 1, 1, 1, 1, 2, 2, 2, 2, 2, 2, 2, 2, 5, 5, 5, 5, 6, 6, 8], "a_turds_left": [5, 5, 4, 4, 4, 4, 3, 3, 3, 3, 2, 2, 2, 2, 2, 2, 2, 2, 2, 2], "b_turds_left": [5, 5, 5, 5, 5, 5, 5, 4, 4, 4, 4, 4, 4, 4, 4, 4, 4, 4, 4, 4], "a_time_left": [359.9998653754592, 359.9998653754592, 359.9997237492353, 359.9997237492353, 359.99895504303277, 359.99895504303277, 359.99834525212646, 359.99834525212646, 359.99808533489704, 359.99808533489704, 359.99800604209304, 359.99800604209304, 359.99792108125985, 359.99792108125985, 359.9978437907994, 359.9978437907994, 359.99776087515056, 359.99776087515056, 359.9976878333837, 359.9976878333837], "b_time_left": [360, 352.64553374797106, 352.64553374797106, 328.630607040599, 328.630607040599, 323.26700545847416, 323.26700545847416, 243.07146079279482, 243.07146079279482, 241.31012300215662, 241.31012300215662, 240.70714854449034, 240.70714854449034, 240.56230495870113, 240.56230495870113, 239.81931549869478, 239.81931549869478, 239.79119628854096, 239.79119628854096, 237.69300899654627], "a_moves_left": [39, 39, 38, 38, 37, 37, 36, 36, 35, 35, 34, 34, 33, 33, 32, 32, 31, 31, 30, 30], "b_moves_left": [40, 39, 39, 38, 38, 37, 37, 36, 36, 35, 35, 34, 34, 33, 33, 32, 32, 31, 31, 30], "trapdoor_triggered": [0, 0, 0, 0, 0, 0, 0, 1, 0, 0, 0, 0, 0, 0, 0, 0, 0, 0, 0, 0], "left_behind": ["egg", "egg", "turd", "plain", "egg", "egg", "turd", "turd", "egg", "plain", "turd", "plain", "egg", "egg", "plain", "plain", "egg", "egg", "plain", "plain"], "errlog_a": "", "errlog_b": "", "start_time": 360, "start_moves": 40, "turn_count": 20, "result": 0, "reason": "BLOCKING_END", "trapdoors": [[3, 3], [4, 3]], "spawn_a": [0, 2], "spawn_b": [7, 2]}