{"pos": [[3, 6], [3, 1], [3, 5], [4, 1], [3, 4], [5, 1], [4, 4], [5, 2], [4, 3], [5, 3], [3, 3], [6, 3], [3, 4], [6, 2], [3, 5], [5, 2], [2, 5], [5, 1], [1, 5], [4, 1], [1, 4], [3, 1], [2, 4], [2, 1], [2, 5], [2, 0], [3, 5], [3, 0], [4, 5], [3, 1], [4, 6], [4, 1], [3, 6], [5, 1], [3, 5], [6, 1], [2, 5], [6, 2], [2, 6], [6, 3], [3, 6], [5, 3], [3, 5], [5, 2], [2, 5], [6, 2], [1, 5], [6, 1], [1, 6], [5, 1], [2, 6], [5, 2], [2, 5], [6, 2], [3, 5], [6, 1], [4, 5], [5, 1], [5, 5], [5, 2], [5, 6], [6, 2], [4, 6], [6, 1], [4, 5], [5, 1], [3, 5], [5, 2], [2, 5], [6, 2], [1, 5], [6, 1], [1, 6], [5, 1], [2, 6], [5, 2], [2, 5], [6, 2], [1, 5], [6, 1]], "a_eggs_laid": [1, 1, 1, 1, 2, 2, 2, 2, 3, 3, 3, 3, 4, 4, 4, 4, 4, 4, 4, 4, 5, 5, 5, 5, 6, 6, 6, 6, 6, 6, 6, 6, 7, 7, 7, 7, 7, 7, 7, 7, 8, 8, 8, 8, 8, 8, 8, 8, 8, 8, 8, 8, 8, 8, 8, 8, 8, 8, 8, 8, 9, 9, 9, 9, 9, 9, 9, 9, 9, 9, 9, 9, 9, 9, 9, 9, 9, 9, 9, 9], "b_eggs_laid": [0, 1, 1, 1, 1, 2, 2, 2, 2, 3, 3, 3, 3, 4, 4, 4, 4, 4, 4, 4, 4, 4, 4, 4, 4, 5, 5, 5, 5, 5, 5, 5, 5, 5, 5, 5, 5, 6, 6, 6, 6, 6, 6, 6, 6, 6, 6, 6, 6, 6, 6, 6, 6, 6, 6, 6, 6, 6, 6, 6, 6, 6, 6, 6, 6, 6, 6, 6, 6, 6, 6, 6, 6, 6, 6, 6, 6, 6, 6, 6], "a_turds_left": [5, 5, 4, 4, 4, 4, 3, 3, 3, 3, 3, 3, 3, 3, 3, 3, 3, 3, 2, 2, 2, 2, 1, 1, 1, 1, 1, 1, 1, 1, 0, 0, 0, 0, 0, 0, 0, 0, 0, 0, 0, 0, 0, 0, 0, 0, 0, 0, 0, 0, 0, 0, 0, 0, 0, 0, 0, 0, 0, 0, 0, 0, 0, 0, 0, 0, 0, 0, 0, 0, 0, 0, 0, 0, 0, 0, 0, 0, 0, 0], "b_turds_left": [5, 5, 5, 4, 4, 4, 4, 3, 3, 3, 3, 2, 2, 2, 2, 1, 1, 1, 1, 1, 1, 1, 1, 1, 1, 1, 1, 0, 0, 0, 0, 0, 0, 0, 0, 0, 0, 0, 0, 0, 0, 0, 0, 0, 0, 0, 0, 0, 0, 0, 0, 0, 0, 0, 0, 0, 0, 0, 0, 0, 0, 0, 0, 0, 0, 0, 0, 0, 0, 0, 0, 0, 0, 0, 0, 0, 0, 0, 0, 0], "a_time_left": [359.9997796677053, 359.9997796677053, 359.99950758367777, 359.99950758367777, 359.99915933422744, 359.99915933422744, 359.9989405851811, 359.9989405851811, 359.998720921576, 359.998720921576, 359.9985442124307, 359.9985442124307, 359.9984100032598, 359.9984100032598, 359.99804487638175, 359.99804487638175, 359.99782000109553, 359.99782000109553, 359.9976258352399, 359.9976258352399, 359.9974260441959, 359.9974260441959, 359.9972393363714, 359.9972393363714, 359.9970385041088, 359.9970385041088, 359.99685096368194, 359.99685096368194, 359.9966624621302, 359.9966624621302, 359.9964689221233, 359.9964689221233, 359.99629084020853, 359.99629084020853, 359.99609750695527, 359.99609750695527, 359.9958947580308, 359.9958947580308, 359.99570817500353, 359.99570817500353, 359.995420422405, 359.995420422405, 359.9952367134392, 359.9952367134392, 359.9949305895716, 359.9949305895716, 359.9947580900043, 359.9947580900043, 359.99458509124815, 359.99458509124815, 359.9944185484201, 359.9944185484201, 359.99423229694366, 359.99423229694366, 359.9940495453775, 359.9940495453775, 359.9938641283661, 359.9938641283661, 359.9936892092228, 359.9936892092228, 359.9935359619558, 359.9935359619558, 359.99335675500333, 359.99335675500333, 359.99317283928394, 359.99317283928394, 359.9929782561958, 359.9929782561958, 359.99279371649027, 359.99279371649027, 359.9926146324724, 359.9926146324724, 359.99244096688926, 359.99244096688926, 359.99227358959615, 359.99227358959615, 359.99209163337946, 359.99209163337946, 359.9919087588787, 359.9919087588787], "b_time_left": [360, 359.9997856244445, 359.9997856244445, 359.99958850070834, 359.99958850070834, 359.9993937499821, 359.9993937499821, 359.99918887391686, 359.99918887391686, 359.9989957883954, 359.9989957883954, 359.99879132956266, 359.99879132956266, 359.9981974530965, 359.9981974530965, 359.99797137081623, 359.99797137081623, 359.9977601636201, 359.9977601636201, 359.9975605811924, 359.9975605811924, 359.99736729077995, 359.99736729077995, 359.9972026254982, 359.9972026254982, 359.9969948735088, 359.9969948735088, 359.9968440812081, 359.9968440812081, 359.99668516404927, 359.99668516404927, 359.9965157881379, 359.9965157881379, 359.99634353630245, 359.99634353630245, 359.9961552452296, 359.9961552452296, 359.9959597028792, 359.9959597028792, 359.99578486941755, 359.99578486941755, 359.99558895267546, 359.99558895267546, 359.9954115767032, 359.9954115767032, 359.99525065906346, 359.99525065906346, 359.9950661994517, 359.9950661994517, 359.99487507529557, 359.99487507529557, 359.9947031568736, 359.9947031568736, 359.9945433232933, 359.9945433232933, 359.99434769898653, 359.99434769898653, 359.99415353126824, 359.99415353126824, 359.9939691964537, 359.9939691964537, 359.99380782060325, 359.99380782060325, 359.99361482076347, 359.99361482076347, 359.99341290444136, 359.99341290444136, 359.9932369478047, 359.9932369478047, 359.9930720310658, 359.9930720310658, 359.992891613394, 359.992891613394, 359.99267569743097, 359.99267569743097, 359.9925113655627, 359.9925113655627, 359.9923133254051, 359.9923133254051, 359.99214932508767], "a_moves_left": [39, 39, 38, 38, 37, 37, 36, 36, 35, 35, 34, 34, 33, 33, 32, 32, 31, 31, 30, 30, 29, 29, 28, 28, 27, 27, 26, 26, 25, 25, 24, 24, 23, 23, 22, 22, 21, 21, 20, 20, 19, 19, 18, 18, 17, 17, 16, 16, 15, 15, 14, 14, 13, 13, 12, 12, 11, 11, 10, 10, 9, 9, 8, 8, 7, 7, 6, 6, 5, 5, 4, 4, 3, 3, 2, 2, 1, 1, 0, 0], "b_moves_left": [40, 39, 39, 38, 38, 37, 37, 36, 36, 35, 35, 34, 34, 33, 33, 32, 32, 31, 31, 30, 30, 29, 29, 28, 28, 27, 27, 26, 26, 25, 25, 24, 24, 23, 23, 22, 22, 21, 21, 20, 20, 19, 19, 18, 18, 17, 17, 16, 16, 15, 15, 14, 14, 13, 13, 12, 12, 11, 11, 10, 10, 9, 9, 8, 8, 7, 7, 6, 6, 5, 5, 4, 4, 3, 3, 2, 2, 1, 1, 0], "trapdoor_triggered": [0, 0, 0, 0, 0, 0, 0, 0, 0, 0, 0, 0, 0, 0, 0, 0, 0, 0, 0, 0, 0, 0, 0, 0, 0, 0, 0, 0, 0, 0, 0, 0, 0, 0, 0, 0, 0, 0, 0, 0, 0, 0, 0, 0, 0, 0, 0, 0, 0, 0, 0, 0, 0, 0, 0, 0, 0, 0, 0, 0, 0, 0, 0, 0, 0, 0, 0, 0, 0, 0, 0, 0, 0, 0, 0, 0, 0, 0, 0, 0], "left_behind": ["egg", "egg", "turd", "turd", "egg", "egg", "turd", "turd", "egg", "egg", "plain", "turd", "egg", "egg", "plain", "turd", "plain", "plain", "turd", "plain", "egg", "plain", "turd", "plain", "egg", "egg", "plain", "turd", "plain", "plain", "turd", "plain", "egg", "plain", "plain", "plain", "plain", "egg", "plain", "plain", "egg", "plain", "plain", "plain", "plain", "plain", "plain", "plain", "plain", "plain", "plain", "plain", "plain", "plain", "plain", "plain", "plain", "plain", "plain", "plain", "egg", "plain", "plain", "plain", "plain", "plain", "plain", "plain", "plain", "plain", "plain", "plain", "plain", "plain", "plain", "plain", "plain", "plain", "plain", "plain"], "errlog_a": "", "errlog_b": "", "start_time": 360, "start_moves": 40, "turn_count": 80, "result": 0, "reason": "EGGS_LAID", "trapdoors": [[4, 2], [3, 2]], "spawn_a": [3, 7], "spawn_b": [3, 0]}