{"pos": [[5, 0], [4, 6], [6, 0], [4, 5], [7, 0], [4, 4], [7, 1], [4, 3], [7, 0], [4, 2], [7, 1], [4, 1], [7, 2], [3, 1], [7, 3], [3, 0], [7, 2], [2, 0], [6, 2], [3, 0], [6, 1], [3, 1], [5, 1], [3, 2], [5, 0], [3, 3], [6, 0], [5, 7], [6, 1], [5, 6], [6, 2], [5, 5], [6, 3], [5, 4], [6, 4], [5, 5], [6, 3], [5, 4], [5, 3], [5, 5], [6, 3], [5, 4], [7, 3], [5, 5], [7, 4], [5, 4], [7, 5], [5, 5], [7, 4], [5, 4], [7, 5], [5, 5], [7, 6], [5, 4], [7, 7], [5, 5], [7, 6], [5, 4], [6, 6], [5, 5], [6, 5], [5, 4], [5, 5], [4, 4], [6, 5], [4, 5], [6, 6], [3, 5], [6, 7], [3, 4], [5, 7], [3, 7], [6, 7], [3, 6], [6, 6], [3, 5], [6, 5], [4, 5], [6, 4], [3, 5]], "a_eggs_laid": [1, 1, 1, 1, 2, 2, 2, 2, 3, 3, 3, 3, 3, 3, 3, 3, 4, 4, 4, 4, 5, 5, 5, 5, 6, 6, 10, 10, 10, 10, 10, 10, 10, 10, 10, 10, 11, 11, 11, 11, 12, 12, 12, 12, 12, 12, 12, 12, 13, 13, 13, 13, 13, 13, 13, 13, 16, 16, 16, 16, 17, 17, 17, 17, 18, 18, 18, 18, 18, 18, 22, 22, 23, 23, 23, 23, 23, 23, 23, 23], "b_eggs_laid": [0, 1, 1, 1, 1, 2, 2, 2, 2, 3, 3, 3, 3, 4, 4, 4, 4, 5, 5, 5, 5, 5, 5, 5, 5, 6, 6, 6, 6, 6, 6, 7, 7, 7, 7, 8, 8, 8, 8, 8, 8, 8, 8, 8, 8, 8, 8, 8, 8, 8, 8, 8, 8, 8, 8, 8, 8, 8, 8, 8, 8, 8, 8, 8, 8, 8, 8, 8, 8, 8, 8, 8, 8, 8, 8, 9, 9, 9, 9, 9], "a_turds_left": [5, 5, 4, 4, 4, 4, 3, 3, 3, 3, 3, 3, 3, 3, 2, 2, 2, 2, 2, 2, 2, 2, 1, 1, 1, 1, 1, 1, 1, 1, 1, 1, 1, 1, 0, 0, 0, 0, 0, 0, 0, 0, 0, 0, 0, 0, 0, 0, 0, 0, 0, 0, 0, 0, 0, 0, 0, 0, 0, 0, 0, 0, 0, 0, 0, 0, 0, 0, 0, 0, 0, 0, 0, 0, 0, 0, 0, 0, 0, 0], "b_turds_left": [5, 5, 5, 4, 4, 4, 4, 3, 3, 3, 3, 2, 2, 2, 2, 1, 1, 1, 1, 0, 0, 0, 0, 0, 0, 0, 0, 0, 0, 0, 0, 0, 0, 0, 0, 0, 0, 0, 0, 0, 0, 0, 0, 0, 0, 0, 0, 0, 0, 0, 0, 0, 0, 0, 0, 0, 0, 0, 0, 0, 0, 0, 0, 0, 0, 0, 0, 0, 0, 0, 0, 0, 0, 0, 0, 0, 0, 0, 0, 0], "a_time_left": [359.9998834989965, 359.9998834989965, 359.9997960794717, 359.9997960794717, 359.9997127056122, 359.9997127056122, 359.9996417891234, 359.9996417891234, 359.9995494969189, 359.9995494969189, 359.99947574548423, 359.99947574548423, 359.9994069971144, 359.9994069971144, 359.999337580055, 359.999337580055, 359.99925799667835, 359.99925799667835, 359.99918857961893, 359.99918857961893, 359.99910670518875, 359.99910670518875, 359.99903187155724, 359.99903187155724, 359.998933872208, 359.998933872208, 359.9988678731024, 359.9988678731024, 359.9987765364349, 359.9987765364349, 359.9987049512565, 359.9987049512565, 359.99863232672215, 359.99863232672215, 359.9985502026975, 359.9985502026975, 359.9984800349921, 359.9984800349921, 359.9983118698001, 359.9983118698001, 359.99823099561036, 359.99823099561036, 359.99815636873245, 359.99815636873245, 359.9980823248625, 359.9980823248625, 359.99801253154874, 359.99801253154874, 359.9979452844709, 359.9979452844709, 359.99787820130587, 359.99787820130587, 359.99781741015613, 359.99781741015613, 359.9977572429925, 359.9977572429925, 359.997697615996, 359.997697615996, 359.9976412411779, 359.9976412411779, 359.9975788667798, 359.9975788667798, 359.9974901173264, 359.9974901173264, 359.9974073264748, 359.9974073264748, 359.9973417837173, 359.9973417837173, 359.99728053435683, 359.99728053435683, 359.99721707589924, 359.99721707589924, 359.99715924263, 359.99715924263, 359.9971162006259, 359.9971162006259, 359.99706353247166, 359.99706353247166, 359.9970092829317, 359.9970092829317], "b_time_left": [360, 359.99988833256066, 359.99988833256066, 359.99981483258307, 359.99981483258307, 359.99973266758025, 359.99973266758025, 359.99966166727245, 359.99966166727245, 359.99958041496575, 359.99958041496575, 359.9995100405067, 359.9995100405067, 359.99944478832185, 359.99944478832185, 359.9993657041341, 359.9993657041341, 359.9992942865938, 359.9992942865938, 359.9992255344987, 359.9992255344987, 359.9991639107466, 359.9991639107466, 359.99910620227456, 359.99910620227456, 359.999032702297, 359.999032702297, 359.9989659935236, 359.9989659935236, 359.9989055339247, 359.9989055339247, 359.99884053505957, 359.99884053505957, 359.9987711161375, 359.9987711161375, 359.99869970045984, 359.99869970045984, 359.9980927426368, 359.9980927426368, 359.99800936691463, 359.99800936691463, 359.99793707579374, 359.99793707579374, 359.9978604093194, 359.9978604093194, 359.99779744818807, 359.99779744818807, 359.99772790819407, 359.99772790819407, 359.9976506587118, 359.9976506587118, 359.9975927416235, 359.9975927416235, 359.9975307844579, 359.9975307844579, 359.99746919982135, 359.99746919982135, 359.9974007420242, 359.9974007420242, 359.9973389059305, 359.9973389059305, 359.9971529059112, 359.9971529059112, 359.9969527386129, 359.9969527386129, 359.9968269467354, 359.9968269467354, 359.9967624899, 359.9967624899, 359.99669253081083, 359.99669253081083, 359.9966289456934, 359.9966289456934, 359.9965712353587, 359.9965712353587, 359.99650344252586, 359.99650344252586, 359.99644440226257, 359.99644440226257, 359.99638415314257], "a_moves_left": [39, 39, 38, 38, 37, 37, 36, 36, 35, 35, 34, 34, 33, 33, 32, 32, 31, 31, 30, 30, 29, 29, 28, 28, 27, 27, 26, 26, 25, 25, 24, 24, 23, 23, 22, 22, 21, 21, 20, 20, 19, 19, 18, 18, 17, 17, 16, 16, 15, 15, 14, 14, 13, 13, 12, 12, 11, 11, 10, 10, 9, 9, 8, 8, 7, 7, 6, 6, 5, 5, 4, 4, 3, 3, 2, 2, 1, 1, 0, 0], "b_moves_left": [40, 39, 39, 38, 38, 37, 37, 36, 36, 35, 35, 34, 34, 33, 33, 32, 32, 31, 31, 30, 30, 29, 29, 28, 28, 27, 27, 26, 26, 25, 25, 24, 24, 23, 23, 22, 22, 21, 21, 20, 20, 19, 19, 18, 18, 17, 17, 16, 16, 15, 15, 14, 14, 13, 13, 12, 12, 11, 11, 10, 10, 9, 9, 8, 8, 7, 7, 6, 6, 5, 5, 4, 4, 3, 3, 2, 2, 1, 1, 0], "trapdoor_triggered": [0, 0, 0, 0, 0, 0, 0, 0, 0, 0, 0, 0, 0, 0, 0, 0, 0, 0, 0, 0, 0, 0, 0, 0, 0, 1, 0, 0, 0, 0, 0, 0, 0, 0, 0, 0, 0, 0, 0, 0, 0, 0, 0, 0, 0, 0, 0, 0, 0, 0, 0, 0, 0, 0, 0, 0, 0, 0, 0, 0, 0, 0, 0, 0, 0, 0, 0, 0, 0, 1, 0, 0, 0, 0, 0, 0, 0, 0, 0, 0], "left_behind": ["egg", "egg", "turd", "turd", "egg", "egg", "turd", "turd", "egg", "egg", "plain", "turd", "plain", "egg", "turd", "turd", "egg", "egg", "plain", "turd", "egg", "plain", "turd", "plain", "egg", "egg", "plain", "plain", "plain", "plain", "plain", "egg", "plain", "plain", "turd", "egg", "egg", "plain", "plain", "plain", "egg", "plain", "plain", "plain", "plain", "plain", "plain", "plain", "egg", "plain", "plain", "plain", "plain", "plain", "plain", "plain", "egg", "plain", "plain", "plain", "egg", "plain", "plain", "plain", "egg", "plain", "plain", "plain", "plain", "plain", "plain", "plain", "egg", "plain", "plain", "egg", "plain", "plain", "plain", "plain"], "errlog_a": "", "errlog_b": "", "start_time": 360, "start_moves": 40, "turn_count": 80, "result": 0, "reason": "EGGS_LAID", "trapdoors": [[3, 3], [3, 4]], "spawn_a": [4, 0], "spawn_b": [4, 7]}