{"pos": [[3, 0], [3, 7], [3, 1], [4, 7], [4, 1], [5, 7], [5, 1], [6, 7], [6, 1], [6, 6], [6, 2], [6, 5], [6, 3], [7, 5], [7, 3], [7, 4], [7, 2], [6, 4], [7, 1], [6, 3], [6, 1], [5, 3], [6, 0], [5, 2], [5, 0], [5, 3], [4, 0], [4, 3], [3, 0], [3, 3], [3, 1], [2, 3], [2, 1], [1, 3], [1, 1], [1, 2], [1, 0], [0, 2], [0, 0], [0, 3], [1, 0], [1, 3], [2, 0], [2, 3], [3, 0], [3, 3], [4, 0], [4, 3], [5, 0], [5, 3], [6, 0], [5, 4], [7, 0], [5, 5], [7, 1], [5, 6], [7, 2], [4, 6], [6, 2], [4, 7], [6, 1], [3, 7], [5, 1], [2, 7], [4, 1], [2, 6], [4, 2], [1, 6], [4, 1], [1, 5], [5, 1], [0, 5], [6, 1], [0, 4], [6, 2], [1, 4], [7, 2], [1, 5], [7, 3], [1, 6]], "a_eggs_laid": [1, 1, 1, 1, 2, 2, 2, 2, 3, 3, 3, 3, 4, 4, 4, 4, 5, 5, 5, 5, 6, 6, 6, 6, 7, 7, 7, 7, 8, 8, 8, 8, 8, 8, 8, 8, 9, 9, 9, 9, 12, 12, 12, 12, 12, 12, 12, 12, 12, 12, 12, 12, 12, 12, 12, 12, 12, 12, 12, 12, 12, 12, 12, 12, 12, 12, 12, 12, 13, 13, 13, 13, 13, 13, 13, 13, 13, 13, 13, 13], "b_eggs_laid": [0, 1, 1, 1, 1, 2, 2, 2, 2, 3, 3, 3, 3, 4, 4, 4, 4, 5, 5, 5, 5, 6, 6, 6, 6, 7, 7, 7, 7, 8, 8, 8, 8, 9, 9, 9, 9, 10, 10, 10, 10, 11, 11, 11, 11, 11, 11, 11, 11, 11, 11, 11, 11, 12, 12, 12, 12, 13, 13, 13, 13, 13, 13, 13, 13, 13, 13, 13, 13, 14, 14, 14, 14, 15, 15, 15, 15, 16, 16, 16], "a_turds_left": [5, 5, 5, 5, 5, 5, 4, 4, 4, 4, 4, 4, 4, 4, 4, 4, 4, 4, 4, 4, 4, 4, 4, 4, 4, 4, 4, 4, 4, 4, 3, 3, 3, 3, 2, 2, 2, 2, 1, 1, 1, 1, 1, 1, 1, 1, 1, 1, 1, 1, 0, 0, 0, 0, 0, 0, 0, 0, 0, 0, 0, 0, 0, 0, 0, 0, 0, 0, 0, 0, 0, 0, 0, 0, 0, 0, 0, 0, 0, 0], "b_turds_left": [5, 5, 5, 5, 5, 5, 5, 5, 5, 5, 5, 5, 5, 5, 5, 5, 5, 5, 5, 5, 5, 5, 5, 5, 5, 5, 5, 5, 5, 5, 5, 4, 4, 4, 4, 3, 3, 3, 3, 2, 2, 2, 2, 2, 2, 2, 2, 2, 2, 2, 2, 1, 1, 1, 1, 0, 0, 0, 0, 0, 0, 0, 0, 0, 0, 0, 0, 0, 0, 0, 0, 0, 0, 0, 0, 0, 0, 0, 0, 0], "a_time_left": [354.4028766658157, 354.4028766658157, 342.8696971666068, 342.8696971666068, 339.99505833536386, 339.99505833536386, 332.6125423759222, 332.6125423759222, 328.02977558225393, 328.02977558225393, 321.7314608320594, 321.7314608320594, 318.5693327896297, 318.5693327896297, 311.32347133010626, 311.32347133010626, 309.53488924726844, 309.53488924726844, 303.5586537476629, 303.5586537476629, 301.3757220376283, 301.3757220376283, 299.62483045458794, 299.62483045458794, 298.80392708070576, 298.80392708070576, 295.91330453939736, 295.91330453939736, 294.3632415384054, 294.3632415384054, 291.50953516177833, 291.50953516177833, 290.65153161622584, 290.65153161622584, 289.93661599233747, 289.93661599233747, 289.7481505330652, 289.7481505330652, 289.65617449209094, 289.65617449209094, 289.6091177854687, 289.6091177854687, 289.45118686929345, 289.45118686929345, 289.33481945097446, 289.33481945097446, 289.16216132603586, 289.16216132603586, 289.0366067830473, 289.0366067830473, 288.906071908772, 288.906071908772, 288.8990425746888, 288.8990425746888, 288.88549436815083, 288.88549436815083, 288.8591608274728, 288.8591608274728, 288.8539182022214, 288.8539182022214, 288.81115024350584, 288.81115024350584, 288.7954297438264, 288.7954297438264, 288.7184109929949, 288.7184109929949, 288.6974124927074, 288.6974124927074, 288.6587386596948, 288.6587386596948, 288.62255432642996, 288.62255432642996, 288.5976622849703, 288.5976622849703, 288.5785721614957, 288.5785721614957, 288.5657037887722, 288.5657037887722, 288.5623776651919, 288.5623776651919], "b_time_left": [360, 354.2947372496128, 354.2947372496128, 343.7932204157114, 343.7932204157114, 340.4638353753835, 340.4638353753835, 331.26638849824667, 331.26638849824667, 327.13084303960204, 327.13084303960204, 312.675558289513, 312.675558289513, 308.3913218714297, 308.3913218714297, 305.09353307820857, 305.09353307820857, 301.89730078727007, 301.89730078727007, 289.7981951646507, 289.7981951646507, 288.0878248307854, 288.0878248307854, 277.63017258420587, 277.63017258420587, 276.2581968344748, 276.2581968344748, 266.11284991912544, 266.11284991912544, 264.92305121198297, 264.92305121198297, 262.025692794472, 262.025692794472, 259.1912151277065, 259.1912151277065, 255.94080108590424, 255.94080108590424, 255.27907625027, 255.27907625027, 254.82694328948855, 254.82694328948855, 253.93850553780794, 253.93850553780794, 252.05528982914984, 252.05528982914984, 250.80116924643517, 250.80116924643517, 249.6900578737259, 249.6900578737259, 247.91019612550735, 247.91019612550735, 245.95584120973945, 245.95584120973945, 245.11916029453278, 245.11916029453278, 244.0850492529571, 244.0850492529571, 243.85311175137758, 243.85311175137758, 242.91271175071597, 242.91271175071597, 242.79617200046778, 242.79617200046778, 241.83150787465274, 241.83150787465274, 241.65654287487268, 241.65654287487268, 240.69097954407334, 240.69097954407334, 240.56238841824234, 240.56238841824234, 238.95300075225532, 238.95300075225532, 238.80950787849724, 238.80950787849724, 238.2519797962159, 238.2519797962159, 237.94363971427083, 237.94363971427083, 237.09294437989593], "a_moves_left": [39, 39, 38, 38, 37, 37, 36, 36, 35, 35, 34, 34, 33, 33, 32, 32, 31, 31, 30, 30, 29, 29, 28, 28, 27, 27, 26, 26, 25, 25, 24, 24, 23, 23, 22, 22, 21, 21, 20, 20, 19, 19, 18, 18, 17, 17, 16, 16, 15, 15, 14, 14, 13, 13, 12, 12, 11, 11, 10, 10, 9, 9, 8, 8, 7, 7, 6, 6, 5, 5, 4, 4, 3, 3, 2, 2, 1, 1, 0, 0], "b_moves_left": [40, 39, 39, 38, 38, 37, 37, 36, 36, 35, 35, 34, 34, 33, 33, 32, 32, 31, 31, 30, 30, 29, 29, 28, 28, 27, 27, 26, 26, 25, 25, 24, 24, 23, 23, 22, 22, 21, 21, 20, 20, 19, 19, 18, 18, 17, 17, 16, 16, 15, 15, 14, 14, 13, 13, 12, 12, 11, 11, 10, 10, 9, 9, 8, 8, 7, 7, 6, 6, 5, 5, 4, 4, 3, 3, 2, 2, 1, 1, 0], "trapdoor_triggered": [0, 0, 0, 0, 0, 0, 0, 0, 0, 0, 0, 0, 0, 0, 0, 0, 0, 0, 0, 0, 0, 0, 0, 0, 0, 0, 0, 0, 0, 0, 0, 0, 0, 0, 0, 0, 0, 0, 0, 0, 0, 0, 0, 0, 0, 0, 0, 0, 0, 0, 0, 0, 0, 0, 0, 0, 0, 0, 0, 0, 0, 0, 0, 0, 0, 0, 0, 0, 0, 0, 0, 0, 0, 0, 0, 0, 0, 0, 0, 0], "left_behind": ["egg", "egg", "plain", "plain", "egg", "egg", "turd", "plain", "egg", "egg", "plain", "plain", "egg", "egg", "plain", "plain", "egg", "egg", "plain", "plain", "egg", "egg", "plain", "plain", "egg", "egg", "plain", "plain", "egg", "egg", "turd", "turd", "plain", "egg", "turd", "turd", "egg", "egg", "turd", "turd", "egg", "egg", "plain", "plain", "plain", "plain", "plain", "plain", "plain", "plain", "turd", "turd", "plain", "egg", "plain", "turd", "plain", "egg", "plain", "plain", "plain", "plain", "plain", "plain", "plain", "plain", "plain", "plain", "egg", "egg", "plain", "plain", "plain", "egg", "plain", "plain", "plain", "egg", "plain", "plain"], "errlog_a": "", "errlog_b": "", "start_time": 360, "start_moves": 40, "turn_count": 80, "result": 1, "reason": "EGGS_LAID", "trapdoors": [[3, 5], [3, 2]], "spawn_a": [2, 0], "spawn_b": [2, 7]}