{"pos": [[1, 4], [7, 5], [2, 4], [7, 6], [3, 4], [7, 7], [3, 3], [6, 7], [4, 3], [6, 6], [4, 2], [6, 5], [4, 1], [6, 4], [3, 1], [6, 3], [2, 1], [7, 3], [1, 1], [7, 4], [1, 2], [7, 5], [1, 3], [6, 5], [2, 3], [6, 4], [2, 2], [6, 3], [3, 2], [6, 2], [4, 2], [6, 1], [4, 1], [6, 0], [3, 1], [7, 0], [3, 0], [7, 1], [4, 0], [7, 2], [5, 0], [7, 3], [5, 1], [7, 4], [4, 1], [7, 5], [3, 1], [7, 6], [2, 1], [7, 7], [1, 1], [6, 7], [0, 1], [5, 7], [0, 2], [5, 6], [0, 3], [4, 6], [0, 4], [3, 6], [0, 5], [2, 6], [0, 6], [2, 5], [0, 7], [1, 5], [1, 7], [0, 5], [0, 7], [1, 5], [0, 6], [1, 4], [0, 7], [1, 5], [1, 7], [0, 5], [0, 7], [1, 5], [0, 6], [1, 4]], "a_eggs_laid": [1, 1, 1, 1, 2, 2, 2, 2, 3, 3, 3, 3, 4, 4, 4, 4, 5, 5, 5, 5, 6, 6, 6, 6, 7, 7, 7, 7, 8, 8, 8, 8, 8, 8, 8, 8, 8, 8, 8, 8, 9, 9, 9, 9, 10, 10, 10, 10, 10, 10, 10, 10, 10, 10, 10, 10, 11, 11, 11, 11, 11, 11, 11, 11, 12, 12, 12, 12, 13, 13, 13, 13, 13, 13, 13, 13, 13, 13, 13, 13], "b_eggs_laid": [0, 1, 1, 1, 1, 2, 2, 2, 2, 3, 3, 3, 3, 4, 4, 4, 4, 5, 5, 5, 5, 5, 5, 5, 5, 5, 5, 5, 5, 5, 5, 5, 5, 6, 6, 6, 6, 9, 9, 9, 9, 10, 10, 10, 10, 10, 10, 10, 10, 10, 10, 10, 10, 10, 10, 10, 10, 11, 11, 11, 11, 12, 12, 12, 12, 13, 13, 13, 13, 14, 14, 14, 14, 15, 15, 15, 15, 15, 15, 15], "a_turds_left": [5, 5, 5, 5, 5, 5, 4, 4, 4, 4, 3, 3, 3, 3, 3, 3, 3, 3, 3, 3, 3, 3, 3, 3, 3, 3, 2, 2, 2, 2, 1, 1, 1, 1, 1, 1, 1, 1, 1, 1, 1, 1, 1, 1, 1, 1, 1, 1, 1, 1, 1, 1, 1, 1, 1, 1, 1, 1, 1, 1, 1, 1, 1, 1, 1, 1, 1, 1, 1, 1, 1, 1, 1, 1, 1, 1, 1, 1, 1, 1], "b_turds_left": [5, 5, 5, 5, 5, 5, 5, 5, 5, 5, 5, 4, 4, 4, 4, 3, 3, 3, 3, 2, 2, 2, 2, 2, 2, 2, 2, 2, 2, 2, 2, 2, 2, 2, 2, 2, 2, 2, 2, 2, 2, 2, 2, 2, 2, 2, 2, 2, 2, 2, 2, 2, 2, 2, 2, 2, 2, 2, 2, 2, 2, 2, 2, 1, 1, 1, 1, 1, 1, 1, 1, 1, 1, 1, 1, 1, 1, 1, 1, 1], "a_time_left": [355.7783465012908, 355.7783465012908, 341.1681324597448, 341.1681324597448, 334.5149998348206, 334.5149998348206, 326.24911454319954, 326.24911454319954, 319.68409762717783, 319.68409762717783, 309.87173375301063, 309.87173375301063, 306.9680159185082, 306.9680159185082, 305.3442724570632, 305.3442724570632, 303.8357312884182, 303.8357312884182, 301.92650662362576, 301.92650662362576, 300.6291746646166, 300.6291746646166, 298.71016224846244, 298.71016224846244, 297.27985228970647, 297.27985228970647, 295.6277919970453, 295.6277919970453, 294.820768956095, 294.820768956095, 294.4303050804883, 294.4303050804883, 294.10533404164016, 294.10533404164016, 293.8245851267129, 293.8245851267129, 293.6871319580823, 293.6871319580823, 293.54361137375236, 293.54361137375236, 293.395898334682, 293.395898334682, 293.26002137735486, 293.26002137735486, 293.17520500160754, 293.17520500160754, 292.9255780018866, 292.9255780018866, 292.84830450080335, 292.84830450080335, 292.63216700032353, 292.63216700032353, 292.52991841733456, 292.52991841733456, 292.3282012511045, 292.3282012511045, 292.1542514581233, 292.1542514581233, 291.96559491567314, 291.96559491567314, 291.7718507051468, 291.7718507051468, 291.6597326658666, 291.6597326658666, 291.6541128344834, 291.6541128344834, 291.64921541698277, 291.64921541698277, 291.64815933443606, 291.64815933443606, 291.6467468738556, 291.6467468738556, 291.64562474936247, 291.64562474936247, 291.64406174980104, 291.64406174980104, 291.6429981235415, 291.6429981235415, 291.6415187083185, 291.6415187083185], "b_time_left": [360, 356.111683961004, 356.111683961004, 352.1382058765739, 352.1382058765739, 349.5506937932223, 349.5506937932223, 346.80895087495446, 346.80895087495446, 344.9525671284646, 344.9525671284646, 342.019701462239, 342.019701462239, 340.79342858865857, 340.79342858865857, 339.29865429736674, 339.29865429736674, 338.7736988402903, 338.7736988402903, 337.86248967424035, 337.86248967424035, 337.41471363417804, 337.41471363417804, 337.02280338667333, 337.02280338667333, 336.60937713831663, 336.60937713831663, 336.2483351379633, 336.2483351379633, 335.96050209365785, 335.96050209365785, 335.5471876338124, 335.5471876338124, 335.3769978415221, 335.3769978415221, 335.1354591343552, 335.1354591343552, 335.023729884997, 335.023729884997, 334.65139738470316, 334.65139738470316, 334.4998681768775, 334.4998681768775, 334.2094663437456, 334.2094663437456, 333.8932486772537, 333.8932486772537, 333.4107885938138, 333.4107885938138, 333.13872630149126, 333.13872630149126, 332.735507927835, 332.735507927835, 332.365445593372, 332.365445593372, 331.71682884544134, 331.71682884544134, 331.4254886806011, 331.4254886806011, 330.5858825966716, 330.5858825966716, 330.5133692231029, 330.5133692231029, 329.8598270546645, 329.8598270546645, 329.80337251350284, 329.80337251350284, 329.661024056375, 329.661024056375, 329.572291303426, 329.572291303426, 329.44299659505486, 329.44299659505486, 329.36357246898115, 329.36357246898115, 329.1990762613714, 329.1990762613714, 329.1191661376506, 329.1191661376506, 328.9892871771008], "a_moves_left": [39, 39, 38, 38, 37, 37, 36, 36, 35, 35, 34, 34, 33, 33, 32, 32, 31, 31, 30, 30, 29, 29, 28, 28, 27, 27, 26, 26, 25, 25, 24, 24, 23, 23, 22, 22, 21, 21, 20, 20, 19, 19, 18, 18, 17, 17, 16, 16, 15, 15, 14, 14, 13, 13, 12, 12, 11, 11, 10, 10, 9, 9, 8, 8, 7, 7, 6, 6, 5, 5, 4, 4, 3, 3, 2, 2, 1, 1, 0, 0], "b_moves_left": [40, 39, 39, 38, 38, 37, 37, 36, 36, 35, 35, 34, 34, 33, 33, 32, 32, 31, 31, 30, 30, 29, 29, 28, 28, 27, 27, 26, 26, 25, 25, 24, 24, 23, 23, 22, 22, 21, 21, 20, 20, 19, 19, 18, 18, 17, 17, 16, 16, 15, 15, 14, 14, 13, 13, 12, 12, 11, 11, 10, 10, 9, 9, 8, 8, 7, 7, 6, 6, 5, 5, 4, 4, 3, 3, 2, 2, 1, 1, 0], "trapdoor_triggered": [0, 0, 0, 0, 0, 0, 0, 0, 0, 0, 0, 0, 0, 0, 0, 0, 0, 0, 0, 0, 0, 0, 0, 0, 0, 0, 0, 0, 0, 0, 0, 0, 0, 0, 0, 0, 0, 0, 0, 0, 0, 0, 0, 0, 0, 0, 0, 0, 0, 0, 0, 0, 0, 0, 0, 0, 0, 0, 0, 0, 0, 0, 0, 0, 0, 0, 0, 0, 0, 0, 0, 0, 0, 0, 0, 0, 0, 0, 0, 0], "left_behind": ["egg", "egg", "plain", "plain", "egg", "egg", "turd", "plain", "egg", "egg", "turd", "turd", "egg", "egg", "plain", "turd", "egg", "egg", "plain", "turd", "egg", "plain", "plain", "plain", "egg", "plain", "turd", "plain", "egg", "plain", "turd", "plain", "plain", "egg", "plain", "plain", "plain", "egg", "plain", "plain", "egg", "egg", "plain", "plain", "egg", "plain", "plain", "plain", "plain", "plain", "plain", "plain", "plain", "plain", "plain", "plain", "egg", "egg", "plain", "plain", "plain", "egg", "plain", "turd", "egg", "egg", "plain", "plain", "egg", "egg", "plain", "plain", "plain", "egg", "plain", "plain", "plain", "plain", "plain", "plain"], "errlog_a": "", "errlog_b": "", "start_time": 360, "start_moves": 40, "turn_count": 80, "result": 1, "reason": "EGGS_LAID", "trapdoors": [[3, 5], [5, 2]], "spawn_a": [0, 4], "spawn_b": [7, 4]}