{"pos": [[2, 7], [0, 0], [3, 7], [1, 0], [4, 7], [1, 1], [4, 6], [1, 2], [4, 5], [2, 2], [4, 4], [3, 2], [4, 3], [3, 3], [4, 4], [1, 1], [5, 4], [1, 2], [4, 4], [2, 2], [5, 4], [1, 2], [4, 4], [2, 2], [5, 4], [1, 2], [4, 4], [2, 2], [5, 4], [1, 2], [4, 4], [2, 2], [4, 5], [1, 2], [5, 5], [1, 3], [5, 4], [1, 4], [6, 4], [2, 4], [6, 3], [2, 5], [7, 3], [2, 6], [7, 2], [3, 6], [7, 1], [3, 5], [6, 1], [4, 5], [6, 0], [4, 6], [5, 0], [3, 6], [4, 0], [3, 5], [4, 1], [4, 5], [3, 1], [4, 6], [2, 1], [5, 6], [2, 2], [6, 6], [2, 1], [6, 5], [3, 1], [7, 5], [4, 1], [7, 6], [4, 0], [7, 7], [3, 0], [6, 7], [3, 1], [6, 6], [4, 1], [5, 6], [4, 0], [4, 6]], "a_eggs_laid": [1, 1, 1, 1, 1, 1, 1, 1, 1, 1, 1, 1, 1, 1, 5, 5, 5, 5, 5, 5, 5, 5, 5, 5, 5, 5, 5, 5, 5, 5, 5, 5, 5, 5, 5, 5, 6, 6, 6, 6, 7, 7, 7, 7, 8, 8, 8, 8, 9, 9, 9, 9, 10, 10, 10, 10, 11, 11, 11, 11, 12, 12, 12, 12, 13, 13, 13, 13, 13, 13, 13, 13, 13, 13, 13, 13, 13, 13, 13, 13], "b_eggs_laid": [0, 1, 1, 1, 1, 1, 1, 1, 1, 1, 1, 1, 1, 1, 1, 1, 1, 1, 1, 1, 1, 1, 1, 1, 1, 1, 1, 1, 1, 1, 1, 1, 1, 1, 1, 2, 2, 2, 2, 3, 3, 3, 3, 4, 4, 4, 4, 5, 5, 5, 5, 6, 6, 6, 6, 6, 6, 6, 6, 6, 6, 6, 6, 7, 7, 7, 7, 8, 8, 8, 8, 9, 9, 9, 9, 10, 10, 10, 10, 10], "a_turds_left": [5, 5, 5, 5, 5, 5, 5, 5, 5, 5, 5, 5, 5, 5, 5, 5, 5, 5, 5, 5, 5, 5, 5, 5, 5, 5, 5, 5, 5, 5, 5, 5, 5, 5, 5, 5, 5, 5, 4, 4, 4, 4, 3, 3, 3, 3, 2, 2, 2, 2, 1, 1, 1, 1, 0, 0, 0, 0, 0, 0, 0, 0, 0, 0, 0, 0, 0, 0, 0, 0, 0, 0, 0, 0, 0, 0, 0, 0, 0, 0], "b_turds_left": [5, 5, 5, 5, 5, 5, 5, 5, 5, 5, 5, 5, 5, 5, 5, 5, 5, 5, 5, 5, 5, 5, 5, 5, 5, 5, 5, 5, 5, 5, 5, 5, 5, 5, 5, 5, 5, 4, 4, 4, 4, 3, 3, 3, 3, 2, 2, 2, 2, 1, 1, 1, 1, 0, 0, 0, 0, 0, 0, 0, 0, 0, 0, 0, 0, 0, 0, 0, 0, 0, 0, 0, 0, 0, 0, 0, 0, 0, 0, 0], "a_time_left": [359.724105540663, 359.724105540663, 359.38500237464905, 359.38500237464905, 324.09697283245623, 324.09697283245623, 233.82917858473957, 233.82917858473957, 198.07593483664095, 198.07593483664095, 193.40508016943932, 193.40508016943932, 189.65202562510967, 189.65202562510967, 185.37490508519113, 185.37490508519113, 183.19547387585044, 183.19547387585044, 179.6243985015899, 179.6243985015899, 175.27104717120528, 175.27104717120528, 171.7205436695367, 171.7205436695367, 167.25961187668145, 167.25961187668145, 163.94893000274897, 163.94893000274897, 159.35105241835117, 159.35105241835117, 156.35664812847972, 156.35664812847972, 154.4045303799212, 154.4045303799212, 150.97667337954044, 150.97667337954044, 150.81649271026254, 150.81649271026254, 149.57155691832304, 149.57155691832304, 149.33031404204667, 149.33031404204667, 148.75823325105011, 148.75823325105011, 148.5840466246009, 148.5840466246009, 148.14535462483764, 148.14535462483764, 147.98185825161636, 147.98185825161636, 147.56502266973257, 147.56502266973257, 147.467095002532, 147.467095002532, 147.2460332941264, 147.2460332941264, 147.19474829360843, 147.19474829360843, 147.08526979386806, 147.08526979386806, 147.02665641903877, 147.02665641903877, 146.98719058558345, 146.98719058558345, 146.96118679456413, 146.96118679456413, 146.9249429628253, 146.9249429628253, 146.8948035892099, 146.8948035892099, 146.77212592214346, 146.77212592214346, 146.7481023389846, 146.7481023389846, 146.72228959016502, 146.72228959016502, 146.69383375532925, 146.69383375532925, 146.56515354663134, 146.56515354663134], "b_time_left": [360, 359.7569404579699, 359.7569404579699, 359.61060404218733, 359.61060404218733, 348.5464865863323, 348.5464865863323, 278.33023908548057, 278.33023908548057, 240.59026587754488, 240.59026587754488, 150.52709746174514, 150.52709746174514, 147.86916962824762, 147.86916962824762, 147.2262665014714, 147.2262665014714, 144.2261622082442, 144.2261622082442, 140.35894354246557, 140.35894354246557, 136.52195200137794, 136.52195200137794, 132.6916528325528, 132.6916528325528, 128.91228554025292, 128.91228554025292, 125.117495957762, 125.117495957762, 121.3835709579289, 121.3835709579289, 118.34314071014524, 118.34314071014524, 115.99677545763552, 115.99677545763552, 115.60854029096663, 115.60854029096663, 114.58456037193537, 114.58456037193537, 114.21502974815667, 114.21502974815667, 113.3924300391227, 113.3924300391227, 113.07869995571673, 113.07869995571673, 112.78075316362083, 112.78075316362083, 112.69276133179665, 112.69276133179665, 112.54142850078642, 112.54142850078642, 112.51601708494127, 112.51601708494127, 112.44452387653291, 112.44452387653291, 112.43195862695575, 112.43195862695575, 112.41024687699974, 112.41024687699974, 112.40449904277921, 112.40449904277921, 112.3720103353262, 112.3720103353262, 112.35918683558702, 112.35918683558702, 112.3329064194113, 112.3329064194113, 112.32759996131063, 112.32759996131063, 112.30828021094203, 112.30828021094203, 112.30061866901815, 112.30061866901815, 112.29257337749004, 112.29257337749004, 112.28295054286718, 112.28295054286718, 112.27447750233114, 112.27447750233114, 112.26758171059191], "a_moves_left": [39, 39, 38, 38, 37, 37, 36, 36, 35, 35, 34, 34, 33, 33, 32, 32, 31, 31, 30, 30, 29, 29, 28, 28, 27, 27, 26, 26, 25, 25, 24, 24, 23, 23, 22, 22, 21, 21, 20, 20, 19, 19, 18, 18, 17, 17, 16, 16, 15, 15, 14, 14, 13, 13, 12, 12, 11, 11, 10, 10, 9, 9, 8, 8, 7, 7, 6, 6, 5, 5, 4, 4, 3, 3, 2, 2, 1, 1, 0, 0], "b_moves_left": [40, 39, 39, 38, 38, 37, 37, 36, 36, 35, 35, 34, 34, 33, 33, 32, 32, 31, 31, 30, 30, 29, 29, 28, 28, 27, 27, 26, 26, 25, 25, 24, 24, 23, 23, 22, 22, 21, 21, 20, 20, 19, 19, 18, 18, 17, 17, 16, 16, 15, 15, 14, 14, 13, 13, 12, 12, 11, 11, 10, 10, 9, 9, 8, 8, 7, 7, 6, 6, 5, 5, 4, 4, 3, 3, 2, 2, 1, 1, 0], "trapdoor_triggered": [0, 0, 0, 0, 0, 0, 0, 0, 0, 0, 0, 0, 0, 1, 0, 0, 0, 0, 0, 0, 0, 0, 0, 0, 0, 0, 0, 0, 0, 0, 0, 0, 0, 0, 0, 0, 0, 0, 0, 0, 0, 0, 0, 0, 0, 0, 0, 0, 0, 0, 0, 0, 0, 0, 0, 0, 0, 0, 0, 0, 0, 0, 0, 0, 0, 0, 0, 0, 0, 0, 0, 0, 0, 0, 0, 0, 0, 0, 0, 0], "left_behind": ["egg", "egg", "plain", "plain", "plain", "plain", "plain", "plain", "plain", "plain", "plain", "plain", "plain", "plain", "plain", "plain", "plain", "plain", "plain", "plain", "plain", "plain", "plain", "plain", "plain", "plain", "plain", "plain", "plain", "plain", "plain", "plain", "plain", "plain", "plain", "egg", "egg", "turd", "turd", "egg", "egg", "turd", "turd", "egg", "egg", "turd", "turd", "egg", "egg", "turd", "turd", "egg", "egg", "turd", "turd", "plain", "egg", "plain", "plain", "plain", "egg", "plain", "plain", "egg", "egg", "plain", "plain", "egg", "plain", "plain", "plain", "egg", "plain", "plain", "plain", "egg", "plain", "plain", "plain", "plain"], "errlog_a": "", "errlog_b": "", "start_time": 360, "start_moves": 40, "turn_count": 80, "result": 0, "reason": "EGGS_LAID", "trapdoors": [[3, 3], [5, 2]], "spawn_a": [1, 7], "spawn_b": [1, 0]}