{"pos": [[1, 4], [6, 4], [2, 4], [5, 4], [3, 4], [4, 4], [3, 3], [7, 5], [4, 3], [7, 6], [4, 2], [7, 7], [5, 2], [6, 7], [0, 5], [5, 7], [0, 6], [4, 7], [0, 7], [3, 7], [1, 7], [2, 7], [1, 6], [2, 6], [1, 5], [1, 6], [2, 5], [2, 6], [2, 4], [3, 6], [2, 3], [3, 7], [2, 2], [4, 7], [3, 2], [5, 7], [3, 1], [5, 6], [3, 0], [6, 6], [4, 0], [6, 5], [5, 0], [6, 4], [6, 0], [6, 3], [7, 0], [6, 2], [7, 1], [6, 1], [7, 2], [5, 1], [7, 3], [4, 1], [7, 2], [5, 1], [6, 2], [6, 1], [7, 2], [5, 1], [7, 1], [4, 1], [7, 0], [5, 1], [6, 0], [6, 1], [5, 0], [5, 1], [4, 0], [4, 1], [3, 0], [5, 1], [2, 0], [6, 1], [1, 0], [5, 1], [0, 0], [4, 1], [0, 1], [5, 1]], "a_eggs_laid": [1, 1, 1, 1, 2, 2, 6, 6, 7, 7, 7, 7, 8, 8, 8, 8, 8, 8, 9, 9, 9, 9, 10, 10, 10, 10, 11, 11, 11, 11, 11, 11, 11, 11, 12, 12, 12, 12, 13, 13, 13, 13, 14, 14, 14, 14, 15, 15, 15, 15, 16, 16, 16, 16, 17, 17, 17, 17, 18, 18, 18, 18, 18, 18, 18, 18, 18, 18, 18, 18, 18, 18, 18, 18, 19, 19, 19, 19, 22, 22], "b_eggs_laid": [0, 1, 1, 1, 1, 1, 1, 1, 1, 1, 1, 2, 2, 6, 6, 7, 7, 7, 7, 8, 8, 8, 8, 9, 9, 9, 9, 10, 10, 10, 10, 11, 11, 11, 11, 11, 11, 11, 11, 12, 12, 12, 12, 13, 13, 13, 13, 14, 14, 14, 14, 15, 15, 15, 15, 16, 16, 16, 16, 16, 16, 16, 16, 16, 16, 16, 16, 16, 16, 16, 16, 16, 16, 16, 16, 16, 16, 16, 16, 16], "a_turds_left": [5, 5, 5, 5, 5, 5, 4, 4, 4, 4, 3, 3, 3, 3, 3, 3, 3, 3, 3, 3, 3, 3, 3, 3, 3, 3, 3, 3, 3, 3, 3, 3, 2, 2, 2, 2, 1, 1, 1, 1, 1, 1, 1, 1, 1, 1, 1, 1, 1, 1, 1, 1, 1, 1, 1, 1, 1, 1, 1, 1, 1, 1, 1, 1, 1, 1, 1, 1, 1, 1, 1, 1, 1, 1, 1, 1, 1, 1, 1, 1], "b_turds_left": [5, 5, 5, 4, 4, 3, 3, 3, 3, 3, 3, 3, 3, 3, 3, 3, 3, 3, 3, 3, 3, 3, 3, 3, 3, 3, 3, 3, 3, 3, 3, 3, 3, 3, 3, 3, 3, 3, 3, 3, 3, 3, 3, 3, 3, 3, 3, 3, 3, 3, 3, 3, 3, 3, 3, 3, 3, 3, 3, 3, 3, 3, 3, 3, 3, 3, 3, 3, 3, 3, 3, 3, 3, 3, 3, 3, 3, 3, 3, 3], "a_time_left": [350.30757212638855, 350.30757212638855, 314.6839300431311, 314.6839300431311, 297.80799366906285, 297.80799366906285, 287.7325490023941, 287.7325490023941, 278.63892141729593, 278.63892141729593, 273.26329020783305, 273.26329020783305, 270.42621216736734, 270.42621216736734, 267.8736545406282, 267.8736545406282, 265.6116706673056, 265.6116706673056, 264.5123516675085, 264.5123516675085, 264.2945770435035, 264.2945770435035, 263.8616613354534, 263.8616613354534, 263.42714987695217, 263.42714987695217, 262.454542292282, 262.454542292282, 261.3357553333044, 261.3357553333044, 260.1543098334223, 260.1543098334223, 258.8115598745644, 258.8115598745644, 258.05226620845497, 258.05226620845497, 257.6284757889807, 257.6284757889807, 257.2968254555017, 257.2968254555017, 257.17076749540865, 257.17076749540865, 257.03855428658426, 257.03855428658426, 256.95807528682053, 256.95807528682053, 256.8997695799917, 256.8997695799917, 256.8583259563893, 256.8583259563893, 256.8199351243675, 256.8199351243675, 256.78004220686853, 256.78004220686853, 256.75200020708144, 256.75200020708144, 256.7067092489451, 256.7067092489451, 256.6914212908596, 256.6914212908596, 256.6761101670563, 256.6761101670563, 256.6596102900803, 256.6596102900803, 256.64672408252954, 256.64672408252954, 256.60573104023933, 256.60573104023933, 256.5730454158038, 256.5730454158038, 256.4971165806055, 256.4971165806055, 256.3999917451292, 256.3999917451292, 256.34025637060404, 256.34025637060404, 256.2412312030792, 256.2412312030792, 256.17737907730043, 256.17737907730043], "b_time_left": [360, 352.53306474909186, 352.53306474909186, 335.4579924996942, 335.4579924996942, 327.12089983187616, 327.12089983187616, 325.87712528929114, 325.87712528929114, 324.2595878727734, 324.2595878727734, 323.63256341405213, 323.63256341405213, 323.2874533738941, 323.2874533738941, 322.9613409154117, 322.9613409154117, 322.38279583118856, 322.38279583118856, 322.2631113305688, 322.2631113305688, 321.75346691161394, 321.75346691161394, 321.7106569111347, 321.7106569111347, 321.11798486858606, 321.11798486858606, 321.0699404515326, 321.0699404515326, 320.6041720788926, 320.6041720788926, 320.49341824650764, 320.49341824650764, 320.1431962903589, 320.1431962903589, 320.0089077055454, 320.0089077055454, 319.5038721654564, 319.5038721654564, 319.3038680385798, 319.3038680385798, 318.9567017890513, 318.9567017890513, 318.7886705379933, 318.7886705379933, 318.6322332024574, 318.6322332024574, 318.50425682775676, 318.50425682775676, 318.406278161332, 318.406278161332, 318.39740562066436, 318.39740562066436, 318.3472126200795, 318.3472126200795, 318.33174516260624, 318.33174516260624, 318.3067794125527, 318.3067794125527, 318.2897014133632, 318.2897014133632, 318.26531779021025, 318.26531779021025, 318.2492714561522, 318.2492714561522, 318.2262813318521, 318.2262813318521, 318.2258347924799, 318.2258347924799, 318.20317496173084, 318.20317496173084, 318.18360696174204, 318.18360696174204, 318.15279446169734, 318.15279446169734, 318.13385642133653, 318.13385642133653, 318.1053421292454, 318.1053421292454, 318.0864241309464], "a_moves_left": [39, 39, 38, 38, 37, 37, 36, 36, 35, 35, 34, 34, 33, 33, 32, 32, 31, 31, 30, 30, 29, 29, 28, 28, 27, 27, 26, 26, 25, 25, 24, 24, 23, 23, 22, 22, 21, 21, 20, 20, 19, 19, 18, 18, 17, 17, 16, 16, 15, 15, 14, 14, 13, 13, 12, 12, 11, 11, 10, 10, 9, 9, 8, 8, 7, 7, 6, 6, 5, 5, 4, 4, 3, 3, 2, 2, 1, 1, 0, 0], "b_moves_left": [40, 39, 39, 38, 38, 37, 37, 36, 36, 35, 35, 34, 34, 33, 33, 32, 32, 31, 31, 30, 30, 29, 29, 28, 28, 27, 27, 26, 26, 25, 25, 24, 24, 23, 23, 22, 22, 21, 21, 20, 20, 19, 19, 18, 18, 17, 17, 16, 16, 15, 15, 14, 14, 13, 13, 12, 12, 11, 11, 10, 10, 9, 9, 8, 8, 7, 7, 6, 6, 5, 5, 4, 4, 3, 3, 2, 2, 1, 1, 0], "trapdoor_triggered": [0, 0, 0, 0, 0, 1, 0, 0, 0, 0, 0, 0, 1, 0, 0, 0, 0, 0, 0, 0, 0, 0, 0, 0, 0, 0, 0, 0, 0, 0, 0, 0, 0, 0, 0, 0, 0, 0, 0, 0, 0, 0, 0, 0, 0, 0, 0, 0, 0, 0, 0, 0, 0, 0, 0, 0, 0, 0, 0, 0, 0, 0, 0, 0, 0, 0, 0, 0, 0, 0, 0, 0, 0, 0, 0, 0, 0, 0, 0, 0], "left_behind": ["egg", "egg", "plain", "turd", "egg", "turd", "turd", "plain", "egg", "plain", "turd", "egg", "egg", "plain", "plain", "egg", "plain", "plain", "egg", "egg", "plain", "plain", "egg", "egg", "plain", "plain", "egg", "egg", "plain", "plain", "plain", "egg", "turd", "plain", "egg", "plain", "turd", "plain", "egg", "egg", "plain", "plain", "egg", "egg", "plain", "plain", "egg", "egg", "plain", "plain", "egg", "egg", "plain", "plain", "egg", "egg", "plain", "plain", "egg", "plain", "plain", "plain", "plain", "plain", "plain", "plain", "plain", "plain", "plain", "plain", "plain", "plain", "plain", "plain", "egg", "plain", "plain", "plain", "egg", "plain"], "errlog_a": "", "errlog_b": "", "start_time": 360, "start_moves": 40, "turn_count": 80, "result": 0, "reason": "EGGS_LAID", "trapdoors": [[4, 4], [5, 2]], "spawn_a": [0, 4], "spawn_b": [7, 4]}