{"pos": [[7, 0], [7, 7], [7, 1], [7, 6], [7, 2], [7, 5], [6, 2], [6, 5], [5, 2], [5, 5], [4, 2], [4, 5], [3, 2], [3, 5], [2, 2], [2, 5], [1, 2], [2, 4], [0, 2], [5, 7], [0, 1], [4, 7], [1, 1], [3, 7], [1, 0], [2, 7], [0, 0], [3, 7], [1, 0], [2, 7], [2, 0], [2, 6], [3, 0], [1, 6], [4, 0], [2, 6], [5, 0], [1, 6], [5, 1], [1, 5], [6, 1], [1, 4], [5, 1], [1, 3], [6, 1], [1, 2], [5, 1], [1, 3], [6, 1], [0, 3], [6, 2], [0, 4], [6, 3], [0, 5], [6, 4], [0, 6], [7, 4], [0, 7], [7, 5], [1, 7], [7, 4], [0, 7], [7, 5], [1, 7], [7, 4], [0, 7], [7, 5], [1, 7], [7, 4], [0, 7], [7, 5], [1, 7], [7, 4], [0, 7], [7, 5], [1, 7], [7, 4], [0, 7], [7, 5], [1, 7]], "a_eggs_laid": [1, 1, 1, 1, 2, 2, 2, 2, 3, 3, 3, 3, 4, 4, 4, 4, 5, 5, 9, 9, 10, 10, 10, 10, 11, 11, 11, 11, 14, 14, 14, 14, 15, 15, 15, 15, 16, 16, 16, 16, 17, 17, 17, 17, 17, 17, 17, 17, 17, 17, 17, 17, 17, 17, 17, 17, 18, 18, 18, 18, 19, 19, 19, 19, 19, 19, 19, 19, 19, 19, 19, 19, 19, 19, 19, 19, 19, 19, 19, 19], "b_eggs_laid": [0, 1, 1, 1, 1, 2, 2, 2, 2, 3, 3, 3, 3, 4, 4, 4, 4, 5, 5, 5, 5, 5, 5, 6, 6, 6, 6, 7, 7, 7, 7, 7, 7, 7, 7, 8, 8, 8, 8, 8, 8, 8, 8, 9, 9, 9, 9, 10, 10, 10, 10, 11, 11, 11, 11, 12, 12, 12, 12, 15, 15, 15, 15, 15, 15, 15, 15, 15, 15, 15, 15, 15, 15, 15, 15, 15, 15, 15, 15, 15], "a_turds_left": [5, 5, 5, 5, 5, 5, 5, 5, 5, 5, 4, 4, 4, 4, 3, 3, 3, 3, 3, 3, 3, 3, 3, 3, 3, 3, 3, 3, 3, 3, 3, 3, 3, 3, 3, 3, 3, 3, 3, 3, 3, 3, 3, 3, 3, 3, 3, 3, 3, 3, 3, 3, 3, 3, 3, 3, 3, 3, 3, 3, 3, 3, 3, 3, 3, 3, 3, 3, 3, 3, 3, 3, 3, 3, 3, 3, 3, 3, 3, 3], "b_turds_left": [5, 5, 5, 5, 5, 5, 5, 5, 5, 5, 5, 4, 4, 4, 4, 3, 3, 3, 3, 3, 3, 3, 3, 3, 3, 3, 3, 3, 3, 3, 3, 3, 3, 3, 3, 3, 3, 3, 3, 3, 3, 3, 3, 3, 3, 3, 3, 3, 3, 3, 3, 3, 3, 3, 3, 3, 3, 3, 3, 3, 3, 3, 3, 3, 3, 3, 3, 3, 3, 3, 3, 3, 3, 3, 3, 3, 3, 3, 3, 3], "a_time_left": [357.09468450024724, 357.09468450024724, 349.49146296083927, 349.49146296083927, 344.2031715866178, 344.2031715866178, 309.6434147134423, 309.6434147134423, 300.6326654627919, 300.6326654627919, 265.82143762893975, 265.82143762893975, 256.0278665460646, 256.0278665460646, 242.3829920887947, 242.3829920887947, 238.6178780477494, 238.6178780477494, 236.71943900734186, 236.71943900734186, 235.20936750620604, 235.20936750620604, 233.8095060903579, 233.8095060903579, 232.7885298822075, 232.7885298822075, 231.8427383825183, 231.8427383825183, 231.1290294677019, 231.1290294677019, 230.55029313452542, 230.55029313452542, 230.2550890520215, 230.2550890520215, 229.44829555228353, 229.44829555228353, 229.02896600961685, 229.02896600961685, 228.1883853431791, 228.1883853431791, 227.44782130233943, 227.44782130233943, 226.41347938776016, 226.41347938776016, 225.84572930261493, 225.84572930261493, 225.02348792739213, 225.02348792739213, 224.44512059353292, 224.44512059353292, 223.18266238458455, 223.18266238458455, 222.88929934240878, 222.88929934240878, 222.08381484262645, 222.08381484262645, 221.90597696974874, 221.90597696974874, 220.95639517717063, 220.95639517717063, 220.77250130288303, 220.77250130288303, 219.3713971376419, 219.3713971376419, 219.18777392618358, 219.18777392618358, 217.78398396633565, 217.78398396633565, 217.60021971724927, 217.60021971724927, 216.17045609280467, 216.17045609280467, 215.98632304929197, 215.98632304929197, 214.58560838364065, 214.58560838364065, 214.4015984274447, 214.4015984274447, 212.995134010911, 212.995134010911], "b_time_left": [360, 357.06199687346816, 357.06199687346816, 349.3120362907648, 349.3120362907648, 344.57225420698524, 344.57225420698524, 306.21225591376424, 306.21225591376424, 298.0250197034329, 298.0250197034329, 265.48201853595674, 265.48201853595674, 256.06808524392545, 256.06808524392545, 243.62829840928316, 243.62829840928316, 240.56768340803683, 240.56768340803683, 239.67294944822788, 239.67294944822788, 238.51413486339152, 238.51413486339152, 237.4852938633412, 237.4852938633412, 236.7181360721588, 236.7181360721588, 236.0508023649454, 236.0508023649454, 235.52379811555147, 235.52379811555147, 234.87997344695032, 234.87997344695032, 233.8944883234799, 233.8944883234799, 233.33975315839052, 233.33975315839052, 232.34381195157766, 232.34381195157766, 231.68176995031536, 231.68176995031536, 230.85453261621296, 230.85453261621296, 230.30474161542952, 230.30474161542952, 229.3422376140952, 229.3422376140952, 228.8277995735407, 228.8277995735407, 227.82754819840193, 227.82754819840193, 226.9923014063388, 226.9923014063388, 225.61007765494287, 225.61007765494287, 224.9615526534617, 224.9615526534617, 224.02172677963972, 224.02172677963972, 223.62497436255217, 223.62497436255217, 222.75876436382532, 222.75876436382532, 222.39169873856008, 222.39169873856008, 221.5251077376306, 221.5251077376306, 221.15798473730683, 221.15798473730683, 220.25454482249916, 220.25454482249916, 219.8870839867741, 219.8870839867741, 219.01894269511104, 219.01894269511104, 218.65199302695692, 218.65199302695692, 217.77598748728633, 217.77598748728633, 217.40106919407845], "a_moves_left": [39, 39, 38, 38, 37, 37, 36, 36, 35, 35, 34, 34, 33, 33, 32, 32, 31, 31, 30, 30, 29, 29, 28, 28, 27, 27, 26, 26, 25, 25, 24, 24, 23, 23, 22, 22, 21, 21, 20, 20, 19, 19, 18, 18, 17, 17, 16, 16, 15, 15, 14, 14, 13, 13, 12, 12, 11, 11, 10, 10, 9, 9, 8, 8, 7, 7, 6, 6, 5, 5, 4, 4, 3, 3, 2, 2, 1, 1, 0, 0], "b_moves_left": [40, 39, 39, 38, 38, 37, 37, 36, 36, 35, 35, 34, 34, 33, 33, 32, 32, 31, 31, 30, 30, 29, 29, 28, 28, 27, 27, 26, 26, 25, 25, 24, 24, 23, 23, 22, 22, 21, 21, 20, 20, 19, 19, 18, 18, 17, 17, 16, 16, 15, 15, 14, 14, 13, 13, 12, 12, 11, 11, 10, 10, 9, 9, 8, 8, 7, 7, 6, 6, 5, 5, 4, 4, 3, 3, 2, 2, 1, 1, 0], "trapdoor_triggered": [0, 0, 0, 0, 0, 0, 0, 0, 0, 0, 0, 0, 0, 0, 0, 0, 0, 1, 0, 0, 0, 0, 0, 0, 0, 0, 0, 0, 0, 0, 0, 0, 0, 0, 0, 0, 0, 0, 0, 0, 0, 0, 0, 0, 0, 0, 0, 0, 0, 0, 0, 0, 0, 0, 0, 0, 0, 0, 0, 0, 0, 0, 0, 0, 0, 0, 0, 0, 0, 0, 0, 0, 0, 0, 0, 0, 0, 0, 0, 0], "left_behind": ["egg", "egg", "plain", "plain", "egg", "egg", "plain", "plain", "egg", "egg", "turd", "turd", "egg", "egg", "turd", "turd", "egg", "egg", "plain", "plain", "egg", "plain", "plain", "egg", "egg", "plain", "plain", "egg", "egg", "plain", "plain", "plain", "egg", "plain", "plain", "egg", "egg", "plain", "plain", "plain", "egg", "plain", "plain", "egg", "plain", "plain", "plain", "egg", "plain", "plain", "plain", "egg", "plain", "plain", "plain", "egg", "egg", "plain", "plain", "egg", "egg", "plain", "plain", "plain", "plain", "plain", "plain", "plain", "plain", "plain", "plain", "plain", "plain", "plain", "plain", "plain", "plain", "plain", "plain", "plain"], "errlog_a": "", "errlog_b": "", "start_time": 360, "start_moves": 40, "turn_count": 80, "result": 0, "reason": "EGGS_LAID", "trapdoors": [[2, 4], [3, 4]], "spawn_a": [6, 0], "spawn_b": [6, 7]}