{"pos": [[6, 1], [6, 6], [6, 2], [6, 5], [5, 2], [5, 5], [5, 3], [4, 5], [4, 3], [4, 4], [5, 3], [3, 4], [5, 2], [4, 4], [5, 3], [4, 5], [5, 2], [4, 4], [5, 3], [4, 5], [5, 2], [4, 4], [5, 3], [4, 5], [5, 2], [4, 4], [5, 3], [4, 5], [5, 2], [4, 4], [5, 3], [4, 3], [5, 2], [4, 4], [5, 3], [4, 3], [5, 2], [4, 4], [5, 3], [4, 3], [5, 2], [4, 4], [5, 3], [4, 3], [5, 2], [4, 4], [5, 3], [4, 3], [5, 2], [4, 4], [5, 3], [4, 3], [5, 2], [4, 4], [5, 3], [4, 3], [5, 2], [4, 4], [5, 3], [4, 3], [5, 2], [4, 4], [5, 3], [4, 3], [5, 2], [4, 4], [5, 3], [4, 3], [5, 2], [4, 4], [5, 3], [4, 3], [5, 2], [4, 4], [5, 3], [4, 3], [5, 2], [4, 4], [5, 3], [4, 5]], "a_eggs_laid": [1, 1, 1, 1, 2, 2, 2, 2, 3, 3, 3, 3, 3, 3, 3, 3, 3, 3, 3, 3, 3, 3, 3, 3, 3, 3, 3, 3, 3, 3, 3, 3, 3, 3, 3, 3, 3, 3, 3, 3, 3, 3, 3, 3, 3, 3, 3, 3, 3, 3, 3, 3, 3, 3, 3, 3, 3, 3, 3, 3, 3, 3, 3, 3, 3, 3, 3, 3, 3, 3, 3, 3, 3, 3, 3, 3, 3, 3, 3, 3], "b_eggs_laid": [0, 1, 1, 1, 1, 2, 2, 2, 2, 3, 3, 3, 3, 4, 4, 4, 4, 4, 4, 4, 4, 4, 4, 4, 4, 4, 4, 4, 4, 4, 4, 4, 4, 5, 5, 5, 5, 5, 5, 5, 5, 5, 5, 5, 5, 5, 5, 5, 5, 5, 5, 5, 5, 5, 5, 5, 5, 5, 5, 5, 5, 5, 5, 5, 5, 5, 5, 5, 5, 5, 5, 5, 5, 5, 5, 5, 5, 5, 5, 5], "a_turds_left": [5, 5, 5, 5, 5, 5, 5, 5, 5, 5, 5, 5, 5, 5, 5, 5, 5, 5, 5, 5, 5, 5, 5, 5, 5, 5, 5, 5, 5, 5, 5, 5, 5, 5, 5, 5, 5, 5, 5, 5, 5, 5, 5, 5, 5, 5, 5, 5, 5, 5, 5, 5, 5, 5, 5, 5, 5, 5, 5, 5, 5, 5, 5, 5, 5, 5, 5, 5, 5, 5, 5, 5, 5, 5, 5, 5, 5, 5, 5, 5], "b_turds_left": [5, 5, 5, 5, 5, 5, 5, 5, 5, 5, 5, 4, 4, 4, 4, 4, 4, 4, 4, 4, 4, 4, 4, 4, 4, 4, 4, 4, 4, 4, 4, 4, 4, 4, 4, 4, 4, 4, 4, 4, 4, 4, 4, 4, 4, 4, 4, 4, 4, 4, 4, 4, 4, 4, 4, 4, 4, 4, 4, 4, 4, 4, 4, 4, 4, 4, 4, 4, 4, 4, 4, 4, 4, 4, 4, 4, 4, 4, 4, 4], "a_time_left": [359.98043220862746, 359.98043220862746, 359.89941325224936, 359.89941325224936, 359.85008204355836, 359.85008204355836, 359.75089525058866, 359.75089525058866, 359.70341395772994, 359.70341395772994, 359.6706177499145, 359.6706177499145, 359.66276320815086, 359.66276320815086, 359.6080482508987, 359.6080482508987, 359.6005876660347, 359.6005876660347, 359.546549834311, 359.546549834311, 359.5389216262847, 359.5389216262847, 359.4877920001745, 359.4877920001745, 359.48019258491695, 359.48019258491695, 359.42573962546885, 359.42573962546885, 359.4181356243789, 359.4181356243789, 359.3666301649064, 359.3666301649064, 359.3596385419369, 359.3596385419369, 359.3094262909144, 359.3094262909144, 359.3025111667812, 359.3025111667812, 359.25227433256805, 359.25227433256805, 359.24538458138704, 359.24538458138704, 359.1950282882899, 359.1950282882899, 359.18790158070624, 359.18790158070624, 359.13746749795973, 359.13746749795973, 359.1306495834142, 359.1306495834142, 359.0800550431013, 359.0800550431013, 359.07305316999555, 359.07305316999555, 359.022732462734, 359.022732462734, 359.0157452542335, 359.0157452542335, 358.9654957149178, 358.9654957149178, 358.9585735462606, 358.9585735462606, 358.90827721357346, 358.90827721357346, 358.90110204927623, 358.90110204927623, 358.8508983813226, 358.8508983813226, 358.84384704753757, 358.84384704753757, 358.7894759643823, 358.7894759643823, 358.7824550885707, 358.7824550885707, 358.7317231297493, 358.7317231297493, 358.72456229664385, 358.72456229664385, 358.6739920899272, 358.6739920899272], "b_time_left": [360, 359.98244391568005, 359.98244391568005, 359.89590608142316, 359.89590608142316, 359.8518468737602, 359.8518468737602, 359.6877437904477, 359.6877437904477, 359.65326795727015, 359.65326795727015, 359.5249327067286, 359.5249327067286, 359.4992516655475, 359.4992516655475, 359.4633008316159, 359.4633008316159, 359.45626183226705, 359.45626183226705, 359.42408566363156, 359.42408566363156, 359.41692187078297, 359.41692187078297, 359.3837094102055, 359.3837094102055, 359.37668282724917, 359.37668282724917, 359.3387109544128, 359.3387109544128, 359.33179666288197, 359.33179666288197, 359.30361324362457, 359.30361324362457, 359.28986432403326, 359.28986432403326, 359.2813344076276, 359.2813344076276, 359.2761394903064, 359.2761394903064, 359.2654261980206, 359.2654261980206, 359.2606407366693, 359.2606407366693, 359.2502689026296, 359.2502689026296, 359.24542398378253, 359.24542398378253, 359.23506648279727, 359.23506648279727, 359.22992352209985, 359.22992352209985, 359.2191909812391, 359.2191909812391, 359.21440827287734, 359.21440827287734, 359.2036162726581, 359.2036162726581, 359.1987438965589, 359.1987438965589, 359.18815318867564, 359.18815318867564, 359.1834186501801, 359.1834186501801, 359.1729393582791, 359.1729393582791, 359.1682321894914, 359.1682321894914, 359.1578042320907, 359.1578042320907, 359.15302877500653, 359.15302877500653, 359.14244014956057, 359.14244014956057, 359.1376745644957, 359.1376745644957, 359.12715644203126, 359.12715644203126, 359.1222219839692, 359.1222219839692, 359.12184498272836], "a_moves_left": [39, 39, 38, 38, 37, 37, 36, 36, 35, 35, 34, 34, 33, 33, 32, 32, 31, 31, 30, 30, 29, 29, 28, 28, 27, 27, 26, 26, 25, 25, 24, 24, 23, 23, 22, 22, 21, 21, 20, 20, 19, 19, 18, 18, 17, 17, 16, 16, 15, 15, 14, 14, 13, 13, 12, 12, 11, 11, 10, 10, 9, 9, 8, 8, 7, 7, 6, 6, 5, 5, 4, 4, 3, 3, 2, 2, 1, 1, 0, 0], "b_moves_left": [40, 39, 39, 38, 38, 37, 37, 36, 36, 35, 35, 34, 34, 33, 33, 32, 32, 31, 31, 30, 30, 29, 29, 28, 28, 27, 27, 26, 26, 25, 25, 24, 24, 23, 23, 22, 22, 21, 21, 20, 20, 19, 19, 18, 18, 17, 17, 16, 16, 15, 15, 14, 14, 13, 13, 12, 12, 11, 11, 10, 10, 9, 9, 8, 8, 7, 7, 6, 6, 5, 5, 4, 4, 3, 3, 2, 2, 1, 1, 0], "trapdoor_triggered": [0, 0, 0, 0, 0, 0, 0, 0, 0, 0, 0, 0, 0, 0, 0, 0, 0, 0, 0, 0, 0, 0, 0, 0, 0, 0, 0, 0, 0, 0, 0, 0, 0, 0, 0, 0, 0, 0, 0, 0, 0, 0, 0, 0, 0, 0, 0, 0, 0, 0, 0, 0, 0, 0, 0, 0, 0, 0, 0, 0, 0, 0, 0, 0, 0, 0, 0, 0, 0, 0, 0, 0, 0, 0, 0, 0, 0, 0, 0, 0], "left_behind": ["egg", "egg", "plain", "plain", "egg", "egg", "plain", "plain", "egg", "egg", "plain", "turd", "plain", "egg", "plain", "plain", "plain", "plain", "plain", "plain", "plain", "plain", "plain", "plain", "plain", "plain", "plain", "plain", "plain", "plain", "plain", "plain", "plain", "egg", "plain", "plain", "plain", "plain", "plain", "plain", "plain", "plain", "plain", "plain", "plain", "plain", "plain", "plain", "plain", "plain", "plain", "plain", "plain", "plain", "plain", "plain", "plain", "plain", "plain", "plain", "plain", "plain", "plain", "plain", "plain", "plain", "plain", "plain", "plain", "plain", "plain", "plain", "plain", "plain", "plain", "plain", "plain", "plain", "plain", "plain"], "errlog_a": "", "errlog_b": "", "start_time": 360, "start_moves": 40, "turn_count": 80, "result": 1, "reason": "EGGS_LAID", "trapdoors": [[2, 4], [3, 2]], "spawn_a": [6, 0], "spawn_b": [6, 7]}