{"pos": [[5, 0], [5, 7], [6, 0], [6, 7], [7, 0], [7, 7], [7, 1], [7, 6], [7, 2], [7, 5], [6, 2], [7, 4], [5, 2], [6, 4], [4, 2], [6, 3], [3, 2], [6, 4], [3, 0], [6, 5], [2, 0], [5, 5], [1, 0], [4, 5], [0, 0], [3, 5], [0, 1], [2, 5], [0, 2], [2, 4], [0, 3], [1, 4], [0, 4], [1, 3], [0, 5], [0, 3], [1, 5], [1, 3], [1, 6], [1, 2], [2, 6], [2, 2], [2, 7], [2, 1], [3, 7], [3, 1], [2, 7], [4, 1], [2, 6], [3, 1], [1, 6], [4, 1], [2, 6], [3, 1], [1, 6], [4, 1], [2, 6], [3, 1], [1, 6], [4, 1], [2, 6], [3, 1], [1, 6], [4, 1], [2, 6], [3, 1], [1, 6], [4, 1], [2, 6], [3, 1], [1, 6], [4, 1], [2, 6], [3, 1], [1, 6], [4, 1], [2, 6], [3, 1], [1, 6], [4, 1]], "a_eggs_laid": [1, 1, 1, 1, 2, 2, 2, 2, 3, 3, 3, 3, 4, 4, 4, 4, 5, 5, 5, 5, 5, 5, 6, 6, 6, 6, 9, 9, 9, 9, 10, 10, 10, 10, 11, 11, 11, 11, 12, 12, 12, 12, 13, 13, 13, 13, 14, 14, 14, 14, 14, 14, 14, 14, 14, 14, 14, 14, 14, 14, 14, 14, 14, 14, 14, 14, 14, 14, 14, 14, 14, 14, 14, 14, 14, 14, 14, 14, 14, 14], "b_eggs_laid": [0, 1, 1, 1, 1, 2, 2, 2, 2, 3, 3, 3, 3, 4, 4, 4, 4, 9, 9, 9, 9, 10, 10, 10, 10, 11, 11, 11, 11, 12, 12, 12, 12, 13, 13, 13, 13, 14, 14, 14, 14, 15, 15, 15, 15, 16, 16, 16, 16, 17, 17, 17, 17, 17, 17, 17, 17, 17, 17, 17, 17, 17, 17, 17, 17, 17, 17, 17, 17, 17, 17, 17, 17, 17, 17, 17, 17, 17, 17, 17], "a_turds_left": [5, 5, 5, 5, 5, 5, 4, 4, 4, 4, 3, 3, 3, 3, 2, 2, 2, 2, 2, 2, 2, 2, 2, 2, 2, 2, 2, 2, 2, 2, 2, 2, 2, 2, 2, 2, 2, 2, 2, 2, 2, 2, 2, 2, 2, 2, 2, 2, 2, 2, 2, 2, 2, 2, 2, 2, 2, 2, 2, 2, 2, 2, 2, 2, 2, 2, 2, 2, 2, 2, 2, 2, 2, 2, 2, 2, 2, 2, 2, 2], "b_turds_left": [5, 5, 5, 5, 5, 5, 5, 4, 4, 4, 4, 3, 3, 3, 3, 3, 3, 3, 3, 3, 3, 3, 3, 2, 2, 2, 2, 1, 1, 1, 1, 0, 0, 0, 0, 0, 0, 0, 0, 0, 0, 0, 0, 0, 0, 0, 0, 0, 0, 0, 0, 0, 0, 0, 0, 0, 0, 0, 0, 0, 0, 0, 0, 0, 0, 0, 0, 0, 0, 0, 0, 0, 0, 0, 0, 0, 0, 0, 0, 0], "a_time_left": [342.1099020000547, 342.1099020000547, 317.72762741521, 317.72762741521, 307.13787712343037, 307.13787712343037, 290.8757782485336, 290.8757782485336, 285.4424284566194, 285.4424284566194, 245.95780162140727, 245.95780162140727, 237.6567330826074, 237.6567330826074, 210.57420070841908, 210.57420070841908, 198.7422642931342, 198.7422642931342, 197.13771541789174, 197.13771541789174, 191.9053843356669, 191.9053843356669, 190.05030991882086, 190.05030991882086, 187.4603244177997, 187.4603244177997, 186.8291069176048, 186.8291069176048, 185.45347345620394, 185.45347345620394, 185.11693499609828, 185.11693499609828, 184.61068957857788, 184.61068957857788, 184.5400237031281, 184.5400237031281, 184.37254841066897, 184.37254841066897, 184.29302870295942, 184.29302870295942, 184.1116868276149, 184.1116868276149, 184.0361002869904, 184.0361002869904, 183.8344700783491, 183.8344700783491, 183.76260832883418, 183.76260832883418, 183.5692003685981, 183.5692003685981, 183.48675945028663, 183.48675945028663, 183.27955986745656, 183.27955986745656, 183.1969832405448, 183.1969832405448, 182.99053203128278, 182.99053203128278, 182.9078135713935, 182.9078135713935, 182.70115128159523, 182.70115128159523, 182.6183732803911, 182.6183732803911, 182.40765665471554, 182.40765665471554, 182.32484494522214, 182.32484494522214, 182.11805927753448, 182.11805927753448, 182.0353725682944, 182.0353725682944, 181.82800240069628, 181.82800240069628, 181.73947244137526, 181.73947244137526, 181.53118469007313, 181.53118469007313, 181.4484208151698, 181.4484208151698], "b_time_left": [360, 342.8339303769171, 342.8339303769171, 309.7952135428786, 309.7952135428786, 304.75364983454347, 304.75364983454347, 279.4032475836575, 279.4032475836575, 274.8744192495942, 274.8744192495942, 244.95376462489367, 244.95376462489367, 240.92709329165518, 240.92709329165518, 214.64148387499154, 214.64148387499154, 213.02264308184385, 213.02264308184385, 194.0558290388435, 194.0558290388435, 190.43789945542812, 190.43789945542812, 171.2977646626532, 171.2977646626532, 169.1503317449242, 169.1503317449242, 166.20499112084508, 166.20499112084508, 165.36606395430863, 165.36606395430863, 164.82530253566802, 164.82530253566802, 164.7350169941783, 164.7350169941783, 164.55565770342946, 164.55565770342946, 164.52239162102342, 164.52239162102342, 164.3682769536972, 164.3682769536972, 164.32162861898541, 164.32162861898541, 164.28937007673085, 164.28937007673085, 164.24159986898303, 164.24159986898303, 164.21703357808292, 164.21703357808292, 164.20114857889712, 164.20114857889712, 164.1562307048589, 164.1562307048589, 164.14052195474505, 164.14052195474505, 164.09572970680892, 164.09572970680892, 164.07996079139411, 164.07996079139411, 164.03517362475395, 164.03517362475395, 164.01932474970818, 164.01932474970818, 163.97490299865603, 163.97490299865603, 163.95885275118053, 163.95885275118053, 163.9142752084881, 163.9142752084881, 163.8986115399748, 163.8986115399748, 163.85375199839473, 163.85375199839473, 163.83691612258554, 163.83691612258554, 163.79214666597545, 163.79214666597545, 163.77628045901656, 163.77628045901656, 163.7318346258253], "a_moves_left": [39, 39, 38, 38, 37, 37, 36, 36, 35, 35, 34, 34, 33, 33, 32, 32, 31, 31, 30, 30, 29, 29, 28, 28, 27, 27, 26, 26, 25, 25, 24, 24, 23, 23, 22, 22, 21, 21, 20, 20, 19, 19, 18, 18, 17, 17, 16, 16, 15, 15, 14, 14, 13, 13, 12, 12, 11, 11, 10, 10, 9, 9, 8, 8, 7, 7, 6, 6, 5, 5, 4, 4, 3, 3, 2, 2, 1, 1, 0, 0], "b_moves_left": [40, 39, 39, 38, 38, 37, 37, 36, 36, 35, 35, 34, 34, 33, 33, 32, 32, 31, 31, 30, 30, 29, 29, 28, 28, 27, 27, 26, 26, 25, 25, 24, 24, 23, 23, 22, 22, 21, 21, 20, 20, 19, 19, 18, 18, 17, 17, 16, 16, 15, 15, 14, 14, 13, 13, 12, 12, 11, 11, 10, 10, 9, 9, 8, 8, 7, 7, 6, 6, 5, 5, 4, 4, 3, 3, 2, 2, 1, 1, 0], "trapdoor_triggered": [0, 0, 0, 0, 0, 0, 0, 0, 0, 0, 0, 0, 0, 0, 0, 0, 1, 0, 0, 0, 0, 0, 0, 0, 0, 0, 0, 0, 0, 0, 0, 0, 0, 0, 0, 0, 0, 0, 0, 0, 0, 0, 0, 0, 0, 0, 0, 0, 0, 0, 0, 0, 0, 0, 0, 0, 0, 0, 0, 0, 0, 0, 0, 0, 0, 0, 0, 0, 0, 0, 0, 0, 0, 0, 0, 0, 0, 0, 0, 0], "left_behind": ["egg", "egg", "plain", "plain", "egg", "egg", "turd", "turd", "egg", "egg", "turd", "turd", "egg", "egg", "turd", "plain", "egg", "egg", "plain", "plain", "plain", "egg", "egg", "turd", "plain", "egg", "egg", "turd", "plain", "egg", "egg", "turd", "plain", "egg", "egg", "plain", "plain", "egg", "egg", "plain", "plain", "egg", "egg", "plain", "plain", "egg", "egg", "plain", "plain", "egg", "plain", "plain", "plain", "plain", "plain", "plain", "plain", "plain", "plain", "plain", "plain", "plain", "plain", "plain", "plain", "plain", "plain", "plain", "plain", "plain", "plain", "plain", "plain", "plain", "plain", "plain", "plain", "plain", "plain", "plain"], "errlog_a": "", "errlog_b": "", "start_time": 360, "start_moves": 40, "turn_count": 80, "result": 1, "reason": "EGGS_LAID", "trapdoors": [[5, 3], [3, 2]], "spawn_a": [4, 0], "spawn_b": [4, 7]}