{"pos": [[1, 4], [7, 3], [1, 5], [7, 2], [2, 5], [6, 2], [2, 6], [6, 1], [1, 6], [5, 1], [1, 7], [5, 0], [0, 7], [6, 0], [0, 6], [7, 0], [0, 5], [6, 0], [0, 4], [5, 0], [0, 3], [4, 0], [0, 2], [3, 0], [0, 1], [2, 0], [0, 0], [1, 0], [0, 1], [2, 0], [1, 1], [1, 0], [2, 1], [2, 0], [3, 1], [1, 0], [3, 2], [2, 0], [4, 2], [2, 1], [4, 3], [2, 0], [4, 2], [3, 0], [4, 3], [4, 0], [5, 3], [4, 1], [1, 4], [4, 0], [1, 3], [4, 1], [2, 3], [4, 0], [2, 2], [4, 1], [1, 2], [5, 1], [1, 1], [5, 2], [0, 1], [6, 2], [0, 0], [6, 3], [0, 1], [6, 4], [0, 0], [5, 4], [0, 1], [5, 5], [0, 0], [6, 5], [0, 1], [6, 6], [0, 0], [5, 6], [0, 1], [5, 7], [0, 0], [4, 7]], "a_eggs_laid": [1, 1, 1, 1, 2, 2, 2, 2, 3, 3, 3, 3, 4, 4, 4, 4, 5, 5, 5, 5, 5, 5, 5, 5, 6, 6, 6, 6, 9, 9, 9, 9, 10, 10, 10, 10, 11, 11, 11, 11, 12, 12, 12, 12, 12, 12, 12, 12, 12, 12, 12, 12, 13, 13, 13, 13, 14, 14, 14, 14, 14, 14, 14, 14, 14, 14, 14, 14, 14, 14, 14, 14, 14, 14, 14, 14, 14, 14, 14, 14], "b_eggs_laid": [0, 1, 1, 1, 1, 2, 2, 2, 2, 3, 3, 3, 3, 4, 4, 4, 4, 7, 7, 7, 7, 7, 7, 7, 7, 8, 8, 8, 8, 9, 9, 9, 9, 9, 9, 9, 9, 9, 9, 9, 9, 10, 10, 10, 10, 10, 10, 14, 14, 15, 15, 15, 15, 15, 15, 15, 15, 15, 15, 15, 15, 16, 16, 16, 16, 17, 17, 17, 17, 18, 18, 18, 18, 19, 19, 19, 19, 20, 20, 20], "a_turds_left": [5, 5, 5, 5, 5, 5, 4, 4, 4, 4, 4, 4, 4, 4, 4, 4, 4, 4, 4, 4, 4, 4, 4, 4, 4, 4, 4, 4, 4, 4, 4, 4, 4, 4, 4, 4, 4, 4, 3, 3, 3, 3, 2, 2, 2, 2, 2, 2, 2, 2, 2, 2, 2, 2, 1, 1, 1, 1, 1, 1, 1, 1, 1, 1, 1, 1, 1, 1, 1, 1, 1, 1, 1, 1, 1, 1, 1, 1, 1, 1], "b_turds_left": [5, 5, 5, 5, 5, 5, 5, 5, 5, 5, 5, 5, 5, 5, 5, 5, 5, 5, 5, 5, 5, 5, 5, 5, 5, 5, 5, 5, 5, 5, 5, 5, 5, 5, 5, 5, 5, 5, 5, 5, 5, 5, 5, 5, 5, 5, 5, 5, 5, 5, 5, 5, 5, 5, 5, 5, 5, 5, 5, 5, 5, 5, 5, 5, 5, 5, 5, 5, 5, 5, 5, 4, 4, 4, 4, 4, 4, 4, 4, 4], "a_time_left": [352.2418764550239, 352.2418764550239, 296.9713774137199, 296.9713774137199, 290.4365512058139, 290.4365512058139, 262.0303716212511, 262.0303716212511, 254.7467267047614, 254.7467267047614, 246.00580812059343, 246.00580812059343, 242.29659899696708, 242.29659899696708, 233.97888924740255, 233.97888924740255, 229.78116766549647, 229.78116766549647, 213.98671558126807, 213.98671558126807, 207.6030595805496, 207.6030595805496, 186.62346670404077, 186.62346670404077, 182.4058791641146, 182.4058791641146, 178.51032928936183, 178.51032928936183, 178.12780887261033, 178.12780887261033, 176.28311270661652, 176.28311270661652, 175.53505133092403, 175.53505133092403, 174.20991170592606, 174.20991170592606, 172.88436262495816, 172.88436262495816, 170.1003898754716, 170.1003898754716, 168.87053599953651, 168.87053599953651, 166.47696325182915, 166.47696325182915, 165.71687187813222, 165.71687187813222, 164.3759170025587, 164.3759170025587, 164.17338641919196, 164.17338641919196, 162.81303988024592, 162.81303988024592, 162.5073397550732, 162.5073397550732, 161.66742925532162, 161.66742925532162, 161.56384558603168, 161.56384558603168, 161.2808242533356, 161.2808242533356, 161.23586596362293, 161.23586596362293, 161.0606302153319, 161.0606302153319, 161.01811388134956, 161.01811388134956, 160.84498558938503, 160.84498558938503, 160.79043721407652, 160.79043721407652, 160.63575871288776, 160.63575871288776, 160.59603513032198, 160.59603513032198, 160.46258229762316, 160.46258229762316, 160.42130655050278, 160.42130655050278, 160.2929676361382, 160.2929676361382], "b_time_left": [360, 352.18070729263127, 352.18070729263127, 299.6116827093065, 299.6116827093065, 293.8461385834962, 293.8461385834962, 263.1931872908026, 263.1931872908026, 258.7776071242988, 258.7776071242988, 245.7334109991789, 245.7334109991789, 242.63915983214974, 242.63915983214974, 235.06304691545665, 235.06304691545665, 233.71090925112367, 233.71090925112367, 223.84406508505344, 223.84406508505344, 222.16210187599063, 222.16210187599063, 213.65441141836345, 213.65441141836345, 210.7603423781693, 210.7603423781693, 205.11885279417038, 205.11885279417038, 203.79555237665772, 203.79555237665772, 200.22063167020679, 200.22063167020679, 200.06584517098963, 200.06584517098963, 198.1326473802328, 198.1326473802328, 197.99740108847618, 197.99740108847618, 197.44900533743203, 197.44900533743203, 197.32139479368925, 197.32139479368925, 196.87176558561623, 196.87176558561623, 196.5698889195919, 196.5698889195919, 195.957209629938, 195.957209629938, 195.7482115868479, 195.7482115868479, 194.97493733465672, 194.97493733465672, 194.75862346030772, 194.75862346030772, 194.149882087484, 194.149882087484, 193.78718513064086, 193.78718513064086, 192.69730038195848, 192.69730038195848, 191.63294338062406, 191.63294338062406, 190.8350068796426, 190.8350068796426, 189.40597625263035, 189.40597625263035, 188.00288796052337, 188.00288796052337, 186.9464036691934, 186.9464036691934, 185.6092667132616, 185.6092667132616, 184.842912171036, 184.842912171036, 183.99085758812726, 183.99085758812726, 183.42545750550926, 183.42545750550926, 182.79351158812642], "a_moves_left": [39, 39, 38, 38, 37, 37, 36, 36, 35, 35, 34, 34, 33, 33, 32, 32, 31, 31, 30, 30, 29, 29, 28, 28, 27, 27, 26, 26, 25, 25, 24, 24, 23, 23, 22, 22, 21, 21, 20, 20, 19, 19, 18, 18, 17, 17, 16, 16, 15, 15, 14, 14, 13, 13, 12, 12, 11, 11, 10, 10, 9, 9, 8, 8, 7, 7, 6, 6, 5, 5, 4, 4, 3, 3, 2, 2, 1, 1, 0, 0], "b_moves_left": [40, 39, 39, 38, 38, 37, 37, 36, 36, 35, 35, 34, 34, 33, 33, 32, 32, 31, 31, 30, 30, 29, 29, 28, 28, 27, 27, 26, 26, 25, 25, 24, 24, 23, 23, 22, 22, 21, 21, 20, 20, 19, 19, 18, 18, 17, 17, 16, 16, 15, 15, 14, 14, 13, 13, 12, 12, 11, 11, 10, 10, 9, 9, 8, 8, 7, 7, 6, 6, 5, 5, 4, 4, 3, 3, 2, 2, 1, 1, 0], "trapdoor_triggered": [0, 0, 0, 0, 0, 0, 0, 0, 0, 0, 0, 0, 0, 0, 0, 0, 0, 0, 0, 0, 0, 0, 0, 0, 0, 0, 0, 0, 0, 0, 0, 0, 0, 0, 0, 0, 0, 0, 0, 0, 0, 0, 0, 0, 0, 0, 1, 0, 0, 0, 0, 0, 0, 0, 0, 0, 0, 0, 0, 0, 0, 0, 0, 0, 0, 0, 0, 0, 0, 0, 0, 0, 0, 0, 0, 0, 0, 0, 0, 0], "left_behind": ["egg", "egg", "plain", "plain", "egg", "egg", "turd", "plain", "egg", "egg", "plain", "plain", "egg", "egg", "plain", "plain", "egg", "egg", "plain", "plain", "plain", "plain", "plain", "plain", "egg", "egg", "plain", "plain", "egg", "egg", "plain", "plain", "egg", "plain", "plain", "plain", "egg", "plain", "turd", "plain", "egg", "egg", "turd", "plain", "plain", "plain", "plain", "plain", "plain", "egg", "plain", "plain", "egg", "plain", "turd", "plain", "egg", "plain", "plain", "plain", "plain", "egg", "plain", "plain", "plain", "egg", "plain", "plain", "plain", "egg", "plain", "turd", "plain", "egg", "plain", "plain", "plain", "egg", "plain", "plain"], "errlog_a": "", "errlog_b": "", "start_time": 360, "start_moves": 40, "turn_count": 80, "result": 1, "reason": "EGGS_LAID", "trapdoors": [[5, 3], [3, 4]], "spawn_a": [0, 4], "spawn_b": [7, 4]}