{"pos": [[6, 7], [5, 1], [6, 6], [5, 2], [6, 7], [6, 2], [5, 7], [6, 3], [6, 7], [6, 4], [6, 6], [6, 5], [6, 7], [5, 5], [5, 7], [4, 5], [4, 7], [3, 5], [3, 7], [2, 5], [2, 7], [2, 4], [1, 7], [1, 4], [0, 7], [1, 3], [0, 6], [1, 2], [1, 6], [2, 2], [1, 5], [2, 3], [0, 5], [3, 3], [0, 4], [3, 4], [0, 3], [3, 5], [0, 2], [4, 5], [0, 1], [4, 6], [1, 1], [4, 7], [1, 0], [4, 6], [2, 0], [5, 6], [3, 0], [4, 6], [4, 0], [4, 5], [3, 0], [3, 5], [3, 1], [3, 6], [3, 0], [4, 6], [4, 0], [4, 5], [3, 0], [3, 5], [3, 1], [3, 4], [3, 0], [3, 3], [4, 0], [2, 3], [3, 0], [2, 4], [3, 1], [3, 4], [3, 0], [3, 3], [4, 0], [2, 3], [3, 0], [2, 4], [3, 1], [3, 4]], "a_eggs_laid": [1, 1, 1, 1, 2, 2, 2, 2, 2, 2, 2, 2, 2, 2, 2, 2, 2, 2, 2, 2, 3, 3, 3, 3, 4, 4, 4, 4, 5, 5, 5, 5, 6, 6, 6, 6, 7, 7, 7, 7, 8, 8, 8, 8, 9, 9, 9, 9, 10, 10, 10, 10, 11, 11, 11, 11, 12, 12, 12, 12, 12, 12, 12, 12, 12, 12, 12, 12, 12, 12, 12, 12, 12, 12, 12, 12, 12, 12, 12, 12], "b_eggs_laid": [0, 1, 1, 1, 1, 2, 2, 2, 2, 3, 3, 3, 3, 4, 4, 4, 4, 5, 5, 5, 5, 6, 6, 6, 6, 7, 7, 7, 7, 8, 8, 8, 8, 9, 9, 9, 9, 10, 10, 10, 10, 10, 10, 10, 10, 11, 11, 11, 11, 12, 12, 12, 12, 12, 12, 12, 12, 13, 13, 13, 13, 13, 13, 13, 13, 13, 13, 13, 13, 13, 13, 13, 13, 13, 13, 13, 13, 13, 13, 13], "a_turds_left": [5, 5, 4, 4, 4, 4, 4, 4, 4, 4, 4, 4, 4, 4, 4, 4, 4, 4, 4, 4, 4, 4, 4, 4, 4, 4, 4, 4, 4, 4, 3, 3, 3, 3, 2, 2, 2, 2, 1, 1, 1, 1, 0, 0, 0, 0, 0, 0, 0, 0, 0, 0, 0, 0, 0, 0, 0, 0, 0, 0, 0, 0, 0, 0, 0, 0, 0, 0, 0, 0, 0, 0, 0, 0, 0, 0, 0, 0, 0, 0], "b_turds_left": [5, 5, 5, 4, 4, 4, 4, 4, 4, 4, 4, 4, 4, 4, 4, 3, 3, 3, 3, 3, 3, 3, 3, 3, 3, 3, 3, 3, 3, 3, 3, 2, 2, 2, 2, 1, 1, 1, 1, 0, 0, 0, 0, 0, 0, 0, 0, 0, 0, 0, 0, 0, 0, 0, 0, 0, 0, 0, 0, 0, 0, 0, 0, 0, 0, 0, 0, 0, 0, 0, 0, 0, 0, 0, 0, 0, 0, 0, 0, 0], "a_time_left": [359.9697960000485, 359.9697960000485, 359.9206880815327, 359.9206880815327, 354.0367802903056, 354.0367802903056, 347.9822150822729, 347.9822150822729, 343.7559218313545, 343.7559218313545, 338.73818758130074, 338.73818758130074, 333.43516803719103, 333.43516803719103, 332.4140023291111, 332.4140023291111, 331.53521128743887, 331.53521128743887, 330.32532287202775, 330.32532287202775, 327.683750288561, 327.683750288561, 324.47291128896177, 324.47291128896177, 322.7516294121742, 322.7516294121742, 319.72387032955885, 319.72387032955885, 318.533469369635, 318.533469369635, 316.7949779126793, 316.7949779126793, 316.4286188278347, 316.4286188278347, 315.73198478482664, 315.73198478482664, 315.55626499280334, 315.55626499280334, 314.99979915842414, 314.99979915842414, 314.91355190612376, 314.91355190612376, 314.5970349907875, 314.5970349907875, 314.5755814909935, 314.5755814909935, 314.53916686587036, 314.53916686587036, 314.51714732684195, 314.51714732684195, 314.4985634945333, 314.4985634945333, 314.4853128287941, 314.4853128287941, 314.4668196607381, 314.4668196607381, 314.45410991087556, 314.45410991087556, 314.4356754925102, 314.4356754925102, 314.42242024093866, 314.42242024093866, 314.40412761457264, 314.40412761457264, 314.3908492792398, 314.3908492792398, 314.3726829420775, 314.3726829420775, 314.35937527380884, 314.35937527380884, 314.3412246480584, 314.3412246480584, 314.3280901890248, 314.3280901890248, 314.3099298160523, 314.3099298160523, 314.2964709009975, 314.2964709009975, 314.2783319000155, 314.2783319000155], "b_time_left": [360, 359.97757050022483, 359.97757050022483, 359.92655404284596, 359.92655404284596, 353.42877741903067, 353.42877741903067, 341.93865037709475, 341.93865037709475, 336.02636858448386, 336.02636858448386, 314.10151924937963, 314.10151924937963, 311.1452178750187, 311.1452178750187, 297.2814460415393, 297.2814460415393, 293.4604357909411, 293.4604357909411, 278.54692941345274, 278.54692941345274, 275.78712337464094, 275.78712337464094, 264.87631166540086, 264.87631166540086, 262.51523166522384, 262.51523166522384, 253.5002432912588, 253.5002432912588, 250.4010270833969, 250.4010270833969, 246.06714374944568, 246.06714374944568, 243.90005595982075, 243.90005595982075, 236.58370100148022, 236.58370100148022, 234.8500458765775, 234.8500458765775, 233.07986216805875, 233.07986216805875, 232.38720429316163, 232.38720429316163, 232.12822824902833, 232.12822824902833, 231.94055354222655, 231.94055354222655, 231.29855958372355, 231.29855958372355, 230.93603666685522, 230.93603666685522, 230.37971124984324, 230.37971124984324, 229.77663612551987, 229.77663612551987, 229.08050112612545, 229.08050112612545, 228.78109579347074, 228.78109579347074, 228.15419200249016, 228.15419200249016, 227.5711340866983, 227.5711340866983, 226.798659959808, 226.798659959808, 226.2749797925353, 226.2749797925353, 225.50596504099667, 225.50596504099667, 225.10968720540404, 225.10968720540404, 224.45466157980263, 224.45466157980263, 223.93066441640258, 223.93066441640258, 223.15596941672266, 223.15596941672266, 222.7594519611448, 222.7594519611448, 222.10213250666857], "a_moves_left": [39, 39, 38, 38, 37, 37, 36, 36, 35, 35, 34, 34, 33, 33, 32, 32, 31, 31, 30, 30, 29, 29, 28, 28, 27, 27, 26, 26, 25, 25, 24, 24, 23, 23, 22, 22, 21, 21, 20, 20, 19, 19, 18, 18, 17, 17, 16, 16, 15, 15, 14, 14, 13, 13, 12, 12, 11, 11, 10, 10, 9, 9, 8, 8, 7, 7, 6, 6, 5, 5, 4, 4, 3, 3, 2, 2, 1, 1, 0, 0], "b_moves_left": [40, 39, 39, 38, 38, 37, 37, 36, 36, 35, 35, 34, 34, 33, 33, 32, 32, 31, 31, 30, 30, 29, 29, 28, 28, 27, 27, 26, 26, 25, 25, 24, 24, 23, 23, 22, 22, 21, 21, 20, 20, 19, 19, 18, 18, 17, 17, 16, 16, 15, 15, 14, 14, 13, 13, 12, 12, 11, 11, 10, 10, 9, 9, 8, 8, 7, 7, 6, 6, 5, 5, 4, 4, 3, 3, 2, 2, 1, 1, 0], "trapdoor_triggered": [0, 0, 0, 0, 0, 0, 0, 0, 0, 0, 0, 0, 0, 0, 0, 0, 0, 0, 0, 0, 0, 0, 0, 0, 0, 0, 0, 0, 0, 0, 0, 0, 0, 0, 0, 0, 0, 0, 0, 0, 0, 0, 0, 0, 0, 0, 0, 0, 0, 0, 0, 0, 0, 0, 0, 0, 0, 0, 0, 0, 0, 0, 0, 0, 0, 0, 0, 0, 0, 0, 0, 0, 0, 0, 0, 0, 0, 0, 0, 0], "left_behind": ["egg", "egg", "turd", "turd", "egg", "egg", "plain", "plain", "plain", "egg", "plain", "plain", "plain", "egg", "plain", "turd", "plain", "egg", "plain", "plain", "egg", "egg", "plain", "plain", "egg", "egg", "plain", "plain", "egg", "egg", "turd", "turd", "egg", "egg", "turd", "turd", "egg", "egg", "turd", "turd", "egg", "plain", "turd", "plain", "egg", "egg", "plain", "plain", "egg", "egg", "plain", "plain", "egg", "plain", "plain", "plain", "egg", "egg", "plain", "plain", "plain", "plain", "plain", "plain", "plain", "plain", "plain", "plain", "plain", "plain", "plain", "plain", "plain", "plain", "plain", "plain", "plain", "plain", "plain", "plain"], "errlog_a": "", "errlog_b": "", "start_time": 360, "start_moves": 40, "turn_count": 80, "result": 1, "reason": "EGGS_LAID", "trapdoors": [[4, 2], [5, 4]], "spawn_a": [5, 7], "spawn_b": [5, 0]}