{"pos": [[2, 7], [2, 0], [2, 6], [2, 1], [2, 7], [2, 0], [3, 7], [3, 0], [4, 7], [4, 0], [5, 7], [5, 0], [6, 7], [6, 0], [6, 6], [6, 1], [7, 6], [6, 2], [7, 5], [7, 2], [7, 4], [7, 3], [6, 4], [7, 4], [6, 3], [7, 3], [5, 3], [6, 3], [5, 2], [6, 2], [4, 2], [5, 2], [4, 1], [5, 1], [4, 0], [4, 1]], "a_eggs_laid": [1, 1, 1, 1, 2, 2, 2, 2, 2, 2, 2, 2, 3, 3, 3, 3, 4, 4, 4, 4, 5, 5, 5, 5, 6, 6, 6, 6, 7, 7, 7, 7, 8, 8, 8, 8], "b_eggs_laid": [0, 1, 1, 1, 1, 2, 2, 2, 2, 2, 2, 2, 2, 3, 3, 3, 3, 4, 4, 4, 4, 5, 5, 5, 5, 6, 6, 6, 6, 7, 7, 7, 7, 8, 8, 10], "a_turds_left": [5, 5, 4, 4, 4, 4, 4, 4, 4, 4, 4, 4, 4, 4, 4, 4, 4, 4, 4, 4, 4, 4, 4, 4, 4, 4, 4, 4, 4, 4, 4, 4, 4, 4, 4, 4], "b_turds_left": [5, 5, 5, 4, 4, 4, 4, 4, 4, 4, 4, 4, 4, 4, 4, 4, 4, 4, 4, 4, 4, 4, 4, 4, 4, 4, 4, 4, 4, 4, 4, 4, 4, 4, 4, 3], "a_time_left": [359.9626700412482, 359.9626700412482, 359.907060418278, 359.907060418278, 359.0389352943748, 359.0389352943748, 357.74003262631595, 357.74003262631595, 357.1198286693543, 357.1198286693543, 354.8238370846957, 354.8238370846957, 354.1657970864326, 354.1657970864326, 351.6721119210124, 351.6721119210124, 350.880997505039, 350.880997505039, 349.8710050880909, 349.8710050880909, 349.2296107131988, 349.2296107131988, 348.7911440450698, 348.7911440450698, 348.3453389611095, 348.3453389611095, 347.9159341286868, 347.9159341286868, 347.1823653783649, 347.1823653783649, 347.0021592527628, 347.0021592527628, 346.5542195029557, 346.5542195029557, 346.39431329257786, 346.39431329257786], "b_time_left": [360, 359.9699597917497, 359.9699597917497, 359.9041072074324, 359.9041072074324, 359.2637422475964, 359.2637422475964, 357.9687412045896, 357.9687412045896, 357.4065251201391, 357.4065251201391, 355.22430141083896, 355.22430141083896, 354.60885190963745, 354.60885190963745, 352.19882940873504, 352.19882940873504, 351.76618457585573, 351.76618457585573, 349.734596574679, 349.734596574679, 349.6434431578964, 349.6434431578964, 348.7361766975373, 348.7361766975373, 348.71266432106495, 348.71266432106495, 347.95741915516555, 347.95741915516555, 347.9350988641381, 347.9350988641381, 347.7753586973995, 347.7753586973995, 347.75136640667915, 347.75136640667915, 347.460786446929], "a_moves_left": [39, 39, 38, 38, 37, 37, 36, 36, 35, 35, 34, 34, 33, 33, 32, 32, 31, 31, 30, 30, 29, 29, 28, 28, 27, 27, 26, 26, 25, 25, 24, 24, 23, 23, 22, 22], "b_moves_left": [40, 39, 39, 38, 38, 37, 37, 36, 36, 35, 35, 34, 34, 33, 33, 32, 32, 31, 31, 30, 30, 29, 29, 28, 28, 27, 27, 26, 26, 25, 25, 24, 24, 23, 23, 22], "trapdoor_triggered": [0, 0, 0, 0, 0, 0, 0, 0, 0, 0, 0, 0, 0, 0, 0, 0, 0, 0, 0, 0, 0, 0, 0, 0, 0, 0, 0, 0, 0, 0, 0, 0, 0, 0, 0, 0], "left_behind": ["egg", "egg", "turd", "turd", "egg", "egg", "plain", "plain", "plain", "plain", "plain", "plain", "egg", "egg", "plain", "plain", "egg", "egg", "plain", "plain", "egg", "egg", "plain", "plain", "egg", "egg", "plain", "plain", "egg", "egg", "plain", "plain", "egg", "egg", "plain", "turd"], "errlog_a": "", "errlog_b": "", "start_time": 360, "start_moves": 40, "turn_count": 36, "result": 1, "reason": "BLOCKING_END", "trapdoors": [[3, 3], [3, 4]], "spawn_a": [3, 7], "spawn_b": [3, 0]}