{"pos": [[6, 1], [1, 1], [6, 2], [1, 2], [6, 1], [0, 2], [5, 1], [0, 3], [6, 1], [0, 4], [6, 2], [0, 5], [6, 1], [0, 6], [5, 1], [0, 7], [6, 1], [1, 7], [6, 2], [2, 7], [6, 1], [3, 7], [6, 0], [4, 7], [5, 0], [5, 7], [4, 0], [6, 7], [3, 0], [6, 6], [3, 1], [6, 5]], "a_eggs_laid": [1, 1, 1, 1, 2, 2, 2, 2, 3, 3, 3, 3, 3, 3, 3, 3, 3, 3, 3, 3, 3, 3, 3, 3, 4, 4, 4, 4, 5, 5, 5, 5], "b_eggs_laid": [0, 1, 1, 1, 1, 2, 2, 2, 2, 3, 3, 3, 3, 4, 4, 4, 4, 7, 7, 7, 7, 8, 8, 8, 8, 9, 9, 9, 9, 10, 10, 10], "a_turds_left": [5, 5, 4, 4, 4, 4, 4, 4, 4, 4, 4, 4, 4, 4, 4, 4, 4, 4, 4, 4, 4, 4, 4, 4, 4, 4, 4, 4, 4, 4, 3, 3], "b_turds_left": [5, 5, 5, 5, 5, 5, 5, 5, 5, 5, 5, 5, 5, 5, 5, 5, 5, 5, 5, 5, 5, 5, 5, 5, 5, 5, 5, 4, 4, 4, 4, 3], "a_time_left": [359.9773628730327, 359.9773628730327, 359.9235886633396, 359.9235886633396, 353.5930853318423, 353.5930853318423, 347.0865771211684, 347.0865771211684, 338.6929660793394, 338.6929660793394, 333.2969263289124, 333.2969263289124, 328.8359210360795, 328.8359210360795, 323.94942378625274, 323.94942378625274, 318.3237759936601, 318.3237759936601, 315.85274741239846, 315.85274741239846, 312.1350168697536, 312.1350168697536, 310.37059611827135, 310.37059611827135, 308.0245219934732, 308.0245219934732, 304.5385787859559, 304.5385787859559, 302.2122617010027, 302.2122617010027, 297.841953240335, 297.841953240335], "b_time_left": [360, 359.9790216665715, 359.9790216665715, 359.9156449586153, 359.9156449586153, 352.24892762489617, 352.24892762489617, 329.98474329151213, 329.98474329151213, 322.27517570741475, 322.27517570741475, 311.0651133749634, 311.0651133749634, 304.39913516677916, 304.39913516677916, 293.5711740832776, 293.5711740832776, 290.32095312327147, 290.32095312327147, 279.8955059144646, 279.8955059144646, 274.34725866280496, 274.34725866280496, 270.376902371645, 270.376902371645, 266.0905324127525, 266.0905324127525, 262.6474224962294, 262.6474224962294, 259.3121144529432, 259.3121144529432, 253.79428803548217], "a_moves_left": [39, 39, 38, 38, 37, 37, 36, 36, 35, 35, 34, 34, 33, 33, 32, 32, 31, 31, 30, 30, 29, 29, 28, 28, 27, 27, 26, 26, 25, 25, 24, 24], "b_moves_left": [40, 39, 39, 38, 38, 37, 37, 36, 36, 35, 35, 34, 34, 33, 33, 32, 32, 31, 31, 30, 30, 29, 29, 28, 28, 27, 27, 26, 26, 25, 25, 24], "trapdoor_triggered": [0, 0, 0, 0, 0, 0, 0, 0, 0, 0, 0, 0, 0, 0, 0, 0, 0, 0, 0, 0, 0, 0, 0, 0, 0, 0, 0, 0, 0, 0, 0, 0], "left_behind": ["egg", "egg", "turd", "plain", "egg", "egg", "plain", "plain", "egg", "egg", "plain", "plain", "plain", "egg", "plain", "plain", "plain", "egg", "plain", "plain", "plain", "egg", "plain", "plain", "egg", "egg", "plain", "turd", "egg", "egg", "turd", "turd"], "errlog_a": "Timeout", "errlog_b": "", "start_time": 360, "start_moves": 40, "turn_count": 32, "result": 1, "reason": "CODE_CRASH", "trapdoors": [[5, 3], [5, 4]], "spawn_a": [7, 1], "spawn_b": [0, 1]}