{"pos": [[3, 6], [3, 1], [3, 5], [3, 2], [3, 4], [3, 3], [3, 5], [3, 2], [4, 5], [3, 1], [4, 4], [3, 2], [3, 6], [3, 1], [3, 5], [3, 2], [2, 5], [3, 1], [2, 4], [3, 2], [2, 5], [3, 1], [2, 4], [3, 2], [2, 5], [3, 1], [2, 4], [3, 2], [2, 5], [3, 1], [2, 4], [3, 0], [1, 4], [4, 0], [1, 5], [4, 1], [2, 5], [5, 1], [2, 4], [5, 2], [1, 4], [6, 2], [1, 5], [6, 3], [2, 5], [6, 4], [2, 4], [6, 5], [1, 4], [5, 5], [1, 3], [5, 6], [1, 2], [4, 6], [1, 1], [3, 6], [2, 1], [4, 6], [3, 1], [5, 6], [2, 1], [5, 5], [2, 2], [6, 5], [1, 2], [6, 4], [1, 3], [6, 3], [1, 4], [6, 2], [1, 5], [5, 2], [2, 5], [5, 1], [2, 6], [6, 1], [2, 7], [6, 2], [3, 7], [6, 3]], "a_eggs_laid": [1, 1, 1, 1, 2, 2, 2, 2, 2, 2, 2, 2, 2, 2, 2, 2, 2, 2, 2, 2, 3, 3, 3, 3, 3, 3, 3, 3, 3, 3, 3, 3, 3, 3, 3, 3, 4, 4, 4, 4, 4, 4, 4, 4, 4, 4, 4, 4, 4, 4, 4, 4, 5, 5, 5, 5, 6, 6, 6, 6, 7, 7, 7, 7, 8, 8, 8, 8, 8, 8, 8, 8, 8, 8, 8, 8, 9, 9, 9, 9], "b_eggs_laid": [0, 1, 1, 1, 1, 2, 2, 2, 2, 2, 2, 6, 6, 6, 6, 6, 6, 6, 6, 6, 6, 6, 6, 6, 6, 6, 6, 6, 6, 6, 6, 6, 6, 6, 6, 6, 6, 7, 7, 7, 7, 8, 8, 8, 8, 9, 9, 9, 9, 10, 10, 10, 10, 11, 11, 11, 11, 12, 12, 12, 12, 12, 12, 12, 12, 12, 12, 12, 12, 12, 12, 12, 12, 12, 12, 12, 12, 13, 13, 13], "a_turds_left": [5, 5, 5, 5, 5, 5, 5, 5, 5, 5, 5, 5, 5, 5, 5, 5, 5, 5, 5, 5, 5, 5, 5, 5, 5, 5, 5, 5, 5, 5, 5, 5, 5, 5, 4, 4, 4, 4, 3, 3, 3, 3, 3, 3, 3, 3, 3, 3, 3, 3, 3, 3, 3, 3, 2, 2, 2, 2, 1, 1, 1, 1, 1, 1, 1, 1, 1, 1, 1, 1, 1, 1, 1, 1, 1, 1, 1, 1, 0, 0], "b_turds_left": [5, 5, 5, 5, 5, 5, 5, 4, 4, 4, 4, 4, 4, 4, 4, 4, 4, 4, 4, 4, 4, 4, 4, 4, 4, 4, 4, 4, 4, 4, 4, 4, 4, 4, 4, 3, 3, 3, 3, 2, 2, 2, 2, 1, 1, 1, 1, 0, 0, 0, 0, 0, 0, 0, 0, 0, 0, 0, 0, 0, 0, 0, 0, 0, 0, 0, 0, 0, 0, 0, 0, 0, 0, 0, 0, 0, 0, 0, 0, 0], "a_time_left": [348.70049629174173, 348.70049629174173, 333.10545495711267, 333.10545495711267, 328.2476469576359, 328.2476469576359, 321.66835841722786, 321.66835841722786, 320.704785708338, 320.704785708338, 316.6028010416776, 316.6028010416776, 315.3843443337828, 315.3843443337828, 311.30035041458905, 311.30035041458905, 310.4719252474606, 310.4719252474606, 308.6916043739766, 308.6916043739766, 306.1380405817181, 306.1380405817181, 302.34966099634767, 302.34966099634767, 299.9015132896602, 299.9015132896602, 295.6660252902657, 295.6660252902657, 293.25154024735093, 293.25154024735093, 288.0495550390333, 288.0495550390333, 287.95736391469836, 287.95736391469836, 285.91522116586566, 285.91522116586566, 285.45205000042915, 285.45205000042915, 284.0734207108617, 284.0734207108617, 284.0292764175683, 284.0292764175683, 283.8193918336183, 283.8193918336183, 283.7852430809289, 283.7852430809289, 283.590101538226, 283.590101538226, 283.50935316458344, 283.50935316458344, 282.90484595671296, 282.90484595671296, 282.70949953980744, 282.70949953980744, 281.8219867032021, 281.8219867032021, 281.58934712037444, 281.58934712037444, 281.28555699437857, 281.28555699437857, 281.26437482610345, 281.26437482610345, 281.1546416580677, 281.1546416580677, 281.12496215850115, 281.12496215850115, 281.04329307563603, 281.04329307563603, 280.98082232661545, 280.98082232661545, 280.89221340976655, 280.89221340976655, 280.81037799455225, 280.81037799455225, 280.730315618217, 280.730315618217, 280.66065441071987, 280.66065441071987, 280.5209836177528, 280.5209836177528], "b_time_left": [360, 352.36334195919335, 352.36334195919335, 343.28989658504725, 343.28989658504725, 340.85713475197554, 340.85713475197554, 325.4993282519281, 325.4993282519281, 321.1169126275927, 321.1169126275927, 313.825222754851, 313.825222754851, 308.9822356272489, 308.9822356272489, 298.31631104648113, 298.31631104648113, 292.4837516322732, 292.4837516322732, 284.2469051312655, 284.2469051312655, 278.7455722168088, 278.7455722168088, 270.47772067599, 270.47772067599, 264.9461348429322, 264.9461348429322, 257.99453663267195, 257.99453663267195, 253.37245330028236, 253.37245330028236, 245.04423300735652, 245.04423300735652, 244.19834559224546, 244.19834559224546, 240.10780601017177, 240.10780601017177, 238.92181280255318, 238.92181280255318, 234.6744448468089, 234.6744448468089, 233.50267234630883, 233.50267234630883, 231.04217601381242, 231.04217601381242, 230.7727667633444, 230.7727667633444, 229.13539576344192, 229.13539576344192, 228.82393022440374, 228.82393022440374, 228.26574885100126, 228.26574885100126, 228.10588339343667, 228.10588339343667, 227.82866322621703, 227.82866322621703, 227.79814114421606, 227.79814114421606, 227.65879430994391, 227.65879430994391, 227.612141225487, 227.612141225487, 227.42780593410134, 227.42780593410134, 227.38140080869198, 227.38140080869198, 227.1634941417724, 227.1634941417724, 227.11791818216443, 227.11791818216443, 226.84841805696487, 226.84841805696487, 226.68331709690392, 226.68331709690392, 226.4384607654065, 226.4384607654065, 226.30606688931584, 226.30606688931584, 226.2203354705125], "a_moves_left": [39, 39, 38, 38, 37, 37, 36, 36, 35, 35, 34, 34, 33, 33, 32, 32, 31, 31, 30, 30, 29, 29, 28, 28, 27, 27, 26, 26, 25, 25, 24, 24, 23, 23, 22, 22, 21, 21, 20, 20, 19, 19, 18, 18, 17, 17, 16, 16, 15, 15, 14, 14, 13, 13, 12, 12, 11, 11, 10, 10, 9, 9, 8, 8, 7, 7, 6, 6, 5, 5, 4, 4, 3, 3, 2, 2, 1, 1, 0, 0], "b_moves_left": [40, 39, 39, 38, 38, 37, 37, 36, 36, 35, 35, 34, 34, 33, 33, 32, 32, 31, 31, 30, 30, 29, 29, 28, 28, 27, 27, 26, 26, 25, 25, 24, 24, 23, 23, 22, 22, 21, 21, 20, 20, 19, 19, 18, 18, 17, 17, 16, 16, 15, 15, 14, 14, 13, 13, 12, 12, 11, 11, 10, 10, 9, 9, 8, 8, 7, 7, 6, 6, 5, 5, 4, 4, 3, 3, 2, 2, 1, 1, 0], "trapdoor_triggered": [0, 0, 0, 0, 0, 0, 0, 0, 0, 0, 1, 0, 0, 0, 0, 0, 0, 0, 0, 0, 0, 0, 0, 0, 0, 0, 0, 0, 0, 0, 0, 0, 0, 0, 0, 0, 0, 0, 0, 0, 0, 0, 0, 0, 0, 0, 0, 0, 0, 0, 0, 0, 0, 0, 0, 0, 0, 0, 0, 0, 0, 0, 0, 0, 0, 0, 0, 0, 0, 0, 0, 0, 0, 0, 0, 0, 0, 0, 0, 0], "left_behind": ["egg", "egg", "plain", "plain", "egg", "egg", "plain", "turd", "plain", "plain", "plain", "plain", "plain", "plain", "plain", "plain", "plain", "plain", "plain", "plain", "egg", "plain", "plain", "plain", "plain", "plain", "plain", "plain", "plain", "plain", "plain", "plain", "plain", "plain", "turd", "turd", "egg", "egg", "turd", "turd", "plain", "egg", "plain", "turd", "plain", "egg", "plain", "turd", "plain", "egg", "plain", "plain", "egg", "egg", "turd", "plain", "egg", "egg", "turd", "plain", "egg", "plain", "plain", "plain", "egg", "plain", "plain", "plain", "plain", "plain", "plain", "plain", "plain", "plain", "plain", "plain", "egg", "egg", "turd", "plain"], "errlog_a": "", "errlog_b": "", "start_time": 360, "start_moves": 40, "turn_count": 80, "result": 1, "reason": "EGGS_LAID", "trapdoors": [[4, 4], [4, 3]], "spawn_a": [3, 7], "spawn_b": [3, 0]}