{"pos": [[6, 1], [6, 6], [5, 1], [5, 6], [5, 2], [4, 6], [4, 2]], "a_eggs_laid": [1, 1, 1, 1, 2, 2, 2], "b_eggs_laid": [0, 1, 1, 1, 1, 2, 2], "a_turds_left": [5, 5, 4, 4, 4, 4, 4], "b_turds_left": [5, 5, 5, 4, 4, 4, 4], "a_time_left": [359.97670791484416, 359.97670791484416, 359.92948483116925, 359.92948483116925, 350.40272537246346, 350.40272537246346, 305.3289140816778], "b_time_left": [360, 359.9774605408311, 359.9774605408311, 359.9061648733914, 359.9061648733914, 348.87456203997135, 348.87456203997135], "a_moves_left": [39, 39, 38, 38, 37, 37, 36], "b_moves_left": [40, 39, 39, 38, 38, 37, 37], "trapdoor_triggered": [0, 0, 0, 0, 0, 0, 0], "left_behind": ["egg", "egg", "turd", "turd", "egg", "egg", "plain"], "errlog_a": "", "errlog_b": "Timeout", "start_time": 360, "start_moves": 40, "turn_count": 7, "result": 0, "reason": "CODE_CRASH", "trapdoors": [[5, 3], [4, 3]], "spawn_a": [6, 0], "spawn_b": [6, 7]}