{"pos": [[1, 6], [0, 0], [2, 6], [0, 1], [1, 6], [0, 2], [2, 6], [1, 2], [3, 6], [2, 2], [4, 6], [3, 2], [5, 6], [4, 2], [5, 5], [4, 3], [6, 5], [5, 3], [6, 4], [5, 4], [7, 4], [5, 3], [7, 3], [6, 3], [7, 2], [6, 2], [7, 1], [6, 1], [7, 0], [6, 0], [7, 1], [5, 0], [7, 0], [4, 0], [6, 0], [4, 1], [7, 0], [4, 2], [7, 1], [3, 2], [7, 0], [2, 2], [6, 0], [2, 3], [7, 0], [1, 3], [7, 1], [1, 4], [7, 0], [0, 4], [6, 0], [0, 5], [7, 0], [0, 4], [7, 1], [1, 4], [7, 0], [1, 3], [6, 0], [2, 3], [7, 0], [2, 2], [7, 1], [3, 2], [7, 0], [3, 1], [6, 0], [3, 0], [7, 0], [3, 1], [7, 1], [4, 1], [7, 0], [4, 2], [6, 0], [4, 3], [7, 0], [4, 2], [7, 1], [4, 3]], "a_eggs_laid": [1, 1, 1, 1, 2, 2, 2, 2, 2, 2, 2, 2, 3, 3, 3, 3, 4, 4, 4, 4, 5, 5, 5, 5, 6, 6, 6, 6, 7, 7, 7, 7, 7, 7, 7, 7, 8, 8, 8, 8, 8, 8, 8, 8, 8, 8, 8, 8, 8, 8, 8, 8, 8, 8, 8, 8, 8, 8, 8, 8, 8, 8, 8, 8, 8, 8, 8, 8, 8, 8, 8, 8, 8, 8, 8, 8, 8, 8, 8, 8], "b_eggs_laid": [0, 1, 1, 1, 1, 2, 2, 2, 2, 3, 3, 3, 3, 4, 4, 4, 4, 5, 5, 5, 5, 6, 6, 6, 6, 7, 7, 7, 7, 8, 8, 8, 8, 9, 9, 9, 9, 10, 10, 10, 10, 10, 10, 10, 10, 11, 11, 11, 11, 12, 12, 12, 12, 13, 13, 13, 13, 13, 13, 13, 13, 13, 13, 13, 13, 13, 13, 13, 13, 14, 14, 14, 14, 14, 14, 14, 14, 14, 14, 14], "a_turds_left": [5, 5, 4, 4, 4, 4, 4, 4, 4, 4, 4, 4, 4, 4, 3, 3, 3, 3, 3, 3, 3, 3, 2, 2, 2, 2, 2, 2, 2, 2, 2, 2, 2, 2, 1, 1, 1, 1, 1, 1, 1, 1, 1, 1, 1, 1, 1, 1, 1, 1, 1, 1, 1, 1, 1, 1, 1, 1, 1, 1, 1, 1, 1, 1, 1, 1, 1, 1, 1, 1, 1, 1, 1, 1, 1, 1, 1, 1, 1, 1], "b_turds_left": [5, 5, 5, 4, 4, 4, 4, 3, 3, 3, 3, 2, 2, 2, 2, 2, 2, 2, 2, 1, 1, 1, 1, 1, 1, 1, 1, 0, 0, 0, 0, 0, 0, 0, 0, 0, 0, 0, 0, 0, 0, 0, 0, 0, 0, 0, 0, 0, 0, 0, 0, 0, 0, 0, 0, 0, 0, 0, 0, 0, 0, 0, 0, 0, 0, 0, 0, 0, 0, 0, 0, 0, 0, 0, 0, 0, 0, 0, 0, 0], "a_time_left": [356.86249499954283, 356.86249499954283, 346.38610033504665, 346.38610033504665, 341.6660409197211, 341.6660409197211, 335.97062183730304, 335.97062183730304, 332.2784119620919, 332.2784119620919, 320.53932200558484, 320.53932200558484, 317.1615322548896, 317.1615322548896, 312.52740146405995, 312.52740146405995, 309.5730785895139, 309.5730785895139, 307.1203522980213, 307.1203522980213, 306.8639781754464, 306.8639781754464, 306.05287521518767, 306.05287521518767, 305.9138826727867, 305.9138826727867, 305.8099950905889, 305.8099950905889, 305.7739890087396, 305.7739890087396, 305.7736426759511, 305.7736426759511, 305.77248946763575, 305.77248946763575, 305.770071843639, 305.770071843639, 305.7696694266051, 305.7696694266051, 305.7690359670669, 305.7690359670669, 305.7686509247869, 305.7686509247869, 305.7680256329477, 305.7680256329477, 305.7676415089518, 305.7676415089518, 305.76699934341013, 305.76699934341013, 305.7666154280305, 305.7666154280305, 305.76600213721395, 305.76600213721395, 305.7656442616135, 305.7656442616135, 305.76504405401647, 305.76504405401647, 305.7646585535258, 305.7646585535258, 305.7640408873558, 305.7640408873558, 305.76364905387163, 305.76364905387163, 305.7630242202431, 305.7630242202431, 305.76260626502335, 305.76260626502335, 305.76197947375476, 305.76197947375476, 305.7616077661514, 305.7616077661514, 305.76098447293043, 305.76098447293043, 305.7606030572206, 305.7606030572206, 305.7599793933332, 305.7599793933332, 305.759594893083, 305.759594893083, 305.7589641008526, 305.7589641008526], "b_time_left": [360, 356.46136453934014, 356.46136453934014, 350.31040016561747, 350.31040016561747, 347.6620592921972, 347.6620592921972, 341.24805112555623, 341.24805112555623, 338.92080099880695, 338.92080099880695, 330.6646274998784, 330.6646274998784, 328.2960426658392, 328.2960426658392, 325.01871966570616, 325.01871966570616, 323.35699903964996, 323.35699903964996, 321.86095162294805, 321.86095162294805, 321.3290024548769, 321.3290024548769, 320.7339580785483, 320.7339580785483, 320.38632541149855, 320.38632541149855, 319.84690174646676, 319.84690174646676, 319.76390424743295, 319.76390424743295, 319.68540149740875, 319.68540149740875, 319.59404266253114, 319.59404266253114, 319.4784522037953, 319.4784522037953, 319.3077744524926, 319.3077744524926, 319.1670914925635, 319.1670914925635, 318.9849874917418, 318.9849874917418, 318.91233020089567, 318.91233020089567, 318.7608924936503, 318.7608924936503, 318.65327236801386, 318.65327236801386, 318.57653203606606, 318.57653203606606, 318.5114469528198, 318.5114469528198, 318.47391241416335, 318.47391241416335, 318.32257924601436, 318.32257924601436, 318.23347182944417, 318.23347182944417, 318.0851601213217, 318.0851601213217, 317.9792104139924, 317.9792104139924, 317.7935902494937, 317.7935902494937, 317.66346441581845, 317.66346441581845, 317.53131783381104, 317.53131783381104, 317.4210318736732, 317.4210318736732, 317.24328974820673, 317.24328974820673, 317.16202320717275, 317.16202320717275, 317.0148365404457, 317.0148365404457, 316.9267146214843, 316.9267146214843, 316.7248834576458], "a_moves_left": [39, 39, 38, 38, 37, 37, 36, 36, 35, 35, 34, 34, 33, 33, 32, 32, 31, 31, 30, 30, 29, 29, 28, 28, 27, 27, 26, 26, 25, 25, 24, 24, 23, 23, 22, 22, 21, 21, 20, 20, 19, 19, 18, 18, 17, 17, 16, 16, 15, 15, 14, 14, 13, 13, 12, 12, 11, 11, 10, 10, 9, 9, 8, 8, 7, 7, 6, 6, 5, 5, 4, 4, 3, 3, 2, 2, 1, 1, 0, 0], "b_moves_left": [40, 39, 39, 38, 38, 37, 37, 36, 36, 35, 35, 34, 34, 33, 33, 32, 32, 31, 31, 30, 30, 29, 29, 28, 28, 27, 27, 26, 26, 25, 25, 24, 24, 23, 23, 22, 22, 21, 21, 20, 20, 19, 19, 18, 18, 17, 17, 16, 16, 15, 15, 14, 14, 13, 13, 12, 12, 11, 11, 10, 10, 9, 9, 8, 8, 7, 7, 6, 6, 5, 5, 4, 4, 3, 3, 2, 2, 1, 1, 0], "trapdoor_triggered": [0, 0, 0, 0, 0, 0, 0, 0, 0, 0, 0, 0, 0, 0, 0, 0, 0, 0, 0, 0, 0, 0, 0, 0, 0, 0, 0, 0, 0, 0, 0, 0, 0, 0, 0, 0, 0, 0, 0, 0, 0, 0, 0, 0, 0, 0, 0, 0, 0, 0, 0, 0, 0, 0, 0, 0, 0, 0, 0, 0, 0, 0, 0, 0, 0, 0, 0, 0, 0, 0, 0, 0, 0, 0, 0, 0, 0, 0, 0, 0], "left_behind": ["egg", "egg", "turd", "turd", "egg", "egg", "plain", "turd", "plain", "egg", "plain", "turd", "egg", "egg", "turd", "plain", "egg", "egg", "plain", "turd", "egg", "egg", "turd", "plain", "egg", "egg", "plain", "turd", "egg", "egg", "plain", "plain", "plain", "egg", "turd", "plain", "egg", "egg", "plain", "plain", "plain", "plain", "plain", "plain", "plain", "egg", "plain", "plain", "plain", "egg", "plain", "plain", "plain", "egg", "plain", "plain", "plain", "plain", "plain", "plain", "plain", "plain", "plain", "plain", "plain", "plain", "plain", "plain", "plain", "egg", "plain", "plain", "plain", "plain", "plain", "plain", "plain", "plain", "plain", "plain"], "errlog_a": "", "errlog_b": "", "start_time": 360, "start_moves": 40, "turn_count": 80, "result": 1, "reason": "EGGS_LAID", "trapdoors": [[4, 4], [5, 2]], "spawn_a": [1, 7], "spawn_b": [1, 0]}