{"pos": [[7, 0], [0, 2], [6, 0], [0, 3], [5, 0], [0, 4], [4, 0], [0, 5], [4, 1], [1, 5], [3, 1], [2, 5], [3, 2], [3, 5], [4, 2], [4, 5], [4, 3], [5, 5], [7, 2], [6, 5], [7, 3], [6, 4], [7, 4], [6, 3], [6, 4], [5, 3], [7, 4], [5, 4], [7, 5], [4, 4], [7, 6], [1, 1], [6, 6], [2, 1], [6, 7], [2, 0], [5, 7], [1, 0], [4, 7], [0, 0], [3, 7], [0, 1], [2, 7], [0, 2], [1, 7], [1, 2], [1, 6], [1, 3], [1, 5], [1, 4], [1, 6], [2, 4], [2, 6], [2, 5], [2, 7], [3, 5], [3, 7], [3, 4], [4, 7], [2, 4], [5, 7], [2, 5], [6, 7], [3, 5], [7, 7], [3, 4], [7, 6], [2, 4], [7, 5], [2, 5], [7, 4], [3, 5], [7, 3], [3, 4], [7, 2], [2, 4], [6, 2], [2, 5], [6, 1], [3, 5]], "a_eggs_laid": [1, 1, 1, 1, 2, 2, 2, 2, 3, 3, 3, 3, 4, 4, 4, 4, 5, 5, 5, 5, 5, 5, 6, 6, 6, 6, 7, 7, 7, 7, 12, 12, 12, 12, 13, 13, 13, 13, 14, 14, 14, 14, 15, 15, 15, 15, 16, 16, 16, 16, 17, 17, 17, 17, 18, 18, 18, 18, 18, 18, 18, 18, 18, 18, 18, 18, 21, 21, 21, 21, 21, 21, 21, 21, 21, 21, 21, 21, 22, 22], "b_eggs_laid": [0, 1, 1, 1, 1, 2, 2, 2, 2, 3, 3, 3, 3, 4, 4, 4, 4, 9, 9, 9, 9, 10, 10, 10, 10, 11, 11, 11, 11, 12, 12, 12, 12, 12, 12, 13, 13, 13, 13, 14, 14, 14, 14, 14, 14, 14, 14, 15, 15, 15, 15, 16, 16, 16, 16, 16, 16, 16, 16, 17, 17, 17, 17, 17, 17, 17, 17, 17, 17, 17, 17, 17, 17, 17, 17, 17, 17, 17, 17, 17], "a_turds_left": [5, 5, 5, 5, 5, 5, 5, 5, 5, 5, 5, 5, 5, 5, 4, 4, 4, 4, 4, 4, 4, 4, 4, 4, 4, 4, 4, 4, 4, 4, 4, 4, 4, 4, 4, 4, 4, 4, 4, 4, 4, 4, 4, 4, 4, 4, 4, 4, 4, 4, 4, 4, 4, 4, 4, 4, 4, 4, 4, 4, 4, 4, 4, 4, 4, 4, 4, 4, 4, 4, 4, 4, 4, 4, 4, 4, 4, 4, 4, 4], "b_turds_left": [5, 5, 5, 4, 4, 4, 4, 3, 3, 3, 3, 3, 3, 3, 3, 2, 2, 2, 2, 1, 1, 1, 1, 1, 1, 1, 1, 0, 0, 0, 0, 0, 0, 0, 0, 0, 0, 0, 0, 0, 0, 0, 0, 0, 0, 0, 0, 0, 0, 0, 0, 0, 0, 0, 0, 0, 0, 0, 0, 0, 0, 0, 0, 0, 0, 0, 0, 0, 0, 0, 0, 0, 0, 0, 0, 0, 0, 0, 0, 0], "a_time_left": [358.58163591474295, 358.58163591474295, 357.2278107069433, 357.2278107069433, 355.78807495720685, 355.78807495720685, 354.19003578834236, 354.19003578834236, 352.9561155792326, 352.9561155792326, 341.4789094533771, 341.4789094533771, 338.8650337457657, 338.8650337457657, 327.04070666246116, 327.04070666246116, 323.34495174512267, 323.34495174512267, 322.3680844102055, 322.3680844102055, 321.7943904940039, 321.7943904940039, 321.7706328704953, 321.7706328704953, 321.6679472066462, 321.6679472066462, 321.6060173716396, 321.6060173716396, 321.4503675363958, 321.4503675363958, 321.41227287240326, 321.41227287240326, 321.3466307464987, 321.3466307464987, 321.3008712474257, 321.3008712474257, 321.2242047470063, 321.2242047470063, 321.1748610790819, 321.1748610790819, 321.10126170516014, 321.10126170516014, 321.0481301639229, 321.0481301639229, 320.97080566361547, 320.97080566361547, 320.89889954030514, 320.89889954030514, 320.8154042046517, 320.8154042046517, 320.7477662470192, 320.7477662470192, 320.6656368318945, 320.6656368318945, 320.6139526627958, 320.6139526627958, 320.5409713294357, 320.5409713294357, 320.49897420592606, 320.49897420592606, 320.40271058119833, 320.40271058119833, 320.36337616480887, 320.36337616480887, 320.29128570854664, 320.29128570854664, 320.2420240826905, 320.2420240826905, 320.15969391539693, 320.15969391539693, 320.105671916157, 320.105671916157, 320.00837187469006, 320.00837187469006, 319.9379274584353, 319.9379274584353, 319.8112944588065, 319.8112944588065, 319.7392820045352, 319.7392820045352], "b_time_left": [360, 356.87941024824977, 356.87941024824977, 337.93799870833755, 337.93799870833755, 326.9620091691613, 326.9620091691613, 307.8457215856761, 307.8457215856761, 302.06546846218407, 302.06546846218407, 282.6388203781098, 282.6388203781098, 268.7667048778385, 268.7667048778385, 263.66375150159, 263.66375150159, 263.1143830008805, 263.1143830008805, 261.7715721260756, 261.7715721260756, 261.48108621127903, 261.48108621127903, 261.11718946136534, 261.11718946136534, 260.82935971207917, 260.82935971207917, 259.8324919193983, 259.8324919193983, 259.67317521199584, 259.67317521199584, 259.6337308790535, 259.6337308790535, 259.604653256014, 259.604653256014, 259.59706559218466, 259.59706559218466, 259.58356084115803, 259.58356084115803, 259.5704393424094, 259.5704393424094, 259.55110380239785, 259.55110380239785, 259.50945088639855, 259.50945088639855, 259.44743026047945, 259.44743026047945, 259.4190500099212, 259.4190500099212, 259.37186980061233, 259.37186980061233, 259.3536802586168, 259.3536802586168, 259.30091359093785, 259.30091359093785, 259.2765847146511, 259.2765847146511, 259.2346495054662, 259.2346495054662, 259.2178485058248, 259.2178485058248, 259.1881284210831, 259.1881284210831, 259.1712512560189, 259.1712512560189, 259.1417545489967, 259.1417545489967, 259.1265678424388, 259.1265678424388, 259.0979644674808, 259.0979644674808, 259.0811649672687, 259.0811649672687, 259.0532577596605, 259.0532577596605, 259.0371765512973, 259.0371765512973, 259.0038438420743, 259.0038438420743, 258.9854650069028], "a_moves_left": [39, 39, 38, 38, 37, 37, 36, 36, 35, 35, 34, 34, 33, 33, 32, 32, 31, 31, 30, 30, 29, 29, 28, 28, 27, 27, 26, 26, 25, 25, 24, 24, 23, 23, 22, 22, 21, 21, 20, 20, 19, 19, 18, 18, 17, 17, 16, 16, 15, 15, 14, 14, 13, 13, 12, 12, 11, 11, 10, 10, 9, 9, 8, 8, 7, 7, 6, 6, 5, 5, 4, 4, 3, 3, 2, 2, 1, 1, 0, 0], "b_moves_left": [40, 39, 39, 38, 38, 37, 37, 36, 36, 35, 35, 34, 34, 33, 33, 32, 32, 31, 31, 30, 30, 29, 29, 28, 28, 27, 27, 26, 26, 25, 25, 24, 24, 23, 23, 22, 22, 21, 21, 20, 20, 19, 19, 18, 18, 17, 17, 16, 16, 15, 15, 14, 14, 13, 13, 12, 12, 11, 11, 10, 10, 9, 9, 8, 8, 7, 7, 6, 6, 5, 5, 4, 4, 3, 3, 2, 2, 1, 1, 0], "trapdoor_triggered": [0, 0, 0, 0, 0, 0, 0, 0, 0, 0, 0, 0, 0, 0, 0, 0, 1, 0, 0, 0, 0, 0, 0, 0, 0, 0, 0, 0, 0, 1, 0, 0, 0, 0, 0, 0, 0, 0, 0, 0, 0, 0, 0, 0, 0, 0, 0, 0, 0, 0, 0, 0, 0, 0, 0, 0, 0, 0, 0, 0, 0, 0, 0, 0, 0, 0, 0, 0, 0, 0, 0, 0, 0, 0, 0, 0, 0, 0, 0, 0], "left_behind": ["egg", "egg", "plain", "turd", "egg", "egg", "plain", "turd", "egg", "egg", "plain", "plain", "egg", "egg", "turd", "turd", "egg", "egg", "plain", "turd", "plain", "egg", "egg", "plain", "plain", "egg", "egg", "turd", "plain", "egg", "egg", "plain", "plain", "plain", "egg", "egg", "plain", "plain", "egg", "egg", "plain", "plain", "egg", "plain", "plain", "plain", "egg", "egg", "plain", "plain", "egg", "egg", "plain", "plain", "egg", "plain", "plain", "plain", "plain", "egg", "plain", "plain", "plain", "plain", "plain", "plain", "egg", "plain", "plain", "plain", "plain", "plain", "plain", "plain", "plain", "plain", "plain", "plain", "egg", "plain"], "errlog_a": "", "errlog_b": "", "start_time": 360, "start_moves": 40, "turn_count": 80, "result": 0, "reason": "EGGS_LAID", "trapdoors": [[4, 4], [4, 3]], "spawn_a": [7, 1], "spawn_b": [0, 1]}