{"pos": [[4, 1], [4, 6], [4, 2], [4, 5], [4, 3], [3, 5], [5, 3], [3, 4], [4, 3], [2, 4], [4, 4], [1, 4], [5, 0], [1, 5], [6, 0], [0, 5], [7, 0], [0, 6], [7, 1], [0, 7], [7, 2], [1, 7], [7, 3], [2, 7], [7, 4], [3, 7], [7, 5], [4, 7], [6, 5], [5, 7], [6, 4], [6, 7], [6, 5], [7, 7], [6, 4], [7, 6], [6, 3], [6, 6], [6, 2], [6, 5], [6, 1], [5, 5], [5, 1], [5, 4], [6, 1], [5, 5], [5, 1], [5, 4], [6, 1], [5, 5], [5, 1], [5, 4], [6, 1], [5, 5], [5, 1], [5, 4], [6, 1], [5, 5], [5, 1], [5, 4], [6, 1], [5, 5], [5, 1], [5, 4], [6, 1], [5, 5], [5, 1], [5, 4], [6, 1], [5, 5], [5, 1], [5, 4], [6, 1], [5, 5], [5, 1], [5, 4], [6, 1], [5, 5], [5, 1], [5, 4]], "a_eggs_laid": [1, 1, 1, 1, 2, 2, 2, 2, 3, 3, 3, 3, 3, 3, 3, 3, 4, 4, 4, 4, 5, 5, 5, 5, 6, 6, 6, 6, 7, 7, 7, 7, 8, 8, 8, 8, 8, 8, 8, 8, 9, 9, 9, 9, 10, 10, 10, 10, 10, 10, 10, 10, 10, 10, 10, 10, 10, 10, 10, 10, 10, 10, 10, 10, 10, 10, 10, 10, 10, 10, 10, 10, 10, 10, 10, 10, 10, 10, 10, 10], "b_eggs_laid": [0, 1, 1, 1, 1, 2, 2, 2, 2, 3, 3, 7, 7, 8, 8, 8, 8, 9, 9, 9, 9, 12, 12, 12, 12, 13, 13, 13, 13, 13, 13, 13, 13, 14, 14, 14, 14, 15, 15, 15, 15, 16, 16, 16, 16, 17, 17, 17, 17, 17, 17, 17, 17, 17, 17, 17, 17, 17, 17, 17, 17, 17, 17, 17, 17, 17, 17, 17, 17, 17, 17, 17, 17, 17, 17, 17, 17, 17, 17, 17], "a_turds_left": [5, 5, 5, 5, 5, 5, 4, 4, 4, 4, 4, 4, 4, 4, 4, 4, 4, 4, 4, 4, 4, 4, 4, 4, 4, 4, 4, 4, 4, 4, 4, 4, 4, 4, 4, 4, 4, 4, 4, 4, 4, 4, 4, 4, 4, 4, 4, 4, 4, 4, 4, 4, 4, 4, 4, 4, 4, 4, 4, 4, 4, 4, 4, 4, 4, 4, 4, 4, 4, 4, 4, 4, 4, 4, 4, 4, 4, 4, 4, 4], "b_turds_left": [5, 5, 5, 5, 5, 5, 5, 4, 4, 4, 4, 3, 3, 3, 3, 3, 3, 3, 3, 3, 3, 3, 3, 3, 3, 3, 3, 3, 3, 3, 3, 3, 3, 3, 3, 3, 3, 3, 3, 3, 3, 3, 3, 2, 2, 2, 2, 2, 2, 2, 2, 2, 2, 2, 2, 2, 2, 2, 2, 2, 2, 2, 2, 2, 2, 2, 2, 2, 2, 2, 2, 2, 2, 2, 2, 2, 2, 2, 2, 2], "a_time_left": [356.06011679023504, 356.06011679023504, 324.0934757068753, 324.0934757068753, 312.05462858080864, 312.05462858080864, 293.1572564970702, 293.1572564970702, 288.5664059538394, 288.5664059538394, 283.10553399659693, 283.10553399659693, 281.45460570417345, 281.45460570417345, 279.86017324589193, 279.86017324589193, 278.26472178660333, 278.26472178660333, 277.0488389953971, 277.0488389953971, 275.13400378637016, 275.13400378637016, 272.12538174539804, 272.12538174539804, 270.52441832609475, 270.52441832609475, 268.71732103452086, 268.71732103452086, 267.62636282481253, 267.62636282481253, 266.73337940871716, 266.73337940871716, 265.9999094083905, 265.9999094083905, 264.60856669954956, 264.60856669954956, 263.61281628347933, 263.61281628347933, 262.95804994925857, 262.95804994925857, 262.0239733662456, 262.0239733662456, 261.33692074008286, 261.33692074008286, 260.5568232405931, 260.5568232405931, 259.1578012406826, 259.1578012406826, 258.3941038660705, 258.3941038660705, 256.99589590728283, 256.99589590728283, 256.23184090666473, 256.23184090666473, 254.83423294872046, 254.83423294872046, 254.05139082483947, 254.05139082483947, 252.60410315915942, 252.60410315915942, 251.83635640889406, 251.83635640889406, 250.43669253587723, 250.43669253587723, 249.67314082756639, 249.67314082756639, 248.27239641174674, 248.27239641174674, 247.50619824416935, 247.50619824416935, 246.10751666128635, 246.10751666128635, 245.3430060800165, 245.3430060800165, 243.94233353622258, 243.94233353622258, 243.17825982905924, 243.17825982905924, 241.7795718740672, 241.7795718740672], "b_time_left": [360, 356.8923496659845, 356.8923496659845, 328.24092187546194, 328.24092187546194, 321.13392558321357, 321.13392558321357, 306.89110237546265, 306.89110237546265, 301.87999870814383, 301.87999870814383, 295.7129803337157, 295.7129803337157, 293.885869583115, 293.885869583115, 290.2855344992131, 290.2855344992131, 288.9601119980216, 288.9601119980216, 287.4518419150263, 287.4518419150263, 286.7750275004655, 286.7750275004655, 285.6017293315381, 285.6017293315381, 285.18713799864054, 285.18713799864054, 284.22068379074335, 284.22068379074335, 284.097330249846, 284.097330249846, 283.6522355824709, 283.6522355824709, 283.4305684585124, 283.4305684585124, 282.8583636265248, 282.8583636265248, 282.5219085011631, 282.5219085011631, 281.71260396018624, 281.71260396018624, 281.33603516966105, 281.33603516966105, 279.60214091837406, 279.60214091837406, 279.38406846113503, 279.38406846113503, 278.7510275449604, 278.7510275449604, 278.5957582946867, 278.5957582946867, 277.95383504219353, 277.95383504219353, 277.7973533347249, 277.7973533347249, 277.15920516848564, 277.15920516848564, 277.00305696204305, 277.00305696204305, 276.36567175388336, 276.36567175388336, 276.210226085037, 276.210226085037, 275.57718958333135, 275.57718958333135, 275.4219090398401, 275.4219090398401, 274.78831757977605, 274.78831757977605, 274.63300883211195, 274.63300883211195, 273.99921903945506, 273.99921903945506, 273.8437704164535, 273.8437704164535, 273.21059324778616, 273.21059324778616, 273.0550976637751, 273.0550976637751, 272.4216228723526], "a_moves_left": [39, 39, 38, 38, 37, 37, 36, 36, 35, 35, 34, 34, 33, 33, 32, 32, 31, 31, 30, 30, 29, 29, 28, 28, 27, 27, 26, 26, 25, 25, 24, 24, 23, 23, 22, 22, 21, 21, 20, 20, 19, 19, 18, 18, 17, 17, 16, 16, 15, 15, 14, 14, 13, 13, 12, 12, 11, 11, 10, 10, 9, 9, 8, 8, 7, 7, 6, 6, 5, 5, 4, 4, 3, 3, 2, 2, 1, 1, 0, 0], "b_moves_left": [40, 39, 39, 38, 38, 37, 37, 36, 36, 35, 35, 34, 34, 33, 33, 32, 32, 31, 31, 30, 30, 29, 29, 28, 28, 27, 27, 26, 26, 25, 25, 24, 24, 23, 23, 22, 22, 21, 21, 20, 20, 19, 19, 18, 18, 17, 17, 16, 16, 15, 15, 14, 14, 13, 13, 12, 12, 11, 11, 10, 10, 9, 9, 8, 8, 7, 7, 6, 6, 5, 5, 4, 4, 3, 3, 2, 2, 1, 1, 0], "trapdoor_triggered": [0, 0, 0, 0, 0, 0, 0, 0, 0, 0, 1, 0, 0, 0, 0, 0, 0, 0, 0, 0, 0, 0, 0, 0, 0, 0, 0, 0, 0, 0, 0, 0, 0, 0, 0, 0, 0, 0, 0, 0, 0, 0, 0, 0, 0, 0, 0, 0, 0, 0, 0, 0, 0, 0, 0, 0, 0, 0, 0, 0, 0, 0, 0, 0, 0, 0, 0, 0, 0, 0, 0, 0, 0, 0, 0, 0, 0, 0, 0, 0], "left_behind": ["egg", "egg", "plain", "plain", "egg", "egg", "turd", "turd", "egg", "egg", "plain", "turd", "plain", "egg", "plain", "plain", "egg", "egg", "plain", "plain", "egg", "egg", "plain", "plain", "egg", "egg", "plain", "plain", "egg", "plain", "plain", "plain", "egg", "egg", "plain", "plain", "plain", "egg", "plain", "plain", "egg", "egg", "plain", "turd", "egg", "egg", "plain", "plain", "plain", "plain", "plain", "plain", "plain", "plain", "plain", "plain", "plain", "plain", "plain", "plain", "plain", "plain", "plain", "plain", "plain", "plain", "plain", "plain", "plain", "plain", "plain", "plain", "plain", "plain", "plain", "plain", "plain", "plain", "plain", "plain"], "errlog_a": "", "errlog_b": "", "start_time": 360, "start_moves": 40, "turn_count": 80, "result": 1, "reason": "EGGS_LAID", "trapdoors": [[4, 4], [2, 3]], "spawn_a": [4, 0], "spawn_b": [4, 7]}