{"pos": [[7, 0], [6, 6], [7, 1], [5, 6], [7, 2], [5, 7], [6, 2], [5, 6], [5, 2], [5, 5], [4, 2], [5, 7], [3, 2], [5, 6], [2, 2], [6, 6], [1, 2], [5, 6], [0, 2], [5, 5], [0, 1], [5, 7], [0, 0], [4, 7], [1, 0], [5, 7], [1, 1], [6, 7], [2, 1], [5, 7], [2, 0], [4, 7], [3, 0], [3, 7], [4, 0], [4, 7], [4, 1], [3, 7], [3, 1], [4, 7], [3, 2], [5, 7], [2, 2], [6, 7], [2, 3], [5, 7], [1, 3], [4, 7], [1, 4], [4, 6], [1, 5], [4, 7], [1, 6], [4, 6], [1, 7], [5, 6], [0, 7], [4, 6], [0, 6], [5, 6], [0, 5], [5, 5], [1, 5], [7, 7], [2, 5], [7, 6], [2, 6], [6, 6], [1, 6], [6, 5], [1, 5], [7, 5], [0, 5], [7, 4], [0, 4], [7, 5], [1, 4], [7, 4], [2, 4], [7, 3]], "a_eggs_laid": [1, 1, 1, 1, 2, 2, 2, 2, 3, 3, 7, 7, 8, 8, 8, 8, 9, 9, 9, 9, 14, 14, 14, 14, 17, 17, 17, 17, 18, 18, 18, 18, 19, 19, 19, 19, 20, 20, 20, 20, 21, 21, 21, 21, 21, 21, 21, 21, 22, 22, 22, 22, 23, 23, 23, 23, 24, 24, 24, 24, 25, 25, 29, 29, 29, 29, 29, 29, 30, 30, 30, 30, 30, 30, 30, 30, 31, 31, 31, 31], "b_eggs_laid": [0, 0, 0, 0, 0, 0, 0, 0, 0, 1, 1, 1, 1, 1, 1, 1, 1, 1, 1, 1, 1, 1, 1, 1, 1, 1, 1, 1, 1, 1, 1, 1, 1, 1, 1, 1, 1, 1, 1, 1, 1, 1, 1, 1, 1, 1, 1, 1, 1, 1, 1, 1, 1, 1, 1, 1, 1, 1, 1, 1, 1, 1, 1, 1, 1, 1, 1, 2, 2, 2, 2, 3, 3, 3, 3, 4, 4, 4, 4, 4], "a_turds_left": [5, 5, 5, 5, 5, 5, 5, 5, 5, 5, 4, 4, 4, 4, 3, 3, 3, 3, 3, 3, 3, 3, 3, 3, 3, 3, 3, 3, 3, 3, 3, 3, 3, 3, 3, 3, 3, 3, 3, 3, 3, 3, 3, 3, 3, 3, 2, 2, 2, 2, 2, 2, 2, 2, 2, 2, 2, 2, 2, 2, 2, 2, 2, 2, 2, 2, 1, 1, 1, 1, 1, 1, 1, 1, 1, 1, 1, 1, 1, 1], "b_turds_left": [5, 4, 4, 4, 4, 4, 4, 3, 3, 3, 3, 3, 3, 3, 3, 3, 3, 3, 3, 3, 3, 3, 3, 3, 3, 3, 3, 3, 3, 3, 3, 3, 3, 3, 3, 2, 2, 1, 1, 1, 1, 1, 1, 1, 1, 1, 1, 1, 1, 1, 1, 0, 0, 0, 0, 0, 0, 0, 0, 0, 0, 0, 0, 0, 0, 0, 0, 0, 0, 0, 0, 0, 0, 0, 0, 0, 0, 0, 0, 0], "a_time_left": [357.21014012768865, 357.21014012768865, 350.91627525165677, 350.91627525165677, 345.8112227525562, 345.8112227525562, 312.23515037819743, 312.23515037819743, 300.8628523387015, 300.8628523387015, 271.2477583810687, 271.2477583810687, 262.3733305875212, 262.3733305875212, 247.82730712927878, 247.82730712927878, 243.70431837812066, 243.70431837812066, 238.2068271264434, 238.2068271264434, 236.74788250215352, 236.74788250215352, 235.30272887833416, 235.30272887833416, 233.691624045372, 233.691624045372, 231.999159546569, 231.999159546569, 230.3063160907477, 230.3063160907477, 228.7473926730454, 228.7473926730454, 227.35651204921305, 227.35651204921305, 226.507624424994, 226.507624424994, 225.22018392570317, 225.22018392570317, 224.04322121851146, 224.04322121851146, 222.18495625816286, 222.18495625816286, 220.71705492399633, 220.71705492399633, 219.43963596597314, 219.43963596597314, 215.1138197183609, 215.1138197183609, 214.83323759399354, 214.83323759399354, 214.21761359460652, 214.21761359460652, 213.926443554461, 213.926443554461, 213.32213855348527, 213.32213855348527, 213.18557080067694, 213.18557080067694, 212.6724071353674, 212.6724071353674, 212.1375103034079, 212.1375103034079, 211.15302430465817, 211.15302430465817, 210.70421838760376, 210.70421838760376, 209.0389023423195, 209.0389023423195, 208.93678717501462, 208.93678717501462, 208.65542350709438, 208.65542350709438, 208.47329267300665, 208.47329267300665, 208.2599756717682, 208.2599756717682, 208.1222548801452, 208.1222548801452, 207.30207258835435, 207.30207258835435], "b_time_left": [360, 358.4707853756845, 358.4707853756845, 356.96530741639435, 356.96530741639435, 355.4600627925247, 355.4600627925247, 353.9537194184959, 353.9537194184959, 352.4482285846025, 352.4482285846025, 350.9419133774936, 350.9419133774936, 349.43644920922816, 349.43644920922816, 347.9311513323337, 347.9311513323337, 346.42567662522197, 346.42567662522197, 344.9192118346691, 344.9192118346691, 343.41372871026397, 343.41372871026397, 341.9083231687546, 341.9083231687546, 340.40247371047735, 340.40247371047735, 338.9002014603466, 338.9002014603466, 337.39475587941706, 337.39475587941706, 335.8893352113664, 335.8893352113664, 334.38393791764975, 334.38393791764975, 332.87852954119444, 332.87852954119444, 331.3719565011561, 331.3719565011561, 329.8665800448507, 329.8665800448507, 328.36112887598574, 328.36112887598574, 326.8557506259531, 326.8557506259531, 325.3503073360771, 325.3503073360771, 323.8449418358505, 323.8449418358505, 322.33927104249597, 322.33927104249597, 320.8337883334607, 320.8337883334607, 319.3283868320286, 319.3283868320286, 317.82309379056096, 317.82309379056096, 316.31779266521335, 316.31779266521335, 314.8124064989388, 314.8124064989388, 313.30700370669365, 313.30700370669365, 311.8016989585012, 311.8016989585012, 310.2964359577745, 310.2964359577745, 308.79103787615895, 308.79103787615895, 307.2853736281395, 307.2853736281395, 305.7799632921815, 305.7799632921815, 304.2745947483927, 304.2745947483927, 302.76929037459195, 302.76929037459195, 301.2639491651207, 301.2639491651207, 299.7586629576981], "a_moves_left": [39, 39, 38, 38, 37, 37, 36, 36, 35, 35, 34, 34, 33, 33, 32, 32, 31, 31, 30, 30, 29, 29, 28, 28, 27, 27, 26, 26, 25, 25, 24, 24, 23, 23, 22, 22, 21, 21, 20, 20, 19, 19, 18, 18, 17, 17, 16, 16, 15, 15, 14, 14, 13, 13, 12, 12, 11, 11, 10, 10, 9, 9, 8, 8, 7, 7, 6, 6, 5, 5, 4, 4, 3, 3, 2, 2, 1, 1, 0, 0], "b_moves_left": [40, 39, 39, 38, 38, 37, 37, 36, 36, 35, 35, 34, 34, 33, 33, 32, 32, 31, 31, 30, 30, 29, 29, 28, 28, 27, 27, 26, 26, 25, 25, 24, 24, 23, 23, 22, 22, 21, 21, 20, 20, 19, 19, 18, 18, 17, 17, 16, 16, 15, 15, 14, 14, 13, 13, 12, 12, 11, 11, 10, 10, 9, 9, 8, 8, 7, 7, 6, 6, 5, 5, 4, 4, 3, 3, 2, 2, 1, 1, 0], "trapdoor_triggered": [0, 0, 0, 0, 0, 0, 0, 0, 0, 1, 0, 0, 0, 0, 0, 0, 0, 0, 0, 1, 0, 0, 0, 0, 0, 0, 0, 0, 0, 0, 0, 0, 0, 0, 0, 0, 0, 0, 0, 0, 0, 0, 0, 0, 0, 0, 0, 0, 0, 0, 0, 0, 0, 0, 0, 0, 0, 0, 0, 0, 0, 1, 0, 0, 0, 0, 0, 0, 0, 0, 0, 0, 0, 0, 0, 0, 0, 0, 0, 0], "left_behind": ["egg", "turd", "plain", "plain", "egg", "plain", "plain", "turd", "egg", "egg", "turd", "plain", "egg", "plain", "turd", "plain", "egg", "plain", "plain", "plain", "egg", "plain", "plain", "plain", "egg", "plain", "plain", "plain", "egg", "plain", "plain", "plain", "egg", "plain", "plain", "turd", "egg", "turd", "plain", "plain", "egg", "plain", "plain", "plain", "plain", "plain", "turd", "plain", "egg", "plain", "plain", "turd", "egg", "plain", "plain", "plain", "egg", "plain", "plain", "plain", "egg", "plain", "plain", "plain", "plain", "plain", "turd", "egg", "egg", "plain", "plain", "egg", "plain", "plain", "plain", "egg", "egg", "plain", "plain", "plain"], "errlog_a": "", "errlog_b": "", "start_time": 360, "start_moves": 40, "turn_count": 80, "result": 0, "reason": "EGGS_LAID", "trapdoors": [[5, 5], [5, 4]], "spawn_a": [6, 0], "spawn_b": [6, 7]}