{"pos": [[5, 6], [5, 1], [4, 6], [5, 2], [3, 6], [4, 2], [2, 6], [3, 2], [1, 6], [2, 2], [1, 5], [1, 2], [0, 5], [1, 3], [0, 6], [0, 3], [0, 7], [0, 2], [1, 7], [1, 2], [0, 7], [1, 1], [0, 6], [2, 1], [0, 5], [1, 1], [0, 4], [1, 0], [1, 4], [2, 0], [1, 3], [2, 1], [1, 4], [3, 1], [2, 4], [4, 1], [2, 5], [5, 1], [3, 5], [6, 1], [4, 5], [6, 2], [5, 5], [7, 2], [5, 6], [7, 3], [6, 6], [7, 4], [6, 7], [6, 4], [7, 7], [6, 5], [7, 6], [7, 5], [6, 6], [7, 6], [5, 6], [7, 5], [4, 6], [7, 4], [4, 5], [7, 3], [4, 4], [7, 2], [3, 4], [6, 2], [3, 5], [6, 1], [2, 5], [5, 1], [2, 6], [4, 1], [3, 6], [3, 1], [3, 7], [2, 1], [2, 7], [2, 2], [2, 6], [2, 3]], "a_eggs_laid": [1, 1, 1, 1, 2, 2, 2, 2, 3, 3, 3, 3, 4, 4, 4, 4, 5, 5, 5, 5, 6, 6, 6, 6, 6, 6, 6, 6, 7, 7, 7, 7, 8, 8, 8, 8, 9, 9, 9, 9, 10, 10, 10, 10, 11, 11, 11, 11, 12, 12, 12, 12, 15, 15, 15, 15, 15, 15, 15, 15, 15, 15, 15, 15, 16, 16, 16, 16, 16, 16, 16, 16, 16, 16, 16, 16, 17, 17, 17, 17], "b_eggs_laid": [0, 1, 1, 1, 1, 2, 2, 2, 2, 3, 3, 3, 3, 4, 4, 4, 4, 5, 5, 5, 5, 5, 5, 5, 5, 6, 6, 6, 6, 7, 7, 7, 7, 7, 7, 7, 7, 8, 8, 8, 8, 9, 9, 9, 9, 10, 10, 10, 10, 11, 11, 11, 11, 12, 12, 12, 12, 13, 13, 13, 13, 13, 13, 13, 13, 13, 13, 13, 13, 13, 13, 13, 13, 13, 13, 13, 13, 13, 13, 13], "a_turds_left": [5, 5, 4, 4, 4, 4, 4, 4, 4, 4, 4, 4, 4, 4, 4, 4, 4, 4, 4, 4, 4, 4, 4, 4, 4, 4, 4, 4, 4, 4, 3, 3, 3, 3, 3, 3, 3, 3, 2, 2, 2, 2, 1, 1, 1, 1, 1, 1, 1, 1, 0, 0, 0, 0, 0, 0, 0, 0, 0, 0, 0, 0, 0, 0, 0, 0, 0, 0, 0, 0, 0, 0, 0, 0, 0, 0, 0, 0, 0, 0], "b_turds_left": [5, 5, 5, 5, 5, 5, 5, 5, 5, 5, 5, 5, 5, 5, 5, 5, 5, 5, 5, 5, 5, 5, 5, 4, 4, 4, 4, 4, 4, 4, 4, 3, 3, 3, 3, 2, 2, 2, 2, 1, 1, 1, 1, 0, 0, 0, 0, 0, 0, 0, 0, 0, 0, 0, 0, 0, 0, 0, 0, 0, 0, 0, 0, 0, 0, 0, 0, 0, 0, 0, 0, 0, 0, 0, 0, 0, 0, 0, 0, 0], "a_time_left": [359.97543283365667, 359.97543283365667, 359.86879391409457, 359.86879391409457, 354.0255957059562, 354.0255957059562, 333.4299499131739, 333.4299499131739, 330.58128262124956, 330.58128262124956, 316.2545238304883, 316.2545238304883, 312.32509749569, 312.32509749569, 301.4774667043239, 301.4774667043239, 297.609155703336, 297.609155703336, 286.2580829523504, 286.2580829523504, 280.8630773667246, 280.8630773667246, 276.00841907411814, 276.00841907411814, 271.9541294891387, 271.9541294891387, 261.9672649484128, 261.9672649484128, 260.3262531142682, 260.3262531142682, 252.51037678308785, 252.51037678308785, 250.47233661450446, 250.47233661450446, 245.30796382203698, 245.30796382203698, 242.52504565566778, 242.52504565566778, 233.26841386407614, 233.26841386407614, 231.59408865496516, 231.59408865496516, 227.38142823800445, 227.38142823800445, 227.13448944687843, 227.13448944687843, 226.63496290519834, 226.63496290519834, 226.2629748620093, 226.2629748620093, 226.04897556826472, 226.04897556826472, 225.9834974836558, 225.9834974836558, 225.88412765040994, 225.88412765040994, 225.75405806675553, 225.75405806675553, 225.3063163999468, 225.3063163999468, 225.10014710761607, 225.10014710761607, 224.84969590045512, 224.84969590045512, 224.67502760887146, 224.67502760887146, 224.53087673522532, 224.53087673522532, 224.3782875686884, 224.3782875686884, 224.25178731791675, 224.25178731791675, 224.0219333190471, 224.0219333190471, 223.74020044505596, 223.74020044505596, 223.60982757247984, 223.60982757247984, 223.4246752411127, 223.4246752411127], "b_time_left": [360, 359.976931957528, 359.976931957528, 359.8650416266173, 359.8650416266173, 358.6411952525377, 358.6411952525377, 349.4185456689447, 349.4185456689447, 346.28809883631766, 346.28809883631766, 337.1278738770634, 337.1278738770634, 332.72965716943145, 332.72965716943145, 317.8935034610331, 317.8935034610331, 314.9245580006391, 314.9245580006391, 292.46448216587305, 292.46448216587305, 287.8221926242113, 287.8221926242113, 275.6871976237744, 275.6871976237744, 271.91667183302343, 271.91667183302343, 267.3726087920368, 267.3726087920368, 265.61579291522503, 265.61579291522503, 260.4765661228448, 260.4765661228448, 257.97574062272906, 257.97574062272906, 249.02107503823936, 249.02107503823936, 248.17413333058357, 248.17413333058357, 239.46309112384915, 239.46309112384915, 238.8787307906896, 238.8787307906896, 236.88473345898092, 236.88473345898092, 236.56877816654742, 236.56877816654742, 236.0077464170754, 236.0077464170754, 235.5135582089424, 235.5135582089424, 235.026408335194, 235.026408335194, 234.66633233428, 234.66633233428, 234.4138044603169, 234.4138044603169, 234.3222247529775, 234.3222247529775, 234.057516541332, 234.057516541332, 233.82725404202938, 233.82725404202938, 231.91478416509926, 231.91478416509926, 231.73025849834085, 231.73025849834085, 229.81637195684016, 229.81637195684016, 229.6144235022366, 229.6144235022366, 227.7806746698916, 227.7806746698916, 227.51217487826943, 227.51217487826943, 226.76201287843287, 226.76201287843287, 226.52556062862277, 226.52556062862277, 225.43481250107288], "a_moves_left": [39, 39, 38, 38, 37, 37, 36, 36, 35, 35, 34, 34, 33, 33, 32, 32, 31, 31, 30, 30, 29, 29, 28, 28, 27, 27, 26, 26, 25, 25, 24, 24, 23, 23, 22, 22, 21, 21, 20, 20, 19, 19, 18, 18, 17, 17, 16, 16, 15, 15, 14, 14, 13, 13, 12, 12, 11, 11, 10, 10, 9, 9, 8, 8, 7, 7, 6, 6, 5, 5, 4, 4, 3, 3, 2, 2, 1, 1, 0, 0], "b_moves_left": [40, 39, 39, 38, 38, 37, 37, 36, 36, 35, 35, 34, 34, 33, 33, 32, 32, 31, 31, 30, 30, 29, 29, 28, 28, 27, 27, 26, 26, 25, 25, 24, 24, 23, 23, 22, 22, 21, 21, 20, 20, 19, 19, 18, 18, 17, 17, 16, 16, 15, 15, 14, 14, 13, 13, 12, 12, 11, 11, 10, 10, 9, 9, 8, 8, 7, 7, 6, 6, 5, 5, 4, 4, 3, 3, 2, 2, 1, 1, 0], "trapdoor_triggered": [0, 0, 0, 0, 0, 0, 0, 0, 0, 0, 0, 0, 0, 0, 0, 0, 0, 0, 0, 0, 0, 0, 0, 0, 0, 0, 0, 0, 0, 0, 0, 0, 0, 0, 0, 0, 0, 0, 0, 0, 0, 0, 0, 0, 0, 0, 0, 0, 0, 0, 0, 0, 0, 0, 0, 0, 0, 0, 0, 0, 0, 0, 0, 0, 0, 0, 0, 0, 0, 0, 0, 0, 0, 0, 0, 0, 0, 0, 0, 0], "left_behind": ["egg", "egg", "turd", "plain", "egg", "egg", "plain", "plain", "egg", "egg", "plain", "plain", "egg", "egg", "plain", "plain", "egg", "egg", "plain", "plain", "egg", "plain", "plain", "turd", "plain", "egg", "plain", "plain", "egg", "egg", "turd", "turd", "egg", "plain", "plain", "turd", "egg", "egg", "turd", "turd", "egg", "egg", "turd", "turd", "egg", "egg", "plain", "plain", "egg", "egg", "turd", "plain", "egg", "egg", "plain", "plain", "plain", "egg", "plain", "plain", "plain", "plain", "plain", "plain", "egg", "plain", "plain", "plain", "plain", "plain", "plain", "plain", "plain", "plain", "plain", "plain", "egg", "plain", "plain", "plain"], "errlog_a": "", "errlog_b": "", "start_time": 360, "start_moves": 40, "turn_count": 80, "result": 0, "reason": "EGGS_LAID", "trapdoors": [[5, 3], [4, 3]], "spawn_a": [5, 7], "spawn_b": [5, 0]}