{"pos": [[6, 3], [1, 3], [5, 3], [2, 3]], "a_eggs_laid": [0, 0, 0, 0], "b_eggs_laid": [0, 0, 0, 0], "a_turds_left": [5, 5, 5, 5], "b_turds_left": [5, 5, 5, 5], "a_time_left": [359.8739840425551, 359.8739840425551, 359.668684002012, 359.668684002012], "b_time_left": [360, 359.87455433420837, 359.87455433420837, 359.6793001256883], "a_moves_left": [39, 39, 38, 38], "b_moves_left": [40, 39, 39, 38], "trapdoor_triggered": [0, 0, 0, 0], "left_behind": ["plain", "plain", "plain", "plain"], "errlog_a": "Timeout", "errlog_b": "", "start_time": 360, "start_moves": 40, "turn_count": 4, "result": 1, "reason": "CODE_CRASH", "trapdoors": [[5, 5], [5, 2]], "spawn_a": [7, 3], "spawn_b": [0, 3]}