{"pos": [[5, 0], [5, 7], [6, 0], [5, 6], [7, 0], [6, 6], [7, 1], [6, 5], [7, 2], [6, 4], [6, 2], [6, 3], [5, 2], [5, 3], [4, 2], [3, 7], [4, 3], [2, 7], [3, 0], [1, 7], [2, 0], [0, 7], [1, 0], [0, 6], [0, 0], [0, 5], [0, 1], [0, 4], [0, 2], [0, 3], [1, 2], [1, 3], [2, 2], [1, 2], [2, 3], [1, 3], [2, 4], [2, 3], [2, 5], [3, 3], [2, 6], [3, 4], [2, 5], [4, 4], [2, 4], [5, 4], [1, 4], [5, 5], [1, 3], [4, 5], [1, 4], [4, 6], [2, 4], [3, 6], [2, 5], [3, 7], [3, 5], [2, 7], [2, 5], [1, 7], [2, 4], [1, 6], [1, 4], [1, 5], [1, 3], [1, 4]], "a_eggs_laid": [1, 1, 1, 1, 2, 2, 2, 2, 3, 3, 3, 3, 4, 4, 8, 8, 9, 9, 9, 9, 9, 9, 10, 10, 10, 10, 13, 13, 13, 13, 14, 14, 14, 14, 15, 15, 15, 15, 16, 16, 16, 16, 17, 17, 17, 17, 17, 17, 17, 17, 18, 18, 18, 18, 18, 18, 18, 18, 19, 19, 19, 19, 19, 19, 19, 19], "b_eggs_laid": [0, 1, 1, 1, 1, 2, 2, 2, 2, 3, 3, 3, 3, 4, 4, 4, 4, 8, 8, 9, 9, 9, 9, 12, 12, 12, 12, 13, 13, 13, 13, 14, 14, 14, 14, 15, 15, 15, 15, 16, 16, 16, 16, 17, 17, 17, 17, 18, 18, 18, 18, 19, 19, 19, 19, 20, 20, 20, 20, 20, 20, 20, 20, 21, 21, 23], "a_turds_left": [5, 5, 5, 5, 5, 5, 4, 4, 4, 4, 3, 3, 3, 3, 2, 2, 2, 2, 2, 2, 2, 2, 2, 2, 1, 1, 1, 1, 0, 0, 0, 0, 0, 0, 0, 0, 0, 0, 0, 0, 0, 0, 0, 0, 0, 0, 0, 0, 0, 0, 0, 0, 0, 0, 0, 0, 0, 0, 0, 0, 0, 0, 0, 0, 0, 0], "b_turds_left": [5, 5, 5, 4, 4, 4, 4, 3, 3, 3, 3, 2, 2, 2, 2, 2, 2, 1, 1, 1, 1, 0, 0, 0, 0, 0, 0, 0, 0, 0, 0, 0, 0, 0, 0, 0, 0, 0, 0, 0, 0, 0, 0, 0, 0, 0, 0, 0, 0, 0, 0, 0, 0, 0, 0, 0, 0, 0, 0, 0, 0, 0, 0, 0, 0, 0], "a_time_left": [356.94794962368906, 356.94794962368906, 353.7349297478795, 353.7349297478795, 352.2801859546453, 352.2801859546453, 350.367413662374, 350.367413662374, 348.8951522037387, 348.8951522037387, 346.77147628739476, 346.77147628739476, 345.7309401202947, 345.7309401202947, 344.47924320213497, 344.47924320213497, 343.17082957550883, 343.17082957550883, 342.3645168226212, 342.3645168226212, 341.30646944977343, 341.30646944977343, 340.63009686395526, 340.63009686395526, 340.1868553645909, 340.1868553645909, 339.97391232289374, 339.97391232289374, 339.7427344080061, 339.7427344080061, 339.6903096176684, 339.6903096176684, 339.6522075328976, 339.6522075328976, 339.6038203239441, 339.6038203239441, 339.5674913674593, 339.5674913674593, 339.54940211959183, 339.54940211959183, 339.5309250783175, 339.5309250783175, 339.51867636851966, 339.51867636851966, 339.500701578334, 339.500701578334, 339.4830821622163, 339.4830821622163, 339.46315078623593, 339.46315078623593, 339.45029324665666, 339.45029324665666, 339.42704220302403, 339.42704220302403, 339.4141148291528, 339.4141148291528, 339.39190107770264, 339.39190107770264, 339.3807045388967, 339.3807045388967, 339.3584666661918, 339.3584666661918, 339.3467317484319, 339.3467317484319, 339.3424863740802, 339.3424863740802], "b_time_left": [360, 356.7117633726448, 356.7117633726448, 352.8333354983479, 352.8333354983479, 350.60618241503835, 350.60618241503835, 347.04939107969403, 347.04939107969403, 345.48485691286623, 345.48485691286623, 343.53506057709455, 343.53506057709455, 343.13793524354696, 343.13793524354696, 342.1899407841265, 342.1899407841265, 341.34435203298926, 341.34435203298926, 341.02799415774643, 341.02799415774643, 340.7177615314722, 340.7177615314722, 340.65690215677023, 340.65690215677023, 340.5441354494542, 340.5441354494542, 340.4280475731939, 340.4280475731939, 340.3385655730963, 340.3385655730963, 340.30844778195024, 340.30844778195024, 340.24712240695953, 340.24712240695953, 340.23354132287204, 340.23354132287204, 340.2113881986588, 340.2113881986588, 340.2046115733683, 340.2046115733683, 340.1806712411344, 340.1806712411344, 340.1573825329542, 340.1573825329542, 340.1209360733628, 340.1209360733628, 340.0902914069593, 340.0902914069593, 340.0355111975223, 340.0355111975223, 340.00674419663846, 340.00674419663846, 339.9662923645228, 339.9662923645228, 339.9466511569917, 339.9466511569917, 339.9126890320331, 339.9126890320331, 339.9051666148007, 339.9051666148007, 339.8950651977211, 339.8950651977211, 339.8894068207592, 339.8894068207592, 339.8784214872867], "a_moves_left": [39, 39, 38, 38, 37, 37, 36, 36, 35, 35, 34, 34, 33, 33, 32, 32, 31, 31, 30, 30, 29, 29, 28, 28, 27, 27, 26, 26, 25, 25, 24, 24, 23, 23, 22, 22, 21, 21, 20, 20, 19, 19, 18, 18, 17, 17, 16, 16, 15, 15, 14, 14, 13, 13, 12, 12, 11, 11, 10, 10, 9, 9, 8, 8, 7, 7], "b_moves_left": [40, 39, 39, 38, 38, 37, 37, 36, 36, 35, 35, 34, 34, 33, 33, 32, 32, 31, 31, 30, 30, 29, 29, 28, 28, 27, 27, 26, 26, 25, 25, 24, 24, 23, 23, 22, 22, 21, 21, 20, 20, 19, 19, 18, 18, 17, 17, 16, 16, 15, 15, 14, 14, 13, 13, 12, 12, 11, 11, 10, 10, 9, 9, 8, 8, 7], "trapdoor_triggered": [0, 0, 0, 0, 0, 0, 0, 0, 0, 0, 0, 0, 0, 1, 0, 0, 1, 0, 0, 0, 0, 0, 0, 0, 0, 0, 0, 0, 0, 0, 0, 0, 0, 0, 0, 0, 0, 0, 0, 0, 0, 0, 0, 0, 0, 0, 0, 0, 0, 0, 0, 0, 0, 0, 0, 0, 0, 0, 0, 0, 0, 0, 0, 0, 0, 0], "left_behind": ["egg", "egg", "plain", "turd", "egg", "egg", "turd", "turd", "egg", "egg", "turd", "turd", "egg", "egg", "turd", "plain", "egg", "turd", "plain", "egg", "plain", "turd", "egg", "egg", "turd", "plain", "egg", "egg", "turd", "plain", "egg", "egg", "plain", "plain", "egg", "egg", "plain", "plain", "egg", "egg", "plain", "plain", "egg", "egg", "plain", "plain", "plain", "egg", "plain", "plain", "egg", "egg", "plain", "plain", "plain", "egg", "plain", "plain", "egg", "plain", "plain", "plain", "plain", "egg", "plain", "plain"], "errlog_a": "", "errlog_b": "", "start_time": 360, "start_moves": 40, "turn_count": 66, "result": 1, "reason": "BLOCKING_END", "trapdoors": [[5, 3], [4, 3]], "spawn_a": [4, 0], "spawn_b": [4, 7]}