{"pos": [[6, 5], [1, 5], [7, 5], [0, 5], [7, 4], [0, 4], [7, 5], [0, 5], [7, 6], [0, 6], [7, 5], [0, 5], [7, 4], [0, 4]], "a_eggs_laid": [1, 1, 1, 1, 1, 1, 1, 1, 1, 1, 1, 1, 1, 1], "b_eggs_laid": [0, 1, 1, 1, 1, 1, 1, 1, 1, 1, 1, 1, 1, 1], "a_turds_left": [5, 5, 5, 5, 5, 5, 5, 5, 5, 5, 5, 5, 5, 5], "b_turds_left": [5, 5, 5, 5, 5, 5, 5, 5, 5, 5, 5, 5, 5, 5], "a_time_left": [359.88130870833993, 359.88130870833993, 359.5591373350471, 359.5591373350471, 358.2440430019051, 358.2440430019051, 319.94488779455423, 319.94488779455423, 318.41396083682775, 318.41396083682775, 299.6475080884993, 299.6475080884993, 298.1808748804033, 298.1808748804033], "b_time_left": [360, 359.89869825169444, 359.89869825169444, 359.5143519192934, 359.5143519192934, 358.2344221714884, 358.2344221714884, 316.1546692959964, 316.1546692959964, 314.4646089617163, 314.4646089617163, 293.578414587304, 293.578414587304, 292.1763756275177], "a_moves_left": [39, 39, 38, 38, 37, 37, 36, 36, 35, 35, 34, 34, 33, 33], "b_moves_left": [40, 39, 39, 38, 38, 37, 37, 36, 36, 35, 35, 34, 34, 33], "trapdoor_triggered": [0, 0, 0, 0, 0, 0, 0, 0, 0, 0, 0, 0, 0, 0], "left_behind": ["egg", "egg", "plain", "plain", "plain", "plain", "plain", "plain", "plain", "plain", "plain", "plain", "plain", "plain"], "errlog_a": "Timeout", "errlog_b": "", "start_time": 360, "start_moves": 40, "turn_count": 14, "result": 1, "reason": "CODE_CRASH", "trapdoors": [[4, 4], [2, 3]], "spawn_a": [7, 5], "spawn_b": [0, 5]}