{"pos": [[1, 6], [6, 6], [1, 5], [6, 5], [1, 4], [6, 4], [1, 3], [6, 3], [0, 3], [7, 3], [0, 2], [7, 2], [0, 1], [7, 1], [0, 0], [7, 0], [1, 0], [6, 0], [2, 0], [5, 0], [3, 0], [4, 0], [3, 1], [3, 0], [2, 1], [4, 0], [2, 2], [4, 1], [1, 2], [5, 1], [1, 3], [5, 2], [1, 4], [6, 2], [2, 4], [6, 3], [2, 5], [6, 4], [3, 5], [5, 4], [1, 6], [5, 3], [2, 6], [5, 2], [2, 7], [4, 2], [3, 7], [3, 2], [4, 7], [4, 2], [4, 6], [5, 2], [4, 7], [5, 3], [3, 7], [6, 3], [2, 7], [6, 4], [2, 6], [5, 4], [1, 6], [5, 3], [1, 5], [6, 3], [1, 4], [6, 4], [0, 4], [5, 4], [0, 3], [5, 5], [1, 3], [4, 5], [1, 2], [5, 5], [1, 1], [5, 4], [2, 1], [5, 3], [2, 2], [5, 2]], "a_eggs_laid": [1, 1, 1, 1, 2, 2, 2, 2, 3, 3, 3, 3, 4, 4, 4, 4, 7, 7, 7, 7, 8, 8, 8, 8, 9, 9, 9, 9, 10, 10, 10, 10, 10, 10, 10, 10, 11, 11, 11, 11, 11, 11, 11, 11, 12, 12, 12, 12, 13, 13, 13, 13, 14, 14, 14, 14, 14, 14, 14, 14, 14, 14, 14, 14, 14, 14, 14, 14, 15, 15, 15, 15, 15, 15, 15, 15, 16, 16, 16, 16], "b_eggs_laid": [0, 1, 1, 1, 1, 2, 2, 2, 2, 3, 3, 3, 3, 4, 4, 4, 4, 7, 7, 7, 7, 8, 8, 8, 8, 9, 9, 9, 9, 10, 10, 10, 10, 11, 11, 11, 11, 11, 11, 15, 15, 16, 16, 16, 16, 16, 16, 16, 16, 17, 17, 17, 17, 17, 17, 17, 17, 17, 17, 17, 17, 17, 17, 17, 17, 17, 17, 17, 17, 17, 17, 17, 17, 18, 18, 18, 18, 18, 18, 18], "a_turds_left": [5, 5, 4, 4, 4, 4, 4, 4, 4, 4, 4, 4, 4, 4, 4, 4, 4, 4, 4, 4, 4, 4, 4, 4, 4, 4, 3, 3, 3, 3, 2, 2, 2, 2, 1, 1, 1, 1, 0, 0, 0, 0, 0, 0, 0, 0, 0, 0, 0, 0, 0, 0, 0, 0, 0, 0, 0, 0, 0, 0, 0, 0, 0, 0, 0, 0, 0, 0, 0, 0, 0, 0, 0, 0, 0, 0, 0, 0, 0, 0], "b_turds_left": [5, 5, 5, 4, 4, 4, 4, 4, 4, 4, 4, 4, 4, 4, 4, 4, 4, 4, 4, 4, 4, 4, 4, 4, 4, 4, 4, 4, 4, 4, 4, 3, 3, 3, 3, 2, 2, 2, 2, 1, 1, 1, 1, 0, 0, 0, 0, 0, 0, 0, 0, 0, 0, 0, 0, 0, 0, 0, 0, 0, 0, 0, 0, 0, 0, 0, 0, 0, 0, 0, 0, 0, 0, 0, 0, 0, 0, 0, 0, 0], "a_time_left": [359.9760960843414, 359.9760960843414, 359.9172867946327, 359.9172867946327, 355.542628293857, 355.542628293857, 334.5773192103952, 334.5773192103952, 329.361138002947, 329.361138002947, 324.0363444183022, 324.0363444183022, 319.32836266979575, 319.32836266979575, 308.20441267080605, 308.20441267080605, 304.47006725519896, 304.47006725519896, 296.8400111310184, 296.8400111310184, 289.8875081706792, 289.8875081706792, 286.438150504604, 286.438150504604, 278.9320916701108, 278.9320916701108, 269.33197583816946, 269.33197583816946, 265.43493483774364, 265.43493483774364, 261.1508671287447, 261.1508671287447, 259.4265251290053, 259.4265251290053, 255.4036301691085, 255.4036301691085, 253.5674254205078, 253.5674254205078, 251.50189192034304, 251.50189192034304, 251.22429775446653, 251.22429775446653, 250.93653008900583, 250.93653008900583, 250.73025317117572, 250.73025317117572, 250.56120129674673, 250.56120129674673, 250.50232271291316, 250.50232271291316, 250.45717933773994, 250.45717933773994, 250.2617860455066, 250.2617860455066, 250.1354330033064, 250.1354330033064, 249.90838316828012, 249.90838316828012, 249.53373904526234, 249.53373904526234, 249.09131946228445, 249.09131946228445, 248.50227267108858, 248.50227267108858, 248.20788892358541, 248.20788892358541, 247.706295048818, 247.706295048818, 247.59562821686268, 247.59562821686268, 246.9283487163484, 246.9283487163484, 246.8500262554735, 246.8500262554735, 246.61783021129668, 246.61783021129668, 246.53817571140826, 246.53817571140826, 246.19705900363624, 246.19705900363624], "b_time_left": [360, 359.9774143323302, 359.9774143323302, 359.88945483230054, 359.88945483230054, 354.3712277468294, 354.3712277468294, 332.115057580173, 332.115057580173, 326.2912152055651, 326.2912152055651, 320.3633290398866, 320.3633290398866, 314.254677079618, 314.254677079618, 310.2451074142009, 310.2451074142009, 307.1981470398605, 307.1981470398605, 298.59931512363255, 298.59931512363255, 294.1895181648433, 294.1895181648433, 282.60789220780134, 282.60789220780134, 279.835827248171, 279.835827248171, 266.5380882062018, 266.5380882062018, 262.31771512515843, 262.31771512515843, 256.04419299960136, 256.04419299960136, 251.5917304996401, 251.5917304996401, 244.50801641494036, 244.50801641494036, 238.78771266713738, 238.78771266713738, 235.10483583249152, 235.10483583249152, 233.29140775091946, 233.29140775091946, 232.54741291701794, 232.54741291701794, 232.32481562532485, 232.32481562532485, 232.11026308313012, 232.11026308313012, 231.7703086230904, 231.7703086230904, 231.3513493333012, 231.3513493333012, 231.2233453337103, 231.2233453337103, 231.0263032950461, 231.0263032950461, 230.89495067112148, 230.89495067112148, 230.45199717208743, 230.45199717208743, 230.30155050568283, 230.30155050568283, 229.86571150645614, 229.86571150645614, 229.6299387998879, 229.6299387998879, 229.06925063580275, 229.06925063580275, 228.93384076096117, 228.93384076096117, 228.67539271898568, 228.67539271898568, 228.11012288741767, 228.11012288741767, 227.9063632208854, 227.9063632208854, 227.3054423034191, 227.3054423034191, 227.00011846795678], "a_moves_left": [39, 39, 38, 38, 37, 37, 36, 36, 35, 35, 34, 34, 33, 33, 32, 32, 31, 31, 30, 30, 29, 29, 28, 28, 27, 27, 26, 26, 25, 25, 24, 24, 23, 23, 22, 22, 21, 21, 20, 20, 19, 19, 18, 18, 17, 17, 16, 16, 15, 15, 14, 14, 13, 13, 12, 12, 11, 11, 10, 10, 9, 9, 8, 8, 7, 7, 6, 6, 5, 5, 4, 4, 3, 3, 2, 2, 1, 1, 0, 0], "b_moves_left": [40, 39, 39, 38, 38, 37, 37, 36, 36, 35, 35, 34, 34, 33, 33, 32, 32, 31, 31, 30, 30, 29, 29, 28, 28, 27, 27, 26, 26, 25, 25, 24, 24, 23, 23, 22, 22, 21, 21, 20, 20, 19, 19, 18, 18, 17, 17, 16, 16, 15, 15, 14, 14, 13, 13, 12, 12, 11, 11, 10, 10, 9, 9, 8, 8, 7, 7, 6, 6, 5, 5, 4, 4, 3, 3, 2, 2, 1, 1, 0], "trapdoor_triggered": [0, 0, 0, 0, 0, 0, 0, 0, 0, 0, 0, 0, 0, 0, 0, 0, 0, 0, 0, 0, 0, 0, 0, 0, 0, 0, 0, 0, 0, 0, 0, 0, 0, 0, 0, 0, 0, 0, 1, 0, 0, 0, 0, 0, 0, 0, 0, 0, 0, 0, 0, 0, 0, 0, 0, 0, 0, 0, 0, 0, 0, 0, 0, 0, 0, 0, 0, 0, 0, 0, 0, 0, 0, 0, 0, 0, 0, 0, 0, 0], "left_behind": ["egg", "egg", "turd", "turd", "egg", "egg", "plain", "plain", "egg", "egg", "plain", "plain", "egg", "egg", "plain", "plain", "egg", "egg", "plain", "plain", "egg", "egg", "plain", "plain", "egg", "egg", "turd", "plain", "egg", "egg", "turd", "turd", "plain", "egg", "turd", "turd", "egg", "plain", "turd", "turd", "plain", "egg", "plain", "turd", "egg", "plain", "plain", "plain", "egg", "egg", "plain", "plain", "egg", "plain", "plain", "plain", "plain", "plain", "plain", "plain", "plain", "plain", "plain", "plain", "plain", "plain", "plain", "plain", "egg", "plain", "plain", "plain", "plain", "egg", "plain", "plain", "egg", "plain", "plain", "plain"], "errlog_a": "", "errlog_b": "", "start_time": 360, "start_moves": 40, "turn_count": 80, "result": 1, "reason": "EGGS_LAID", "trapdoors": [[3, 5], [3, 4]], "spawn_a": [0, 6], "spawn_b": [7, 6]}