{"pos": [[7, 4], [0, 4], [7, 3], [0, 3], [7, 2], [0, 2], [6, 2], [1, 2], [5, 2], [2, 2], [5, 3], [3, 2], [5, 4], [3, 3], [5, 5], [4, 3], [5, 6], [0, 6], [5, 7], [0, 7], [4, 7], [1, 7], [3, 7], [2, 7], [4, 7], [2, 6], [4, 6], [3, 6], [4, 5], [3, 5], [4, 4], [0, 4], [5, 4], [1, 4], [5, 3], [1, 3], [5, 2], [2, 3], [4, 2], [2, 2], [4, 1], [2, 1], [3, 1], [2, 0], [3, 0], [1, 0], [2, 0], [0, 0], [3, 0], [0, 1], [4, 0], [1, 1], [5, 0], [2, 1], [6, 0], [2, 2], [6, 1], [3, 2], [6, 2], [3, 3], [7, 2], [3, 4], [7, 1], [2, 4], [6, 1], [2, 5], [5, 1], [1, 5], [5, 2], [1, 6], [5, 3], [2, 6], [5, 4], [3, 6], [5, 5], [2, 6], [6, 5], [3, 6], [6, 6], [2, 6]], "a_eggs_laid": [1, 1, 1, 1, 2, 2, 2, 2, 3, 3, 3, 3, 4, 4, 4, 4, 9, 9, 9, 9, 10, 10, 10, 10, 11, 11, 11, 11, 12, 12, 16, 16, 17, 17, 17, 17, 17, 17, 17, 17, 18, 18, 18, 18, 19, 19, 19, 19, 20, 20, 20, 20, 21, 21, 21, 21, 22, 22, 22, 22, 22, 22, 22, 22, 23, 23, 23, 23, 24, 24, 24, 24, 24, 24, 24, 24, 24, 24, 24, 24], "b_eggs_laid": [0, 1, 1, 1, 1, 2, 2, 2, 2, 3, 3, 3, 3, 4, 4, 4, 4, 4, 4, 4, 4, 7, 7, 7, 7, 8, 8, 8, 8, 9, 9, 9, 9, 9, 9, 10, 10, 10, 10, 11, 11, 11, 11, 12, 12, 12, 12, 13, 13, 13, 13, 14, 14, 14, 14, 14, 14, 14, 14, 14, 14, 14, 14, 15, 15, 15, 15, 16, 16, 16, 16, 17, 17, 17, 17, 17, 17, 17, 17, 17], "a_turds_left": [5, 5, 5, 5, 5, 5, 4, 4, 4, 4, 3, 3, 3, 3, 2, 2, 2, 2, 1, 1, 1, 1, 0, 0, 0, 0, 0, 0, 0, 0, 0, 0, 0, 0, 0, 0, 0, 0, 0, 0, 0, 0, 0, 0, 0, 0, 0, 0, 0, 0, 0, 0, 0, 0, 0, 0, 0, 0, 0, 0, 0, 0, 0, 0, 0, 0, 0, 0, 0, 0, 0, 0, 0, 0, 0, 0, 0, 0, 0, 0], "b_turds_left": [5, 5, 5, 5, 5, 5, 5, 4, 4, 4, 4, 4, 4, 4, 4, 3, 3, 3, 3, 3, 3, 3, 3, 2, 2, 2, 2, 1, 1, 1, 1, 1, 1, 0, 0, 0, 0, 0, 0, 0, 0, 0, 0, 0, 0, 0, 0, 0, 0, 0, 0, 0, 0, 0, 0, 0, 0, 0, 0, 0, 0, 0, 0, 0, 0, 0, 0, 0, 0, 0, 0, 0, 0, 0, 0, 0, 0, 0, 0, 0], "a_time_left": [345.56295291520655, 345.56295291520655, 323.22007766366005, 323.22007766366005, 307.3995167464018, 307.3995167464018, 278.8757811225951, 278.8757811225951, 271.4533431623131, 271.4533431623131, 250.65216924622655, 250.65216924622655, 245.02745728939772, 245.02745728939772, 234.4188784994185, 234.4188784994185, 231.8322839178145, 231.8322839178145, 228.80431791767478, 228.80431791767478, 228.25327229313552, 228.25327229313552, 227.32570858485997, 227.32570858485997, 227.10215458460152, 227.10215458460152, 226.957505710423, 226.957505710423, 226.80379871092737, 226.80379871092737, 226.72822137735784, 226.72822137735784, 226.58900458551943, 226.58900458551943, 226.44316266849637, 226.44316266849637, 226.35478900186718, 226.35478900186718, 226.21609766967595, 226.21609766967595, 226.1610084604472, 226.1610084604472, 225.98967254534364, 225.98967254534364, 225.9528592955321, 225.9528592955321, 225.82785191945732, 225.82785191945732, 225.77713946066797, 225.77713946066797, 225.63285662978888, 225.63285662978888, 225.57321063056588, 225.57321063056588, 225.41939408890903, 225.41939408890903, 225.29546592384577, 225.29546592384577, 225.13089784234762, 225.13089784234762, 225.02936884202063, 225.02936884202063, 224.9626406338066, 224.9626406338066, 224.88842267356813, 224.88842267356813, 224.68560692109168, 224.68560692109168, 224.5717320870608, 224.5717320870608, 224.39248454384506, 224.39248454384506, 224.297634460032, 224.297634460032, 224.11207804456353, 224.11207804456353, 224.02157700434327, 224.02157700434327, 223.86295871064067, 223.86295871064067], "b_time_left": [360, 346.583325041458, 346.583325041458, 325.80739145725965, 325.80739145725965, 314.9775120411068, 314.9775120411068, 296.1775743737817, 296.1775743737817, 289.2106407918036, 289.2106407918036, 269.5598374158144, 269.5598374158144, 265.6611223705113, 265.6611223705113, 259.7361840773374, 259.7361840773374, 255.6393486186862, 255.6393486186862, 250.75142965838313, 250.75142965838313, 249.5283378660679, 249.5283378660679, 246.95176803320646, 246.95176803320646, 246.24084290862083, 246.24084290862083, 244.47547286562622, 244.47547286562622, 244.32568486593664, 244.32568486593664, 244.02758103236556, 244.02758103236556, 243.70451224036515, 243.70451224036515, 243.54182940721512, 243.54182940721512, 243.3496410716325, 243.3496410716325, 243.2327857390046, 243.2327857390046, 243.11713586375117, 243.11713586375117, 243.03440511599183, 243.03440511599183, 242.95330749079585, 242.95330749079585, 242.91789211332798, 242.91789211332798, 242.853140944615, 242.853140944615, 242.76570023596287, 242.76570023596287, 242.671964276582, 242.671964276582, 242.60803081654012, 242.60803081654012, 242.52130623161793, 242.52130623161793, 242.4442623127252, 242.4442623127252, 242.39554447866976, 242.39554447866976, 242.34190614521503, 242.34190614521503, 242.26370889507234, 242.26370889507234, 242.2313045207411, 242.2313045207411, 242.12036264687777, 242.12036264687777, 242.0692372303456, 242.0692372303456, 242.0131997745484, 242.0131997745484, 241.98300214856863, 241.98300214856863, 241.92618644051254, 241.92618644051254, 241.8954098150134], "a_moves_left": [39, 39, 38, 38, 37, 37, 36, 36, 35, 35, 34, 34, 33, 33, 32, 32, 31, 31, 30, 30, 29, 29, 28, 28, 27, 27, 26, 26, 25, 25, 24, 24, 23, 23, 22, 22, 21, 21, 20, 20, 19, 19, 18, 18, 17, 17, 16, 16, 15, 15, 14, 14, 13, 13, 12, 12, 11, 11, 10, 10, 9, 9, 8, 8, 7, 7, 6, 6, 5, 5, 4, 4, 3, 3, 2, 2, 1, 1, 0, 0], "b_moves_left": [40, 39, 39, 38, 38, 37, 37, 36, 36, 35, 35, 34, 34, 33, 33, 32, 32, 31, 31, 30, 30, 29, 29, 28, 28, 27, 27, 26, 26, 25, 25, 24, 24, 23, 23, 22, 22, 21, 21, 20, 20, 19, 19, 18, 18, 17, 17, 16, 16, 15, 15, 14, 14, 13, 13, 12, 12, 11, 11, 10, 10, 9, 9, 8, 8, 7, 7, 6, 6, 5, 5, 4, 4, 3, 3, 2, 2, 1, 1, 0], "trapdoor_triggered": [0, 0, 0, 0, 0, 0, 0, 0, 0, 0, 0, 0, 0, 0, 0, 1, 0, 0, 0, 0, 0, 0, 0, 0, 0, 0, 0, 0, 0, 1, 0, 0, 0, 0, 0, 0, 0, 0, 0, 0, 0, 0, 0, 0, 0, 0, 0, 0, 0, 0, 0, 0, 0, 0, 0, 0, 0, 0, 0, 0, 0, 0, 0, 0, 0, 0, 0, 0, 0, 0, 0, 0, 0, 0, 0, 0, 0, 0, 0, 0], "left_behind": ["egg", "egg", "plain", "plain", "egg", "egg", "turd", "turd", "egg", "egg", "turd", "plain", "egg", "egg", "turd", "turd", "egg", "plain", "turd", "plain", "egg", "egg", "turd", "turd", "egg", "egg", "plain", "turd", "egg", "egg", "plain", "plain", "egg", "turd", "plain", "egg", "plain", "plain", "plain", "egg", "egg", "plain", "plain", "egg", "egg", "plain", "plain", "egg", "egg", "plain", "plain", "egg", "egg", "plain", "plain", "plain", "egg", "plain", "plain", "plain", "plain", "plain", "plain", "egg", "egg", "plain", "plain", "egg", "egg", "plain", "plain", "egg", "plain", "plain", "plain", "plain", "plain", "plain", "plain", "plain"], "errlog_a": "", "errlog_b": "", "start_time": 360, "start_moves": 40, "turn_count": 80, "result": 0, "reason": "EGGS_LAID", "trapdoors": [[3, 5], [4, 3]], "spawn_a": [7, 5], "spawn_b": [0, 5]}