{"pos": [[7, 0], [0, 0], [7, 1], [0, 1], [7, 2], [0, 2], [7, 3], [0, 3], [7, 4], [0, 4], [7, 3], [0, 3], [7, 4], [0, 4], [7, 3], [0, 3], [7, 4], [0, 4], [7, 3], [0, 3], [7, 4], [0, 4], [7, 3], [0, 3], [7, 4], [0, 4], [7, 3], [0, 3], [7, 4], [0, 4], [7, 3], [0, 3], [7, 4], [1, 3], [7, 3], [0, 3], [6, 3], [0, 4], [7, 3], [0, 3], [7, 4], [1, 3], [7, 3], [0, 3], [6, 3], [0, 4], [7, 3], [0, 3], [7, 4], [1, 3], [7, 3], [0, 3], [6, 3], [0, 4], [7, 3], [0, 3], [7, 4], [1, 3], [7, 3], [0, 3], [6, 3], [0, 4], [7, 3], [0, 3], [7, 4], [1, 3], [7, 3], [0, 3], [6, 3], [0, 4], [7, 3], [0, 3], [7, 4], [1, 3], [7, 3], [0, 3], [6, 3], [0, 4], [7, 3], [0, 3]], "a_eggs_laid": [0, 0, 0, 0, 1, 1, 1, 1, 2, 2, 2, 2, 2, 2, 2, 2, 2, 2, 2, 2, 2, 2, 2, 2, 2, 2, 2, 2, 2, 2, 2, 2, 2, 2, 2, 2, 2, 2, 2, 2, 2, 2, 2, 2, 2, 2, 2, 2, 2, 2, 2, 2, 2, 2, 2, 2, 2, 2, 2, 2, 2, 2, 2, 2, 2, 2, 2, 2, 2, 2, 2, 2, 2, 2, 2, 2, 2, 2, 2, 2], "b_eggs_laid": [0, 0, 0, 0, 0, 1, 1, 1, 1, 2, 2, 2, 2, 2, 2, 2, 2, 2, 2, 2, 2, 2, 2, 2, 2, 2, 2, 2, 2, 2, 2, 2, 2, 2, 2, 2, 2, 2, 2, 2, 2, 2, 2, 2, 2, 2, 2, 2, 2, 2, 2, 2, 2, 2, 2, 2, 2, 2, 2, 2, 2, 2, 2, 2, 2, 2, 2, 2, 2, 2, 2, 2, 2, 2, 2, 2, 2, 2, 2, 2], "a_turds_left": [5, 5, 5, 5, 5, 5, 5, 5, 5, 5, 5, 5, 5, 5, 5, 5, 5, 5, 5, 5, 5, 5, 5, 5, 5, 5, 5, 5, 5, 5, 5, 5, 5, 5, 4, 4, 4, 4, 3, 3, 3, 3, 3, 3, 3, 3, 3, 3, 3, 3, 3, 3, 3, 3, 3, 3, 3, 3, 3, 3, 3, 3, 3, 3, 3, 3, 3, 3, 3, 3, 3, 3, 3, 3, 3, 3, 3, 3, 3, 3], "b_turds_left": [5, 5, 5, 5, 5, 5, 5, 5, 5, 5, 5, 5, 5, 5, 5, 5, 5, 5, 5, 5, 5, 5, 5, 5, 5, 5, 5, 5, 5, 5, 5, 5, 5, 5, 5, 4, 4, 4, 4, 3, 3, 3, 3, 3, 3, 3, 3, 3, 3, 3, 3, 3, 3, 3, 3, 3, 3, 3, 3, 3, 3, 3, 3, 3, 3, 3, 3, 3, 3, 3, 3, 3, 3, 3, 3, 3, 3, 3, 3, 3], "a_time_left": [359.8721745442599, 359.8721745442599, 356.7526119593531, 356.7526119593531, 353.17656883597374, 353.17656883597374, 347.7342215869576, 347.7342215869576, 343.32661863043904, 343.32661863043904, 337.6652730870992, 337.6652730870992, 336.1177190449089, 336.1177190449089, 330.5734420027584, 330.5734420027584, 329.0731825027615, 329.0731825027615, 323.26732258312404, 323.26732258312404, 321.7449714578688, 321.7449714578688, 316.1885475832969, 316.1885475832969, 314.66190191730857, 314.66190191730857, 309.11198779195547, 309.11198779195547, 307.2605564184487, 307.2605564184487, 299.9258038774133, 299.9258038774133, 298.93452858552337, 298.93452858552337, 295.5280103776604, 295.5280103776604, 295.066711127758, 295.066711127758, 291.19355550408363, 291.19355550408363, 290.7931963391602, 290.7931963391602, 289.48545863106847, 289.48545863106847, 289.1006081737578, 289.1006081737578, 287.48354071751237, 287.48354071751237, 287.08297929912806, 287.08297929912806, 285.6248682998121, 285.6248682998121, 285.24360371753573, 285.24360371753573, 283.49017142504454, 283.49017142504454, 283.05639396607876, 283.05639396607876, 281.6983002573252, 281.6983002573252, 281.31344363093376, 281.31344363093376, 279.70205650664866, 279.70205650664866, 279.3008977137506, 279.3008977137506, 277.98247554712, 277.98247554712, 277.60090775601566, 277.60090775601566, 275.9028451722115, 275.9028451722115, 275.50146571174264, 275.50146571174264, 274.04886887967587, 274.04886887967587, 273.66547250561416, 273.66547250561416, 272.05305671691895, 272.05305671691895], "b_time_left": [360, 359.88779212348163, 359.88779212348163, 356.4684766251594, 356.4684766251594, 352.97268945910037, 352.97268945910037, 347.4998602513224, 347.4998602513224, 343.0220039598644, 343.0220039598644, 338.10380741767585, 338.10380741767585, 335.8367005866021, 335.8367005866021, 330.8296361695975, 330.8296361695975, 328.4568421263248, 328.4568421263248, 323.4719430860132, 323.4719430860132, 321.2093486264348, 321.2093486264348, 316.3979797102511, 316.3979797102511, 314.17304746061563, 314.17304746061563, 310.1957752518356, 310.1957752518356, 307.83672558516264, 307.83672558516264, 301.46982021071017, 301.46982021071017, 300.89707658439875, 300.89707658439875, 295.96835441701114, 295.96835441701114, 295.41555404290557, 295.41555404290557, 292.53833962604403, 292.53833962604403, 292.1947134193033, 292.1947134193033, 289.88988913036883, 289.88988913036883, 289.52287396229804, 289.52287396229804, 287.859070295468, 287.859070295468, 287.5250578802079, 287.5250578802079, 285.23445850797, 285.23445850797, 284.86848804727197, 284.86848804727197, 282.9771023802459, 282.9771023802459, 282.6431121304631, 282.6431121304631, 280.29642713069916, 280.29642713069916, 279.93069825693965, 279.93069825693965, 278.1474360488355, 278.1474360488355, 277.8199073821306, 277.8199073821306, 275.324770340696, 275.324770340696, 274.9586088806391, 274.9586088806391, 273.2973611727357, 273.2973611727357, 272.9712423812598, 272.9712423812598, 270.6378300897777, 270.6378300897777, 270.27117384038866, 270.27117384038866, 268.5973162986338], "a_moves_left": [39, 39, 38, 38, 37, 37, 36, 36, 35, 35, 34, 34, 33, 33, 32, 32, 31, 31, 30, 30, 29, 29, 28, 28, 27, 27, 26, 26, 25, 25, 24, 24, 23, 23, 22, 22, 21, 21, 20, 20, 19, 19, 18, 18, 17, 17, 16, 16, 15, 15, 14, 14, 13, 13, 12, 12, 11, 11, 10, 10, 9, 9, 8, 8, 7, 7, 6, 6, 5, 5, 4, 4, 3, 3, 2, 2, 1, 1, 0, 0], "b_moves_left": [40, 39, 39, 38, 38, 37, 37, 36, 36, 35, 35, 34, 34, 33, 33, 32, 32, 31, 31, 30, 30, 29, 29, 28, 28, 27, 27, 26, 26, 25, 25, 24, 24, 23, 23, 22, 22, 21, 21, 20, 20, 19, 19, 18, 18, 17, 17, 16, 16, 15, 15, 14, 14, 13, 13, 12, 12, 11, 11, 10, 10, 9, 9, 8, 8, 7, 7, 6, 6, 5, 5, 4, 4, 3, 3, 2, 2, 1, 1, 0], "trapdoor_triggered": [0, 0, 0, 0, 0, 0, 0, 0, 0, 0, 0, 0, 0, 0, 0, 0, 0, 0, 0, 0, 0, 0, 0, 0, 0, 0, 0, 0, 0, 0, 0, 0, 0, 0, 0, 0, 0, 0, 0, 0, 0, 0, 0, 0, 0, 0, 0, 0, 0, 0, 0, 0, 0, 0, 0, 0, 0, 0, 0, 0, 0, 0, 0, 0, 0, 0, 0, 0, 0, 0, 0, 0, 0, 0, 0, 0, 0, 0, 0, 0], "left_behind": ["plain", "plain", "plain", "plain", "egg", "egg", "plain", "plain", "egg", "egg", "plain", "plain", "plain", "plain", "plain", "plain", "plain", "plain", "plain", "plain", "plain", "plain", "plain", "plain", "plain", "plain", "plain", "plain", "plain", "plain", "plain", "plain", "plain", "plain", "turd", "turd", "plain", "plain", "turd", "turd", "plain", "plain", "plain", "plain", "plain", "plain", "plain", "plain", "plain", "plain", "plain", "plain", "plain", "plain", "plain", "plain", "plain", "plain", "plain", "plain", "plain", "plain", "plain", "plain", "plain", "plain", "plain", "plain", "plain", "plain", "plain", "plain", "plain", "plain", "plain", "plain", "plain", "plain", "plain", "plain"], "errlog_a": "", "errlog_b": "", "start_time": 360, "start_moves": 40, "turn_count": 80, "result": 2, "reason": "EGGS_LAID", "trapdoors": [[3, 3], [4, 5]], "spawn_a": [7, 1], "spawn_b": [0, 1]}