{"pos": [[7, 0], [7, 7], [7, 1], [7, 6], [7, 2], [7, 5], [6, 2], [6, 5], [5, 2], [5, 5], [4, 2]], "a_eggs_laid": [1, 1, 1, 1, 2, 2, 2, 2, 3, 3, 3], "b_eggs_laid": [0, 1, 1, 1, 1, 2, 2, 2, 2, 3, 3], "a_turds_left": [5, 5, 5, 5, 5, 5, 5, 5, 5, 5, 4], "b_turds_left": [5, 5, 5, 5, 5, 5, 5, 5, 5, 5, 5], "a_time_left": [357.1903609186411, 357.1903609186411, 349.0798262115568, 349.0798262115568, 344.0800514202565, 344.0800514202565, 307.8190703764558, 307.8190703764558, 297.0336234215647, 297.0336234215647, 262.79736554808915], "b_time_left": [360, 357.04465079307556, 357.04465079307556, 348.59434662759304, 348.59434662759304, 343.2319555860013, 343.2319555860013, 303.9653070010245, 303.9653070010245, 294.3126141279936, 294.3126141279936], "a_moves_left": [39, 39, 38, 38, 37, 37, 36, 36, 35, 35, 34], "b_moves_left": [40, 39, 39, 38, 38, 37, 37, 36, 36, 35, 35], "trapdoor_triggered": [0, 0, 0, 0, 0, 0, 0, 0, 0, 0, 0], "left_behind": ["egg", "egg", "plain", "plain", "egg", "egg", "plain", "plain", "egg", "egg", "turd"], "errlog_a": "", "errlog_b": "Timeout", "start_time": 360, "start_moves": 40, "turn_count": 11, "result": 0, "reason": "CODE_CRASH", "trapdoors": [[3, 3], [2, 3]], "spawn_a": [6, 0], "spawn_b": [6, 7]}