{"pos": [[7, 0], [0, 0], [6, 0], [1, 0], [5, 0], [2, 0], [4, 0], [3, 0], [4, 1], [3, 1], [4, 2], [4, 1], [4, 3], [5, 1], [3, 3], [6, 1], [7, 2], [6, 2], [7, 3], [5, 2], [7, 4], [5, 1], [7, 5], [5, 0], [6, 5], [5, 1], [6, 6], [6, 1], [5, 6], [6, 2], [4, 6], [6, 3], [3, 6], [6, 4], [2, 6], [6, 5], [1, 6], [5, 5], [1, 5], [5, 6], [1, 4], [5, 7], [1, 3], [4, 7], [1, 2], [3, 7], [1, 1], [2, 7], [1, 2], [1, 7], [0, 2], [1, 6], [0, 3], [0, 6], [0, 4], [0, 7], [1, 4], [1, 7], [1, 5], [1, 6], [2, 5], [0, 6], [2, 6], [0, 5], [3, 6], [0, 6], [4, 6], [1, 6], [4, 5], [1, 7], [5, 5], [2, 7], [5, 4], [3, 7], [7, 2], [3, 6], [7, 3], [3, 7], [7, 4], [4, 7]], "a_eggs_laid": [1, 1, 1, 1, 2, 2, 2, 2, 3, 3, 3, 3, 4, 4, 4, 4, 4, 4, 4, 4, 5, 5, 5, 5, 6, 6, 6, 6, 7, 7, 7, 7, 8, 8, 8, 8, 9, 9, 9, 9, 10, 10, 10, 10, 11, 11, 11, 11, 12, 12, 12, 12, 13, 13, 13, 13, 14, 14, 14, 14, 14, 14, 14, 14, 14, 14, 14, 14, 14, 14, 14, 14, 15, 15, 15, 15, 15, 15, 15, 15], "b_eggs_laid": [0, 1, 1, 1, 1, 2, 2, 2, 2, 3, 3, 3, 3, 4, 4, 8, 8, 9, 9, 9, 9, 9, 9, 9, 9, 10, 10, 10, 10, 10, 10, 10, 10, 11, 11, 11, 11, 12, 12, 12, 12, 13, 13, 13, 13, 14, 14, 14, 14, 15, 15, 15, 15, 16, 16, 16, 16, 19, 19, 19, 19, 19, 19, 19, 19, 20, 20, 20, 20, 20, 20, 20, 20, 24, 24, 24, 24, 25, 25, 25], "a_turds_left": [5, 5, 5, 5, 5, 5, 5, 5, 5, 5, 5, 5, 5, 5, 4, 4, 4, 4, 4, 4, 4, 4, 4, 4, 4, 4, 4, 4, 4, 4, 4, 4, 4, 4, 4, 4, 4, 4, 4, 4, 4, 4, 4, 4, 4, 4, 4, 4, 4, 4, 4, 4, 4, 4, 4, 4, 4, 4, 4, 4, 4, 4, 3, 3, 3, 3, 3, 3, 3, 3, 2, 2, 2, 2, 2, 2, 2, 2, 2, 2], "b_turds_left": [5, 5, 5, 4, 4, 4, 4, 4, 4, 4, 4, 3, 3, 3, 3, 3, 3, 3, 3, 3, 3, 2, 2, 2, 2, 2, 2, 2, 2, 2, 2, 2, 2, 2, 2, 2, 2, 2, 2, 2, 2, 2, 2, 2, 2, 2, 2, 2, 2, 2, 2, 2, 2, 2, 2, 1, 1, 1, 1, 1, 1, 1, 1, 1, 1, 1, 1, 1, 1, 1, 1, 1, 1, 1, 1, 1, 1, 1, 1, 1], "a_time_left": [358.67319600097835, 358.67319600097835, 357.2634777072817, 357.2634777072817, 356.01613953895867, 356.01613953895867, 352.96714432910085, 352.96714432910085, 351.51805653609335, 351.51805653609335, 343.9054146204144, 343.9054146204144, 341.7804199513048, 341.7804199513048, 330.09977561607957, 330.09977561607957, 329.4559216145426, 329.4559216145426, 329.00036511570215, 329.00036511570215, 328.1437243241817, 328.1437243241817, 327.3902504518628, 327.3902504518628, 326.8554916176945, 326.8554916176945, 323.16343628428876, 323.16343628428876, 322.67129265889525, 322.67129265889525, 321.17354640737176, 321.17354640737176, 320.810742367059, 320.810742367059, 319.58591978624463, 319.58591978624463, 319.2291486617178, 319.2291486617178, 317.97611441090703, 317.97611441090703, 317.7444800361991, 317.7444800361991, 317.31008624471724, 317.31008624471724, 317.1256716605276, 317.1256716605276, 316.57185857743025, 316.57185857743025, 316.40466191247106, 316.40466191247106, 316.0624448303133, 316.0624448303133, 315.9166675377637, 315.9166675377637, 315.45801628753543, 315.45801628753543, 315.24130862019956, 315.24130862019956, 314.42605603672564, 314.42605603672564, 314.19387258030474, 314.19387258030474, 313.4491963721812, 313.4491963721812, 313.1933782901615, 313.1933782901615, 312.50896987505257, 312.50896987505257, 312.3485309984535, 312.3485309984535, 312.07378783263266, 312.07378783263266, 312.0499876663089, 312.0499876663089, 312.03412962704897, 312.03412962704897, 312.0040490850806, 312.0040490850806, 311.97695816867054, 311.97695816867054], "b_time_left": [360, 353.1492435000837, 353.1492435000837, 349.54573941603303, 349.54573941603303, 342.0792135819793, 342.0792135819793, 330.2718735393137, 330.2718735393137, 325.1904339119792, 325.1904339119792, 309.4413491617888, 309.4413491617888, 308.7062880769372, 308.7062880769372, 308.26206228509545, 308.26206228509545, 308.18745353259146, 308.18745353259146, 307.11820824071765, 307.11820824071765, 306.58747186511755, 306.58747186511755, 305.9544849060476, 305.9544849060476, 305.7266298253089, 305.7266298253089, 305.11822874099016, 305.11822874099016, 304.84326570108533, 304.84326570108533, 304.22430291213095, 304.22430291213095, 304.00081666372716, 304.00081666372716, 303.23724466376007, 303.23724466376007, 303.00079520605505, 303.00079520605505, 301.7784169577062, 301.7784169577062, 301.72951191850007, 301.72951191850007, 301.5997688770294, 301.5997688770294, 301.4614864625037, 301.4614864625037, 301.1959402952343, 301.1959402952343, 301.13427479565144, 301.13427479565144, 301.0158292148262, 301.0158292148262, 300.96307292208076, 300.96307292208076, 300.85231367498636, 300.85231367498636, 300.8246124256402, 300.8246124256402, 300.78143680281937, 300.78143680281937, 300.7663895133883, 300.7663895133883, 300.7492185123265, 300.7492185123265, 300.73860497027636, 300.73860497027636, 300.7179222200066, 300.7179222200066, 300.6997146382928, 300.6997146382928, 300.67538263835013, 300.67538263835013, 300.66175418160856, 300.66175418160856, 300.64366768300533, 300.64366768300533, 300.6307696402073, 300.6307696402073, 300.6105083487928], "a_moves_left": [39, 39, 38, 38, 37, 37, 36, 36, 35, 35, 34, 34, 33, 33, 32, 32, 31, 31, 30, 30, 29, 29, 28, 28, 27, 27, 26, 26, 25, 25, 24, 24, 23, 23, 22, 22, 21, 21, 20, 20, 19, 19, 18, 18, 17, 17, 16, 16, 15, 15, 14, 14, 13, 13, 12, 12, 11, 11, 10, 10, 9, 9, 8, 8, 7, 7, 6, 6, 5, 5, 4, 4, 3, 3, 2, 2, 1, 1, 0, 0], "b_moves_left": [40, 39, 39, 38, 38, 37, 37, 36, 36, 35, 35, 34, 34, 33, 33, 32, 32, 31, 31, 30, 30, 29, 29, 28, 28, 27, 27, 26, 26, 25, 25, 24, 24, 23, 23, 22, 22, 21, 21, 20, 20, 19, 19, 18, 18, 17, 17, 16, 16, 15, 15, 14, 14, 13, 13, 12, 12, 11, 11, 10, 10, 9, 9, 8, 8, 7, 7, 6, 6, 5, 5, 4, 4, 3, 3, 2, 2, 1, 1, 0], "trapdoor_triggered": [0, 0, 0, 0, 0, 0, 0, 0, 0, 0, 0, 0, 0, 0, 1, 0, 0, 0, 0, 0, 0, 0, 0, 0, 0, 0, 0, 0, 0, 0, 0, 0, 0, 0, 0, 0, 0, 0, 0, 0, 0, 0, 0, 0, 0, 0, 0, 0, 0, 0, 0, 0, 0, 0, 0, 0, 0, 0, 0, 0, 0, 0, 0, 0, 0, 0, 0, 0, 0, 0, 0, 0, 1, 0, 0, 0, 0, 0, 0, 0], "left_behind": ["egg", "egg", "plain", "turd", "egg", "egg", "plain", "plain", "egg", "egg", "plain", "turd", "egg", "egg", "turd", "plain", "plain", "egg", "plain", "plain", "egg", "turd", "plain", "plain", "egg", "egg", "plain", "plain", "egg", "plain", "plain", "plain", "egg", "egg", "plain", "plain", "egg", "egg", "plain", "plain", "egg", "egg", "plain", "plain", "egg", "egg", "plain", "plain", "egg", "egg", "plain", "plain", "egg", "egg", "plain", "turd", "egg", "egg", "plain", "plain", "plain", "plain", "turd", "plain", "plain", "egg", "plain", "plain", "plain", "plain", "turd", "plain", "egg", "plain", "plain", "plain", "plain", "egg", "plain", "plain"], "errlog_a": "", "errlog_b": "", "start_time": 360, "start_moves": 40, "turn_count": 80, "result": 1, "reason": "EGGS_LAID", "trapdoors": [[3, 3], [5, 4]], "spawn_a": [7, 1], "spawn_b": [0, 1]}