{"pos": [[1, 6], [7, 7], [1, 5], [6, 7], [1, 6], [5, 7], [1, 5], [5, 6], [1, 4], [5, 5], [1, 3], [5, 4], [1, 2], [5, 3], [2, 2], [4, 3], [2, 1], [4, 2], [3, 1], [3, 2], [3, 0], [3, 3], [4, 0], [2, 3], [5, 0], [3, 3], [5, 1], [3, 2], [6, 1], [4, 2], [6, 2], [4, 1], [6, 3], [4, 2], [6, 4], [5, 2], [7, 4], [6, 6], [7, 5], [6, 5], [7, 4], [6, 6], [7, 3], [5, 6], [7, 2], [4, 6], [7, 1], [3, 6], [7, 0], [3, 5], [6, 0], [2, 5], [6, 1], [3, 5], [5, 1], [2, 5], [5, 0], [3, 5], [4, 0], [2, 5], [3, 0], [3, 5], [2, 0], [2, 5], [1, 0], [3, 5], [1, 1], [2, 5], [0, 1], [3, 5], [0, 2], [2, 5], [0, 3], [3, 5], [0, 4], [3, 6], [0, 5], [3, 7], [1, 5], [2, 7]], "a_eggs_laid": [1, 1, 1, 1, 2, 2, 2, 2, 2, 2, 2, 2, 3, 3, 3, 3, 4, 4, 4, 4, 5, 5, 5, 5, 6, 6, 6, 6, 7, 7, 7, 7, 8, 8, 8, 8, 13, 13, 13, 13, 14, 14, 14, 14, 15, 15, 15, 15, 16, 16, 16, 16, 17, 17, 17, 17, 17, 17, 17, 17, 17, 17, 17, 17, 18, 18, 18, 18, 19, 19, 19, 19, 20, 20, 20, 20, 21, 21, 21, 21], "b_eggs_laid": [0, 1, 1, 1, 1, 2, 2, 2, 2, 3, 3, 3, 3, 4, 4, 4, 4, 5, 5, 5, 5, 6, 6, 6, 6, 7, 7, 7, 7, 7, 7, 7, 7, 8, 8, 8, 8, 8, 8, 8, 8, 9, 9, 9, 9, 9, 9, 9, 9, 10, 10, 10, 10, 11, 11, 11, 11, 11, 11, 11, 11, 11, 11, 11, 11, 11, 11, 11, 11, 11, 11, 11, 11, 11, 11, 11, 11, 11, 11, 11], "a_turds_left": [5, 5, 4, 4, 4, 4, 4, 4, 4, 4, 4, 4, 4, 4, 3, 3, 3, 3, 3, 3, 3, 3, 2, 2, 2, 2, 1, 1, 1, 1, 0, 0, 0, 0, 0, 0, 0, 0, 0, 0, 0, 0, 0, 0, 0, 0, 0, 0, 0, 0, 0, 0, 0, 0, 0, 0, 0, 0, 0, 0, 0, 0, 0, 0, 0, 0, 0, 0, 0, 0, 0, 0, 0, 0, 0, 0, 0, 0, 0, 0], "b_turds_left": [5, 5, 5, 4, 4, 4, 4, 3, 3, 3, 3, 2, 2, 2, 2, 2, 2, 2, 2, 1, 1, 1, 1, 0, 0, 0, 0, 0, 0, 0, 0, 0, 0, 0, 0, 0, 0, 0, 0, 0, 0, 0, 0, 0, 0, 0, 0, 0, 0, 0, 0, 0, 0, 0, 0, 0, 0, 0, 0, 0, 0, 0, 0, 0, 0, 0, 0, 0, 0, 0, 0, 0, 0, 0, 0, 0, 0, 0, 0, 0], "a_time_left": [356.23230733163655, 356.23230733163655, 346.1021034568548, 346.1021034568548, 341.50495908409357, 341.50495908409357, 335.9734603315592, 335.9734603315592, 333.0688159968704, 333.0688159968704, 322.1937940809876, 322.1937940809876, 318.8736392054707, 318.8736392054707, 314.2349628712982, 314.2349628712982, 311.2491238284856, 311.2491238284856, 308.7501968294382, 308.7501968294382, 308.49173791334033, 308.49173791334033, 308.04681195504963, 308.04681195504963, 307.90950291603804, 307.90950291603804, 307.55729987472296, 307.55729987472296, 307.4849053751677, 307.4849053751677, 307.37219591997564, 307.37219591997564, 307.3580143377185, 307.3580143377185, 307.33287408947945, 307.33287408947945, 307.3238391280174, 307.3238391280174, 307.29949692077935, 307.29949692077935, 307.289215920493, 307.289215920493, 307.26701941899955, 307.26701941899955, 307.2482790015638, 307.2482790015638, 307.22201841697097, 307.22201841697097, 307.20186812616885, 307.20186812616885, 307.18316621147096, 307.18316621147096, 307.16990242153406, 307.16990242153406, 307.14368567056954, 307.14368567056954, 307.13516971096396, 307.13516971096396, 307.1158312112093, 307.1158312112093, 307.10476908646524, 307.10476908646524, 307.0630760435015, 307.0630760435015, 307.03203891962767, 307.03203891962767, 307.00103854201734, 307.00103854201734, 306.94223196059465, 306.94223196059465, 306.90930150076747, 306.90930150076747, 306.87334966659546, 306.87334966659546, 306.83665445819497, 306.83665445819497, 306.8073871266097, 306.8073871266097, 306.78426895849407, 306.78426895849407], "b_time_left": [360, 356.62891145795584, 356.62891145795584, 350.57253245823085, 350.57253245823085, 347.9989539179951, 347.9989539179951, 341.94777400046587, 341.94777400046587, 339.9591852501035, 339.9591852501035, 332.0761040430516, 332.0761040430516, 329.77827429398894, 329.77827429398894, 326.72788287885487, 326.72788287885487, 324.3588209208101, 324.3588209208101, 322.8959022127092, 322.8959022127092, 322.53886379674077, 322.53886379674077, 322.06982300430536, 322.06982300430536, 321.8778493795544, 321.8778493795544, 321.693492339924, 321.693492339924, 321.58176700398326, 321.58176700398326, 321.4792210031301, 321.4792210031301, 321.45413779467344, 321.45413779467344, 321.3715610448271, 321.3715610448271, 321.29359062947333, 321.29359062947333, 321.2424547560513, 321.2424547560513, 321.1713860873133, 321.1713860873133, 321.11101692169905, 321.11101692169905, 321.05333212949336, 321.05333212949336, 320.9468736741692, 320.9468736741692, 320.84335667453706, 320.84335667453706, 320.79310925863683, 320.79310925863683, 320.74857654981315, 320.74857654981315, 320.62516676075757, 320.62516676075757, 320.5830640923232, 320.5830640923232, 320.48955951072276, 320.48955951072276, 320.4425042178482, 320.4425042178482, 320.3444118015468, 320.3444118015468, 320.29447742551565, 320.29447742551565, 320.2056132182479, 320.2056132182479, 320.1495677623898, 320.1495677623898, 320.06387126259506, 320.06387126259506, 320.0076503884047, 320.0076503884047, 319.9202827233821, 319.9202827233821, 319.86134451441467, 319.86134451441467, 319.8009965158999], "a_moves_left": [39, 39, 38, 38, 37, 37, 36, 36, 35, 35, 34, 34, 33, 33, 32, 32, 31, 31, 30, 30, 29, 29, 28, 28, 27, 27, 26, 26, 25, 25, 24, 24, 23, 23, 22, 22, 21, 21, 20, 20, 19, 19, 18, 18, 17, 17, 16, 16, 15, 15, 14, 14, 13, 13, 12, 12, 11, 11, 10, 10, 9, 9, 8, 8, 7, 7, 6, 6, 5, 5, 4, 4, 3, 3, 2, 2, 1, 1, 0, 0], "b_moves_left": [40, 39, 39, 38, 38, 37, 37, 36, 36, 35, 35, 34, 34, 33, 33, 32, 32, 31, 31, 30, 30, 29, 29, 28, 28, 27, 27, 26, 26, 25, 25, 24, 24, 23, 23, 22, 22, 21, 21, 20, 20, 19, 19, 18, 18, 17, 17, 16, 16, 15, 15, 14, 14, 13, 13, 12, 12, 11, 11, 10, 10, 9, 9, 8, 8, 7, 7, 6, 6, 5, 5, 4, 4, 3, 3, 2, 2, 1, 1, 0], "trapdoor_triggered": [0, 0, 0, 0, 0, 0, 0, 0, 0, 0, 0, 0, 0, 0, 0, 0, 0, 0, 0, 0, 0, 0, 0, 0, 0, 0, 0, 0, 0, 0, 0, 0, 0, 0, 0, 1, 0, 0, 0, 0, 0, 0, 0, 0, 0, 0, 0, 0, 0, 0, 0, 0, 0, 0, 0, 0, 0, 0, 0, 0, 0, 0, 0, 0, 0, 0, 0, 0, 0, 0, 0, 0, 0, 0, 0, 0, 0, 0, 0, 0], "left_behind": ["egg", "egg", "turd", "turd", "egg", "egg", "plain", "turd", "plain", "egg", "plain", "turd", "egg", "egg", "turd", "plain", "egg", "egg", "plain", "turd", "egg", "egg", "turd", "turd", "egg", "egg", "turd", "plain", "egg", "plain", "turd", "plain", "egg", "egg", "plain", "plain", "egg", "plain", "plain", "plain", "egg", "egg", "plain", "plain", "egg", "plain", "plain", "plain", "egg", "egg", "plain", "plain", "egg", "egg", "plain", "plain", "plain", "plain", "plain", "plain", "plain", "plain", "plain", "plain", "egg", "plain", "plain", "plain", "egg", "plain", "plain", "plain", "egg", "plain", "plain", "plain", "egg", "plain", "plain", "plain"], "errlog_a": "", "errlog_b": "", "start_time": 360, "start_moves": 40, "turn_count": 80, "result": 0, "reason": "EGGS_LAID", "trapdoors": [[4, 4], [5, 2]], "spawn_a": [0, 6], "spawn_b": [7, 6]}