{"pos": [[7, 0], [0, 2], [6, 0], [0, 3], [5, 0], [0, 4], [4, 0], [0, 5], [4, 1], [1, 5], [3, 1], [2, 5], [3, 2], [3, 5], [2, 2], [3, 4], [2, 1], [4, 4], [1, 1], [4, 3], [1, 0], [5, 3], [0, 0], [0, 2], [1, 0], [1, 2], [2, 0], [1, 3], [3, 0], [1, 4], [4, 0], [1, 5], [5, 0], [1, 6], [6, 0], [2, 6], [7, 0], [3, 6], [7, 1], [4, 6], [7, 2], [5, 6], [7, 3], [6, 6], [7, 4], [6, 5], [7, 5], [5, 5], [7, 6], [5, 4], [6, 6], [0, 2], [6, 7], [1, 2], [5, 7], [1, 3], [4, 7], [2, 3], [4, 6], [2, 4], [4, 7], [3, 4], [3, 7], [4, 4], [2, 7], [4, 3], [1, 7], [4, 4], [0, 7], [4, 5], [0, 6], [3, 5], [0, 7], [2, 5], [1, 7], [2, 4], [2, 7], [3, 4], [2, 6], [3, 5]], "a_eggs_laid": [1, 1, 1, 1, 2, 2, 2, 2, 3, 3, 3, 3, 4, 4, 4, 4, 5, 5, 5, 5, 6, 6, 10, 10, 13, 13, 13, 13, 14, 14, 14, 14, 14, 14, 14, 14, 14, 14, 14, 14, 14, 14, 14, 14, 15, 15, 15, 15, 16, 16, 20, 20, 21, 21, 21, 21, 22, 22, 22, 22, 23, 23, 23, 23, 24, 24, 24, 24, 25, 25, 25, 25, 26, 26, 26, 26, 26, 26, 26, 26], "b_eggs_laid": [0, 1, 1, 1, 1, 2, 2, 2, 2, 3, 3, 3, 3, 4, 4, 4, 4, 5, 5, 5, 5, 6, 6, 6, 6, 6, 6, 7, 7, 7, 7, 8, 8, 8, 8, 9, 9, 9, 9, 10, 10, 10, 10, 11, 11, 11, 11, 12, 12, 12, 12, 12, 12, 12, 12, 12, 12, 12, 12, 13, 13, 13, 13, 13, 13, 13, 13, 13, 13, 13, 13, 14, 14, 14, 14, 14, 14, 14, 14, 14], "a_turds_left": [5, 5, 5, 5, 5, 5, 5, 5, 5, 5, 5, 5, 5, 5, 4, 4, 4, 4, 4, 4, 4, 4, 4, 4, 4, 4, 4, 4, 4, 4, 4, 4, 4, 4, 4, 4, 4, 4, 4, 4, 4, 4, 4, 4, 4, 4, 4, 4, 4, 4, 4, 4, 4, 4, 4, 4, 4, 4, 4, 4, 4, 4, 4, 4, 4, 4, 4, 4, 4, 4, 4, 4, 4, 4, 4, 4, 4, 4, 4, 4], "b_turds_left": [5, 5, 5, 4, 4, 4, 4, 3, 3, 3, 3, 3, 3, 3, 3, 2, 2, 2, 2, 1, 1, 1, 1, 1, 1, 1, 1, 1, 1, 1, 1, 1, 1, 1, 1, 1, 1, 1, 1, 1, 1, 1, 1, 1, 1, 1, 1, 1, 1, 1, 1, 1, 1, 1, 1, 1, 1, 1, 1, 1, 1, 1, 1, 1, 1, 1, 1, 1, 1, 1, 1, 1, 1, 1, 1, 1, 1, 1, 1, 1], "a_time_left": [358.71193362399936, 358.71193362399936, 357.359135793522, 357.359135793522, 355.92075371183455, 355.92075371183455, 354.33490066975355, 354.33490066975355, 353.10398012958467, 353.10398012958467, 341.6629907116294, 341.6629907116294, 339.08436675556004, 339.08436675556004, 322.1843640897423, 322.1843640897423, 320.1413288805634, 320.1413288805634, 318.7182545475662, 318.7182545475662, 318.58793479576707, 318.58793479576707, 318.21899525262415, 318.21899525262415, 318.0135179180652, 318.0135179180652, 317.52176758274436, 317.52176758274436, 317.27779304236174, 317.27779304236174, 316.71804637648165, 316.71804637648165, 316.6098279170692, 316.6098279170692, 316.35150391608477, 316.35150391608477, 316.25426049903035, 316.25426049903035, 316.0602134540677, 316.0602134540677, 315.76964787207544, 315.76964787207544, 315.6130152884871, 315.6130152884871, 315.55719724856317, 315.55719724856317, 315.4441859982908, 315.4441859982908, 315.40691270679235, 315.40691270679235, 315.34949453920126, 315.34949453920126, 315.31456086970866, 315.31456086970866, 315.2520125769079, 315.2520125769079, 315.2292973268777, 315.2292973268777, 315.1921610776335, 315.1921610776335, 315.1609518676996, 315.1609518676996, 315.10148553550243, 315.10148553550243, 315.08749074302614, 315.08749074302614, 315.06221370212734, 315.06221370212734, 315.0548171624541, 315.0548171624541, 315.0416586212814, 315.0416586212814, 315.0247177463025, 315.0247177463025, 314.99440595693886, 314.99440595693886, 314.9641567915678, 314.9641567915678, 314.90857387520373, 314.90857387520373], "b_time_left": [360, 356.92133008502424, 356.92133008502424, 337.88564396090806, 337.88564396090806, 326.97131229378283, 326.97131229378283, 307.8418270032853, 307.8418270032853, 302.0397972948849, 302.0397972948849, 281.8135436270386, 281.8135436270386, 267.81096329540014, 267.81096329540014, 262.3642000872642, 262.3642000872642, 261.5994677133858, 261.5994677133858, 259.34627871215343, 259.34627871215343, 259.2202887944877, 259.2202887944877, 259.0940678771585, 259.0940678771585, 258.9331746697426, 258.9331746697426, 258.63507304526865, 258.63507304526865, 258.1163968369365, 258.1163968369365, 257.7894354201853, 257.7894354201853, 257.33544183522463, 257.33544183522463, 257.1139982510358, 257.1139982510358, 256.7518547922373, 256.7518547922373, 256.50742354243994, 256.50742354243994, 255.9642120823264, 255.9642120823264, 255.77803187444806, 255.77803187444806, 255.40024433471262, 255.40024433471262, 255.06101162359118, 255.06101162359118, 254.53700791485608, 254.53700791485608, 254.49447908066213, 254.49447908066213, 254.3814504556358, 254.3814504556358, 254.28736224770546, 254.28736224770546, 253.967398872599, 253.967398872599, 253.83066333085299, 253.83066333085299, 253.67029716446996, 253.67029716446996, 253.56714545562863, 253.56714545562863, 253.51230979152024, 253.51230979152024, 253.4703494179994, 253.4703494179994, 253.34691308252513, 253.34691308252513, 253.25335703976452, 253.25335703976452, 253.13295633159578, 253.13295633159578, 253.06836487166584, 253.06836487166584, 252.98419783264399, 252.98419783264399, 252.91872858069837], "a_moves_left": [39, 39, 38, 38, 37, 37, 36, 36, 35, 35, 34, 34, 33, 33, 32, 32, 31, 31, 30, 30, 29, 29, 28, 28, 27, 27, 26, 26, 25, 25, 24, 24, 23, 23, 22, 22, 21, 21, 20, 20, 19, 19, 18, 18, 17, 17, 16, 16, 15, 15, 14, 14, 13, 13, 12, 12, 11, 11, 10, 10, 9, 9, 8, 8, 7, 7, 6, 6, 5, 5, 4, 4, 3, 3, 2, 2, 1, 1, 0, 0], "b_moves_left": [40, 39, 39, 38, 38, 37, 37, 36, 36, 35, 35, 34, 34, 33, 33, 32, 32, 31, 31, 30, 30, 29, 29, 28, 28, 27, 27, 26, 26, 25, 25, 24, 24, 23, 23, 22, 22, 21, 21, 20, 20, 19, 19, 18, 18, 17, 17, 16, 16, 15, 15, 14, 14, 13, 13, 12, 12, 11, 11, 10, 10, 9, 9, 8, 8, 7, 7, 6, 6, 5, 5, 4, 4, 3, 3, 2, 2, 1, 1, 0], "trapdoor_triggered": [0, 0, 0, 0, 0, 0, 0, 0, 0, 0, 0, 0, 0, 0, 0, 0, 0, 0, 0, 0, 0, 1, 0, 0, 0, 0, 0, 0, 0, 0, 0, 0, 0, 0, 0, 0, 0, 0, 0, 0, 0, 0, 0, 0, 0, 0, 0, 0, 0, 1, 0, 0, 0, 0, 0, 0, 0, 0, 0, 0, 0, 0, 0, 0, 0, 0, 0, 0, 0, 0, 0, 0, 0, 0, 0, 0, 0, 0, 0, 0], "left_behind": ["egg", "egg", "plain", "turd", "egg", "egg", "plain", "turd", "egg", "egg", "plain", "plain", "egg", "egg", "turd", "turd", "egg", "egg", "plain", "turd", "egg", "egg", "plain", "plain", "egg", "plain", "plain", "egg", "egg", "plain", "plain", "egg", "plain", "plain", "plain", "egg", "plain", "plain", "plain", "egg", "plain", "plain", "plain", "egg", "egg", "plain", "plain", "egg", "egg", "plain", "plain", "plain", "egg", "plain", "plain", "plain", "egg", "plain", "plain", "egg", "egg", "plain", "plain", "plain", "egg", "plain", "plain", "plain", "egg", "plain", "plain", "egg", "egg", "plain", "plain", "plain", "plain", "plain", "plain", "plain"], "errlog_a": "", "errlog_b": "", "start_time": 360, "start_moves": 40, "turn_count": 80, "result": 0, "reason": "EGGS_LAID", "trapdoors": [[5, 3], [5, 4]], "spawn_a": [7, 1], "spawn_b": [0, 1]}