{"pos": [[1, 0], [1, 7], [0, 0], [0, 7], [0, 1], [0, 6], [1, 1], [1, 6], [1, 2], [1, 5], [2, 2], [2, 5]], "a_eggs_laid": [1, 1, 1, 1, 4, 4, 4, 4, 5, 5, 5, 5], "b_eggs_laid": [0, 1, 1, 1, 1, 4, 4, 4, 4, 5, 5, 5], "a_turds_left": [5, 5, 5, 5, 5, 5, 5, 5, 5, 5, 5, 5], "b_turds_left": [5, 5, 5, 5, 5, 5, 5, 5, 5, 5, 5, 5], "a_time_left": [355.93999470956624, 355.93999470956624, 346.063417583704, 346.063417583704, 342.9301428347826, 342.9301428347826, 316.3853269573301, 316.3853269573301, 310.9582562483847, 310.9582562483847, 270.9766263719648, 270.9766263719648], "b_time_left": [360, 356.7847907487303, 356.7847907487303, 346.6061313338578, 346.6061313338578, 344.3839043751359, 344.3839043751359, 313.42472566850483, 313.42472566850483, 307.85481450147927, 307.85481450147927, 262.58417845889926], "a_moves_left": [39, 39, 38, 38, 37, 37, 36, 36, 35, 35, 34, 34], "b_moves_left": [40, 39, 39, 38, 38, 37, 37, 36, 36, 35, 35, 34], "trapdoor_triggered": [0, 0, 0, 0, 0, 0, 0, 0, 0, 0, 0, 0], "left_behind": ["egg", "egg", "plain", "plain", "egg", "egg", "plain", "plain", "egg", "egg", "plain", "plain"], "errlog_a": "Timeout", "errlog_b": "", "start_time": 360, "start_moves": 40, "turn_count": 12, "result": 1, "reason": "CODE_CRASH", "trapdoors": [[5, 3], [3, 4]], "spawn_a": [2, 0], "spawn_b": [2, 7]}