{"pos": [[7, 0], [7, 7], [7, 1], [7, 6], [7, 2], [7, 5], [6, 2], [7, 4], [5, 2], [6, 4], [4, 2], [5, 4], [3, 2], [4, 4], [5, 0], [4, 3], [4, 0], [3, 3], [3, 0], [3, 4], [2, 0], [2, 4], [1, 0], [1, 4], [0, 0], [0, 4], [0, 1], [0, 3], [0, 2], [1, 3], [1, 2], [2, 3], [1, 3], [2, 2], [1, 2], [2, 1], [1, 1], [3, 1], [0, 1], [4, 1], [0, 0], [3, 1], [1, 0], [2, 1], [2, 0], [2, 2], [3, 0], [2, 3], [3, 1], [2, 4], [3, 0], [1, 4], [4, 0], [0, 4], [5, 0], [0, 3], [6, 0], [0, 4], [7, 0], [1, 4], [7, 1], [1, 5], [6, 1], [1, 6], [5, 1], [1, 7], [5, 0], [0, 7], [4, 0], [0, 6], [3, 0], [1, 6], [2, 0], [1, 5], [1, 0], [0, 5], [0, 0], [0, 6], [0, 1], [1, 6]], "a_eggs_laid": [1, 1, 1, 1, 2, 2, 2, 2, 3, 3, 3, 3, 4, 4, 4, 4, 4, 4, 5, 5, 5, 5, 6, 6, 6, 6, 9, 9, 9, 9, 10, 10, 10, 10, 11, 11, 11, 11, 12, 12, 12, 12, 12, 12, 12, 12, 12, 12, 12, 12, 13, 13, 13, 13, 13, 13, 13, 13, 13, 13, 13, 13, 13, 13, 13, 13, 14, 14, 14, 14, 14, 14, 14, 14, 14, 14, 14, 14, 14, 14], "b_eggs_laid": [0, 1, 1, 1, 1, 2, 2, 2, 2, 3, 3, 3, 3, 8, 8, 8, 8, 9, 9, 9, 9, 9, 9, 9, 9, 10, 10, 10, 10, 11, 11, 11, 11, 12, 12, 12, 12, 13, 13, 13, 13, 14, 14, 14, 14, 14, 14, 14, 14, 14, 14, 14, 14, 14, 14, 14, 14, 14, 14, 14, 14, 14, 14, 14, 14, 15, 15, 15, 15, 18, 18, 18, 18, 18, 18, 18, 18, 19, 19, 19], "a_turds_left": [5, 5, 5, 5, 5, 5, 5, 5, 5, 5, 4, 4, 4, 4, 4, 4, 4, 4, 4, 4, 4, 4, 4, 4, 4, 4, 4, 4, 4, 4, 4, 4, 4, 4, 4, 4, 4, 4, 4, 4, 4, 4, 4, 4, 4, 4, 4, 4, 4, 4, 4, 4, 4, 4, 4, 4, 4, 4, 4, 4, 4, 4, 4, 4, 4, 4, 4, 4, 4, 4, 4, 4, 4, 4, 4, 4, 4, 4, 4, 4], "b_turds_left": [5, 5, 5, 4, 4, 4, 4, 3, 3, 3, 3, 2, 2, 2, 2, 1, 1, 1, 1, 0, 0, 0, 0, 0, 0, 0, 0, 0, 0, 0, 0, 0, 0, 0, 0, 0, 0, 0, 0, 0, 0, 0, 0, 0, 0, 0, 0, 0, 0, 0, 0, 0, 0, 0, 0, 0, 0, 0, 0, 0, 0, 0, 0, 0, 0, 0, 0, 0, 0, 0, 0, 0, 0, 0, 0, 0, 0, 0, 0, 0], "a_time_left": [358.5689741652459, 358.5689741652459, 355.7766673732549, 355.7766673732549, 353.72330754064023, 353.72330754064023, 341.07577891647816, 341.07577891647816, 337.1065226253122, 337.1065226253122, 322.4783094152808, 322.4783094152808, 316.53839849866927, 316.53839849866927, 316.11122512444854, 316.11122512444854, 315.2092998344451, 315.2092998344451, 314.84209683537483, 314.84209683537483, 314.0819369610399, 314.0819369610399, 313.9116297531873, 313.9116297531873, 313.7210772931576, 313.7210772931576, 313.60942275077105, 313.60942275077105, 313.2054567076266, 313.2054567076266, 313.1691374592483, 313.1691374592483, 312.89356108382344, 312.89356108382344, 312.88022283278406, 312.88022283278406, 312.7287603318691, 312.7287603318691, 312.6820879559964, 312.6820879559964, 312.5823694970459, 312.5823694970459, 312.5499324128032, 312.5499324128032, 312.45499291457236, 312.45499291457236, 312.3957292046398, 312.3957292046398, 312.3198497891426, 312.3198497891426, 312.251607125625, 312.251607125625, 312.13893154263496, 312.13893154263496, 312.0455681271851, 312.0455681271851, 311.96578391827643, 311.96578391827643, 311.88786712661386, 311.88786712661386, 311.8202662076801, 311.8202662076801, 311.70126754045486, 311.70126754045486, 311.56270674802363, 311.56270674802363, 311.4793689996004, 311.4793689996004, 311.40890958346426, 311.40890958346426, 311.35398041829467, 311.35398041829467, 311.16425595991313, 311.16425595991313, 311.09445504285395, 311.09445504285395, 310.895282542333, 310.895282542333, 310.83482454158366, 310.83482454158366], "b_time_left": [360, 355.7700524572283, 355.7700524572283, 349.7247715834528, 349.7247715834528, 348.57932612486184, 348.57932612486184, 346.52255104109645, 346.52255104109645, 344.36877245642245, 344.36877245642245, 340.5079529955983, 340.5079529955983, 336.16763786785305, 336.16763786785305, 332.80448853597045, 332.80448853597045, 329.4365299940109, 329.4365299940109, 327.5134192034602, 327.5134192034602, 326.29075512103736, 326.29075512103736, 325.777979452163, 325.777979452163, 325.3544142860919, 325.3544142860919, 325.22568649612367, 325.22568649612367, 325.06591612286866, 325.06591612286866, 324.68899578787386, 324.68899578787386, 324.0752744525671, 324.0752744525671, 324.0672043263912, 324.0672043263912, 324.05806291103363, 324.05806291103363, 324.0363420341164, 324.0363420341164, 324.0191763229668, 324.0191763229668, 323.9783068653196, 323.9783068653196, 323.92738532461226, 323.92738532461226, 323.8568989485502, 323.8568989485502, 323.67950849048793, 323.67950849048793, 323.61664723977447, 323.61664723977447, 323.5637386161834, 323.5637386161834, 323.53001140616834, 323.53001140616834, 323.47531690634787, 323.47531690634787, 323.3831762820482, 323.3831762820482, 323.3021037001163, 323.3021037001163, 323.14582378417253, 323.14582378417253, 323.08962015993893, 323.08962015993893, 322.9996318258345, 322.9996318258345, 322.98259303346276, 322.98259303346276, 322.86418740823865, 322.86418740823865, 322.79867057316005, 322.79867057316005, 322.7198663260788, 322.7198663260788, 322.67618570290506, 322.67618570290506, 322.571061829105], "a_moves_left": [39, 39, 38, 38, 37, 37, 36, 36, 35, 35, 34, 34, 33, 33, 32, 32, 31, 31, 30, 30, 29, 29, 28, 28, 27, 27, 26, 26, 25, 25, 24, 24, 23, 23, 22, 22, 21, 21, 20, 20, 19, 19, 18, 18, 17, 17, 16, 16, 15, 15, 14, 14, 13, 13, 12, 12, 11, 11, 10, 10, 9, 9, 8, 8, 7, 7, 6, 6, 5, 5, 4, 4, 3, 3, 2, 2, 1, 1, 0, 0], "b_moves_left": [40, 39, 39, 38, 38, 37, 37, 36, 36, 35, 35, 34, 34, 33, 33, 32, 32, 31, 31, 30, 30, 29, 29, 28, 28, 27, 27, 26, 26, 25, 25, 24, 24, 23, 23, 22, 22, 21, 21, 20, 20, 19, 19, 18, 18, 17, 17, 16, 16, 15, 15, 14, 14, 13, 13, 12, 12, 11, 11, 10, 10, 9, 9, 8, 8, 7, 7, 6, 6, 5, 5, 4, 4, 3, 3, 2, 2, 1, 1, 0], "trapdoor_triggered": [0, 0, 0, 0, 0, 0, 0, 0, 0, 0, 0, 0, 1, 0, 0, 0, 0, 0, 0, 0, 0, 0, 0, 0, 0, 0, 0, 0, 0, 0, 0, 0, 0, 0, 0, 0, 0, 0, 0, 0, 0, 0, 0, 0, 0, 0, 0, 0, 0, 0, 0, 0, 0, 0, 0, 0, 0, 0, 0, 0, 0, 0, 0, 0, 0, 0, 0, 0, 0, 0, 0, 0, 0, 0, 0, 0, 0, 0, 0, 0], "left_behind": ["egg", "egg", "plain", "turd", "egg", "egg", "plain", "turd", "egg", "egg", "turd", "turd", "egg", "egg", "plain", "turd", "plain", "egg", "egg", "turd", "plain", "plain", "egg", "plain", "plain", "egg", "egg", "plain", "plain", "egg", "egg", "plain", "plain", "egg", "egg", "plain", "plain", "egg", "egg", "plain", "plain", "egg", "plain", "plain", "plain", "plain", "plain", "plain", "plain", "plain", "egg", "plain", "plain", "plain", "plain", "plain", "plain", "plain", "plain", "plain", "plain", "plain", "plain", "plain", "plain", "egg", "egg", "plain", "plain", "egg", "plain", "plain", "plain", "plain", "plain", "plain", "plain", "egg", "plain", "plain"], "errlog_a": "", "errlog_b": "", "start_time": 360, "start_moves": 40, "turn_count": 80, "result": 1, "reason": "EGGS_LAID", "trapdoors": [[5, 3], [3, 2]], "spawn_a": [6, 0], "spawn_b": [6, 7]}