{"pos": [[6, 1], [0, 2], [5, 1], [0, 3], [5, 2], [0, 4], [4, 2], [0, 5], [4, 3], [0, 6], [3, 3], [0, 7], [7, 2], [1, 7], [7, 3], [2, 7], [7, 4], [3, 7], [7, 5], [4, 7], [6, 5], [4, 6], [6, 6], [4, 5], [6, 7], [5, 5], [5, 7], [5, 4], [6, 7], [6, 4], [7, 7], [6, 3], [7, 6], [6, 4], [7, 5], [6, 5], [7, 4], [5, 5], [6, 4], [5, 4], [7, 4], [5, 5], [7, 3], [5, 6], [7, 2], [4, 6], [6, 2], [3, 6], [5, 2], [2, 6], [5, 3], [1, 6], [4, 3], [1, 5], [4, 4], [1, 4], [3, 4], [1, 3], [2, 4], [1, 2], [2, 3], [1, 1], [1, 3], [2, 1], [2, 3], [3, 1], [2, 4], [3, 2], [2, 5], [0, 0], [1, 5], [1, 0], [2, 5], [2, 0], [2, 4], [3, 0], [2, 3], [4, 0], [2, 2], [5, 0]], "a_eggs_laid": [1, 1, 1, 1, 2, 2, 2, 2, 3, 3, 3, 3, 3, 3, 3, 3, 4, 4, 4, 4, 5, 5, 5, 5, 6, 6, 6, 6, 7, 7, 7, 7, 10, 10, 10, 10, 10, 10, 10, 10, 11, 11, 11, 11, 11, 11, 11, 11, 12, 12, 12, 12, 13, 13, 13, 13, 14, 14, 14, 14, 15, 15, 15, 15, 16, 16, 16, 16, 20, 20, 20, 20, 21, 21, 21, 21, 21, 21, 21, 21], "b_eggs_laid": [0, 1, 1, 1, 1, 2, 2, 2, 2, 3, 3, 7, 7, 10, 10, 10, 10, 11, 11, 11, 11, 12, 12, 12, 12, 13, 13, 13, 13, 14, 14, 14, 14, 15, 15, 15, 15, 16, 16, 16, 16, 16, 16, 16, 16, 17, 17, 17, 17, 18, 18, 18, 18, 19, 19, 19, 19, 20, 20, 20, 20, 21, 21, 21, 21, 22, 22, 22, 22, 22, 22, 22, 22, 23, 23, 23, 23, 24, 24, 24], "a_turds_left": [5, 5, 5, 5, 5, 5, 4, 4, 4, 4, 3, 3, 3, 3, 3, 3, 3, 3, 3, 3, 3, 3, 3, 3, 3, 3, 3, 3, 3, 3, 3, 3, 3, 3, 3, 3, 3, 3, 3, 3, 3, 3, 3, 3, 3, 3, 3, 3, 3, 3, 3, 3, 3, 3, 3, 3, 3, 3, 2, 2, 2, 2, 1, 1, 1, 1, 1, 1, 1, 1, 0, 0, 0, 0, 0, 0, 0, 0, 0, 0], "b_turds_left": [5, 5, 5, 5, 5, 5, 5, 5, 5, 5, 5, 5, 5, 5, 5, 5, 5, 5, 5, 5, 5, 5, 5, 5, 5, 5, 5, 4, 4, 4, 4, 4, 4, 4, 4, 4, 4, 4, 4, 4, 4, 4, 4, 4, 4, 4, 4, 4, 4, 4, 4, 4, 4, 4, 4, 4, 4, 4, 4, 4, 4, 4, 4, 4, 4, 4, 4, 4, 4, 4, 4, 4, 4, 4, 4, 4, 4, 4, 4, 4], "a_time_left": [356.8116255439818, 356.8116255439818, 336.72260375134647, 336.72260375134647, 330.5466575026512, 330.5466575026512, 300.7894768361002, 300.7894768361002, 288.30685817077756, 288.30685817077756, 259.60014025494456, 259.60014025494456, 256.694054255262, 256.694054255262, 254.01710562966764, 254.01710562966764, 251.92071417160332, 251.92071417160332, 246.78361150436103, 246.78361150436103, 244.40344742126763, 244.40344742126763, 238.8918825853616, 238.8918825853616, 238.3350422102958, 238.3350422102958, 237.83380158431828, 237.83380158431828, 237.71751850098372, 237.71751850098372, 237.67106820829213, 237.67106820829213, 237.5774823334068, 237.5774823334068, 237.51399137452245, 237.51399137452245, 237.36693470738828, 237.36693470738828, 237.17115974798799, 237.17115974798799, 237.0346123315394, 237.0346123315394, 236.80240758135915, 236.80240758135915, 236.57248025014997, 236.57248025014997, 236.03048800118268, 236.03048800118268, 235.62043254449964, 235.62043254449964, 235.14838121272624, 235.14838121272624, 234.8322941288352, 234.8322941288352, 234.6043817140162, 234.6043817140162, 234.3075634650886, 234.3075634650886, 233.54372675530612, 233.54372675530612, 233.4425700046122, 233.4425700046122, 233.2668592967093, 233.2668592967093, 233.22450179606676, 233.22450179606676, 233.15086558833718, 233.15086558833718, 233.08623604662716, 233.08623604662716, 232.93515783920884, 232.93515783920884, 232.91890508681536, 232.91890508681536, 232.86114800535142, 232.86114800535142, 232.8460460882634, 232.8460460882634, 232.80875729583204, 232.80875729583204], "b_time_left": [360, 357.0159859173, 357.0159859173, 326.4064442496747, 326.4064442496747, 320.91391908191144, 320.91391908191144, 299.4079105425626, 299.4079105425626, 296.49874283373356, 296.49874283373356, 292.04306612722576, 292.04306612722576, 291.4027279596776, 291.4027279596776, 287.0303977113217, 287.0303977113217, 285.6728407945484, 285.6728407945484, 280.8231921289116, 280.8231921289116, 279.8432180862874, 279.8432180862874, 268.72064391709864, 268.72064391709864, 264.90943866595626, 264.90943866595626, 261.2498091645539, 261.2498091645539, 260.9827104564756, 260.9827104564756, 260.43975183181465, 260.43975183181465, 260.1723297070712, 260.1723297070712, 259.4546485003084, 259.4546485003084, 259.1987225841731, 259.1987225841731, 258.199352292344, 258.199352292344, 257.9165381677449, 257.9165381677449, 256.9205826688558, 256.9205826688558, 256.42482204176486, 256.42482204176486, 254.48578758351505, 254.48578758351505, 253.60918099991977, 253.60918099991977, 252.32169558294117, 252.32169558294117, 251.33398829214275, 251.33398829214275, 249.8954767510295, 249.8954767510295, 248.85319412499666, 248.85319412499666, 247.58674320951104, 247.58674320951104, 247.1717435847968, 247.1717435847968, 246.80548175238073, 246.80548175238073, 246.60882362909615, 246.60882362909615, 246.12795962952077, 246.12795962952077, 245.93788967095315, 245.93788967095315, 245.79411487840116, 245.79411487840116, 245.60193896107376, 245.60193896107376, 245.38964037783444, 245.38964037783444, 245.31752983666956, 245.31752983666956, 245.17288808710873], "a_moves_left": [39, 39, 38, 38, 37, 37, 36, 36, 35, 35, 34, 34, 33, 33, 32, 32, 31, 31, 30, 30, 29, 29, 28, 28, 27, 27, 26, 26, 25, 25, 24, 24, 23, 23, 22, 22, 21, 21, 20, 20, 19, 19, 18, 18, 17, 17, 16, 16, 15, 15, 14, 14, 13, 13, 12, 12, 11, 11, 10, 10, 9, 9, 8, 8, 7, 7, 6, 6, 5, 5, 4, 4, 3, 3, 2, 2, 1, 1, 0, 0], "b_moves_left": [40, 39, 39, 38, 38, 37, 37, 36, 36, 35, 35, 34, 34, 33, 33, 32, 32, 31, 31, 30, 30, 29, 29, 28, 28, 27, 27, 26, 26, 25, 25, 24, 24, 23, 23, 22, 22, 21, 21, 20, 20, 19, 19, 18, 18, 17, 17, 16, 16, 15, 15, 14, 14, 13, 13, 12, 12, 11, 11, 10, 10, 9, 9, 8, 8, 7, 7, 6, 6, 5, 5, 4, 4, 3, 3, 2, 2, 1, 1, 0], "trapdoor_triggered": [0, 0, 0, 0, 0, 0, 0, 0, 0, 0, 1, 0, 0, 0, 0, 0, 0, 0, 0, 0, 0, 0, 0, 0, 0, 0, 0, 0, 0, 0, 0, 0, 0, 0, 0, 0, 0, 0, 0, 0, 0, 0, 0, 0, 0, 0, 0, 0, 0, 0, 0, 0, 0, 0, 0, 0, 0, 0, 0, 0, 0, 0, 0, 0, 0, 0, 0, 1, 0, 0, 0, 0, 0, 0, 0, 0, 0, 0, 0, 0], "left_behind": ["egg", "egg", "plain", "plain", "egg", "egg", "turd", "plain", "egg", "egg", "turd", "plain", "plain", "egg", "plain", "plain", "egg", "egg", "plain", "plain", "egg", "egg", "plain", "plain", "egg", "egg", "plain", "turd", "egg", "egg", "plain", "plain", "egg", "egg", "plain", "plain", "plain", "egg", "plain", "plain", "egg", "plain", "plain", "plain", "plain", "egg", "plain", "plain", "egg", "egg", "plain", "plain", "egg", "egg", "plain", "plain", "egg", "egg", "turd", "plain", "egg", "egg", "turd", "plain", "egg", "egg", "plain", "plain", "plain", "plain", "turd", "plain", "egg", "egg", "plain", "plain", "plain", "egg", "plain", "plain"], "errlog_a": "", "errlog_b": "", "start_time": 360, "start_moves": 40, "turn_count": 80, "result": 1, "reason": "EGGS_LAID", "trapdoors": [[3, 3], [3, 2]], "spawn_a": [7, 1], "spawn_b": [0, 1]}