{"pos": [[4, 1], [4, 6], [4, 2], [4, 5], [4, 3], [4, 4]], "a_eggs_laid": [0, 0, 0, 0, 0, 0], "b_eggs_laid": [0, 0, 0, 0, 0, 0], "a_turds_left": [5, 5, 5, 5, 5, 5], "b_turds_left": [5, 5, 5, 5, 5, 5], "a_time_left": [359.85414062440395, 359.85414062440395, 359.65133895911276, 359.65133895911276, 359.4908131659031, 359.4908131659031], "b_time_left": [360, 359.8668954167515, 359.8668954167515, 359.6706423778087, 359.6706423778087, 359.52592404559255], "a_moves_left": [39, 39, 38, 38, 37, 37], "b_moves_left": [40, 39, 39, 38, 38, 37], "trapdoor_triggered": [0, 0, 0, 0, 0, 0], "left_behind": ["plain", "plain", "plain", "plain", "plain", "plain"], "errlog_a": "Timeout", "errlog_b": "", "start_time": 360, "start_moves": 40, "turn_count": 6, "result": 1, "reason": "CODE_CRASH", "trapdoors": [[2, 2], [3, 4]], "spawn_a": [4, 0], "spawn_b": [4, 7]}