{"pos": [[7, 0], [7, 7], [6, 0], [6, 7], [7, 0], [7, 7], [6, 0], [6, 7], [7, 0], [7, 7], [6, 0], [6, 7], [7, 0], [7, 7], [6, 0], [6, 7], [7, 0], [7, 7], [6, 0], [6, 7], [7, 0], [7, 7], [6, 0], [6, 7], [7, 0], [7, 7], [6, 0], [6, 7], [7, 0], [7, 7], [6, 0], [7, 6], [7, 0], [7, 5], [6, 0], [7, 4], [6, 1], [6, 4], [6, 0], [6, 3], [5, 0], [5, 3], [6, 0], [4, 3], [6, 1], [3, 3], [6, 0], [3, 4], [5, 0], [3, 5], [6, 0], [2, 5], [6, 1], [2, 4], [6, 0], [2, 3], [5, 0], [1, 3], [6, 0], [1, 2], [6, 1], [2, 2], [6, 0], [2, 3], [5, 0], [2, 4], [6, 0], [2, 5], [6, 1], [3, 5], [6, 0], [3, 4], [5, 0], [3, 3], [6, 0], [2, 3], [6, 1], [2, 2], [6, 0], [1, 2]], "a_eggs_laid": [0, 0, 0, 0, 0, 0, 0, 0, 0, 0, 0, 0, 0, 0, 0, 0, 0, 0, 0, 0, 0, 0, 0, 0, 0, 0, 0, 0, 0, 0, 0, 0, 0, 0, 0, 0, 1, 1, 1, 1, 1, 1, 1, 1, 1, 1, 1, 1, 1, 1, 1, 1, 1, 1, 1, 1, 1, 1, 1, 1, 1, 1, 1, 1, 1, 1, 1, 1, 1, 1, 1, 1, 1, 1, 1, 1, 1, 1, 1, 1], "b_eggs_laid": [0, 0, 0, 0, 0, 0, 0, 0, 0, 0, 0, 0, 0, 0, 0, 0, 0, 0, 0, 0, 0, 0, 0, 0, 0, 0, 0, 0, 0, 0, 0, 0, 0, 0, 0, 0, 0, 1, 1, 1, 1, 2, 2, 2, 2, 3, 3, 3, 3, 4, 4, 4, 4, 5, 5, 5, 5, 6, 6, 6, 6, 7, 7, 7, 7, 7, 7, 7, 7, 7, 7, 7, 7, 7, 7, 7, 7, 7, 7, 7], "a_turds_left": [5, 5, 5, 5, 5, 5, 5, 5, 5, 5, 5, 5, 5, 5, 5, 5, 5, 5, 5, 5, 5, 5, 5, 5, 5, 5, 5, 5, 5, 5, 5, 5, 5, 5, 5, 5, 5, 5, 4, 4, 4, 4, 3, 3, 3, 3, 3, 3, 3, 3, 3, 3, 3, 3, 3, 3, 3, 3, 3, 3, 3, 3, 3, 3, 3, 3, 3, 3, 3, 3, 3, 3, 3, 3, 3, 3, 3, 3, 3, 3], "b_turds_left": [5, 5, 5, 5, 5, 5, 5, 5, 5, 5, 5, 5, 5, 5, 5, 5, 5, 5, 5, 5, 5, 5, 5, 5, 5, 5, 5, 5, 5, 5, 5, 5, 5, 5, 5, 4, 4, 4, 4, 3, 3, 3, 3, 2, 2, 2, 2, 1, 1, 1, 1, 0, 0, 0, 0, 0, 0, 0, 0, 0, 0, 0, 0, 0, 0, 0, 0, 0, 0, 0, 0, 0, 0, 0, 0, 0, 0, 0, 0, 0], "a_time_left": [306.19757183268666, 306.19757183268666, 253.30534708313644, 253.30534708313644, 199.546636832878, 199.546636832878, 196.9584140405059, 196.9584140405059, 194.24880908243358, 194.24880908243358, 191.69687795639038, 191.69687795639038, 188.9855402894318, 188.9855402894318, 186.4435650371015, 186.4435650371015, 183.72859308123589, 183.72859308123589, 181.18341828882694, 181.18341828882694, 178.4632245376706, 178.4632245376706, 175.95617336966097, 175.95617336966097, 173.2393692433834, 173.2393692433834, 170.77823145128787, 170.77823145128787, 168.2081729080528, 168.2081729080528, 166.05322170071304, 166.05322170071304, 164.17427445203066, 164.17427445203066, 161.91235240921378, 161.91235240921378, 161.63883453421295, 161.63883453421295, 160.39378057792783, 160.39378057792783, 160.25592411868274, 160.25592411868274, 159.3797503709793, 159.3797503709793, 159.30818957835436, 159.30818957835436, 159.07579732872546, 159.07579732872546, 159.00312457978725, 159.00312457978725, 158.80003816448152, 158.80003816448152, 158.74156945571303, 158.74156945571303, 158.51808258146048, 158.51808258146048, 158.46001149713993, 158.46001149713993, 158.3046794142574, 158.3046794142574, 158.2663580402732, 158.2663580402732, 158.08804478868842, 158.08804478868842, 158.04258987121284, 158.04258987121284, 157.86316778883338, 157.86316778883338, 157.81591153889894, 157.81591153889894, 157.6563407033682, 157.6563407033682, 157.60435199551284, 157.60435199551284, 157.46622253768146, 157.46622253768146, 157.42659262008965, 157.42659262008965, 157.24810403585434, 157.24810403585434], "b_time_left": [360, 315.27860983274877, 315.27860983274877, 261.5273275412619, 261.5273275412619, 216.38133825175464, 216.38133825175464, 161.9091131258756, 161.9091131258756, 159.5697269178927, 159.5697269178927, 156.88074375130236, 156.88074375130236, 154.54017508402467, 154.54017508402467, 151.85297054238617, 151.85297054238617, 149.51768325082958, 149.51768325082958, 146.83974254317582, 146.83974254317582, 144.49635871127248, 144.49635871127248, 141.85824750363827, 141.85824750363827, 139.5885045044124, 139.5885045044124, 136.98160283826292, 136.98160283826292, 135.01347600482404, 135.01347600482404, 132.97482208907604, 132.97482208907604, 131.33175712823868, 131.33175712823868, 130.51688691973686, 130.51688691973686, 130.14748700149357, 130.14748700149357, 129.46166858449578, 129.46166858449578, 129.20823374949396, 129.20823374949396, 128.66766366548836, 128.66766366548836, 128.43435408361256, 128.43435408361256, 128.0401646234095, 128.0401646234095, 127.92614853940904, 127.92614853940904, 127.69476037472486, 127.69476037472486, 127.64988137409091, 127.64988137409091, 127.58159712702036, 127.58159712702036, 127.52684887684882, 127.52684887684882, 127.45384754426777, 127.45384754426777, 127.4067459590733, 127.4067459590733, 127.35696254298091, 127.35696254298091, 127.33329795859754, 127.33329795859754, 127.2976137958467, 127.2976137958467, 127.28107213042676, 127.28107213042676, 127.2319451700896, 127.2319451700896, 127.20306304469705, 127.20306304469705, 127.1627113353461, 127.1627113353461, 127.13889841735363, 127.13889841735363, 127.08836075104773], "a_moves_left": [39, 39, 38, 38, 37, 37, 36, 36, 35, 35, 34, 34, 33, 33, 32, 32, 31, 31, 30, 30, 29, 29, 28, 28, 27, 27, 26, 26, 25, 25, 24, 24, 23, 23, 22, 22, 21, 21, 20, 20, 19, 19, 18, 18, 17, 17, 16, 16, 15, 15, 14, 14, 13, 13, 12, 12, 11, 11, 10, 10, 9, 9, 8, 8, 7, 7, 6, 6, 5, 5, 4, 4, 3, 3, 2, 2, 1, 1, 0, 0], "b_moves_left": [40, 39, 39, 38, 38, 37, 37, 36, 36, 35, 35, 34, 34, 33, 33, 32, 32, 31, 31, 30, 30, 29, 29, 28, 28, 27, 27, 26, 26, 25, 25, 24, 24, 23, 23, 22, 22, 21, 21, 20, 20, 19, 19, 18, 18, 17, 17, 16, 16, 15, 15, 14, 14, 13, 13, 12, 12, 11, 11, 10, 10, 9, 9, 8, 8, 7, 7, 6, 6, 5, 5, 4, 4, 3, 3, 2, 2, 1, 1, 0], "trapdoor_triggered": [0, 0, 0, 0, 0, 0, 0, 0, 0, 0, 0, 0, 0, 0, 0, 0, 0, 0, 0, 0, 0, 0, 0, 0, 0, 0, 0, 0, 0, 0, 0, 0, 0, 0, 0, 0, 0, 0, 0, 0, 0, 0, 0, 0, 0, 0, 0, 0, 0, 0, 0, 0, 0, 0, 0, 0, 0, 0, 0, 0, 0, 0, 0, 0, 0, 0, 0, 0, 0, 0, 0, 0, 0, 0, 0, 0, 0, 0, 0, 0], "left_behind": ["plain", "plain", "plain", "plain", "plain", "plain", "plain", "plain", "plain", "plain", "plain", "plain", "plain", "plain", "plain", "plain", "plain", "plain", "plain", "plain", "plain", "plain", "plain", "plain", "plain", "plain", "plain", "plain", "plain", "plain", "plain", "plain", "plain", "plain", "plain", "turd", "egg", "egg", "turd", "turd", "plain", "egg", "turd", "turd", "plain", "egg", "plain", "turd", "plain", "egg", "plain", "turd", "plain", "egg", "plain", "plain", "plain", "egg", "plain", "plain", "plain", "egg", "plain", "plain", "plain", "plain", "plain", "plain", "plain", "plain", "plain", "plain", "plain", "plain", "plain", "plain", "plain", "plain", "plain", "plain"], "errlog_a": "", "errlog_b": "", "start_time": 360, "start_moves": 40, "turn_count": 80, "result": 1, "reason": "EGGS_LAID", "trapdoors": [[5, 5], [4, 5]], "spawn_a": [6, 0], "spawn_b": [6, 7]}