{"pos": [[3, 0], [4, 6], [2, 0], [4, 5], [1, 0], [4, 4], [0, 0], [4, 3], [0, 1], [4, 2], [0, 2], [3, 2], [0, 3], [3, 7], [0, 4], [2, 7], [0, 5], [1, 7], [1, 5], [0, 7], [1, 6], [0, 6], [1, 7], [1, 6]], "a_eggs_laid": [1, 1, 1, 1, 2, 2, 2, 2, 5, 5, 5, 5, 10, 10, 10, 10, 11, 11, 11, 11, 12, 12, 12, 12], "b_eggs_laid": [0, 1, 1, 1, 1, 1, 1, 1, 1, 1, 1, 1, 1, 1, 1, 1, 1, 2, 2, 2, 2, 5, 5, 7], "a_turds_left": [5, 5, 5, 5, 5, 5, 5, 5, 5, 5, 5, 5, 5, 5, 5, 5, 5, 5, 5, 5, 5, 5, 5, 5], "b_turds_left": [5, 5, 5, 4, 4, 3, 3, 2, 2, 1, 1, 0, 0, 0, 0, 0, 0, 0, 0, 0, 0, 0, 0, 0], "a_time_left": [358.64613608270884, 358.64613608270884, 351.2927116267383, 351.2927116267383, 350.296258084476, 350.296258084476, 349.1974361240864, 349.1974361240864, 348.2337906640023, 348.2337906640023, 347.150613328442, 347.150613328442, 346.160534536466, 346.160534536466, 345.20387078635395, 345.20387078635395, 344.619627578184, 344.619627578184, 343.86012712307274, 343.86012712307274, 343.4115781225264, 343.4115781225264, 343.17729028873146, 343.17729028873146], "b_time_left": [360, 354.3029816672206, 354.3029816672206, 326.4472334999591, 326.4472334999591, 313.228136414662, 313.228136414662, 301.9602901227772, 301.9602901227772, 296.3274895828217, 296.3274895828217, 293.8997771665454, 293.8997771665454, 293.78444016724825, 293.78444016724825, 293.6718353778124, 293.6718353778124, 293.59979596175253, 293.59979596175253, 293.550553670153, 293.550553670153, 293.54839462786913, 293.54839462786913, 293.4534059204161], "a_moves_left": [39, 39, 38, 38, 37, 37, 36, 36, 35, 35, 34, 34, 33, 33, 32, 32, 31, 31, 30, 30, 29, 29, 28, 28], "b_moves_left": [40, 39, 39, 38, 38, 37, 37, 36, 36, 35, 35, 34, 34, 33, 33, 32, 32, 31, 31, 30, 30, 29, 29, 28], "trapdoor_triggered": [0, 0, 0, 0, 0, 0, 0, 0, 0, 0, 0, 1, 0, 0, 0, 0, 0, 0, 0, 0, 0, 0, 0, 0], "left_behind": ["egg", "egg", "plain", "turd", "egg", "turd", "plain", "turd", "egg", "turd", "plain", "turd", "egg", "plain", "plain", "plain", "egg", "egg", "plain", "plain", "egg", "egg", "plain", "plain"], "errlog_a": "", "errlog_b": "", "start_time": 360, "start_moves": 40, "turn_count": 24, "result": 0, "reason": "BLOCKING_END", "trapdoors": [[3, 3], [3, 2]], "spawn_a": [4, 0], "spawn_b": [4, 7]}