{"pos": [[4, 1], [4, 6], [4, 2], [4, 5], [4, 3], [4, 4], [3, 3], [5, 4], [4, 1], [4, 4], [4, 2], [4, 5], [5, 2], [4, 4], [4, 2], [4, 5], [5, 2], [4, 4], [4, 2], [4, 5], [5, 2], [4, 4], [4, 2], [4, 5], [5, 2], [4, 4], [4, 2], [5, 4], [5, 2], [4, 4], [5, 3], [4, 5], [6, 3], [3, 5], [5, 3], [2, 5], [5, 2], [3, 5], [5, 3], [3, 6], [6, 3], [3, 5], [5, 3], [2, 5], [5, 2], [2, 4], [5, 3], [1, 4], [6, 3], [1, 5], [5, 3], [2, 5], [5, 2], [3, 5], [5, 3], [3, 6], [6, 3], [4, 6], [5, 3], [5, 6], [5, 2], [5, 5], [5, 3], [6, 5], [6, 3], [7, 5], [5, 3], [7, 4], [5, 2], [7, 5], [5, 3], [6, 5], [6, 3], [6, 6], [6, 4], [5, 6], [6, 3], [4, 6], [5, 3], [3, 6]], "a_eggs_laid": [1, 1, 1, 1, 2, 2, 2, 2, 2, 2, 2, 2, 2, 2, 2, 2, 2, 2, 2, 2, 2, 2, 2, 2, 2, 2, 2, 2, 2, 2, 2, 2, 3, 3, 3, 3, 3, 3, 3, 3, 3, 3, 3, 3, 3, 3, 3, 3, 3, 3, 3, 3, 3, 3, 3, 3, 3, 3, 3, 3, 3, 3, 3, 3, 3, 3, 3, 3, 3, 3, 3, 3, 3, 3, 3, 3, 4, 4, 4, 4], "b_eggs_laid": [0, 1, 1, 1, 1, 2, 2, 6, 6, 7, 7, 7, 7, 7, 7, 7, 7, 7, 7, 7, 7, 7, 7, 7, 7, 7, 7, 7, 7, 7, 7, 7, 7, 7, 7, 7, 7, 8, 8, 8, 8, 9, 9, 9, 9, 9, 9, 9, 9, 10, 10, 10, 10, 10, 10, 10, 10, 10, 10, 10, 10, 11, 11, 11, 11, 12, 12, 12, 12, 13, 13, 13, 13, 13, 13, 13, 13, 13, 13, 13], "a_turds_left": [5, 5, 5, 5, 5, 5, 5, 5, 5, 5, 5, 5, 5, 5, 5, 5, 5, 5, 5, 5, 5, 5, 5, 5, 5, 5, 5, 5, 5, 5, 5, 5, 5, 5, 4, 4, 4, 4, 3, 3, 3, 3, 3, 3, 3, 3, 3, 3, 3, 3, 3, 3, 3, 3, 3, 3, 3, 3, 3, 3, 3, 3, 3, 3, 3, 3, 3, 3, 3, 3, 3, 3, 3, 3, 3, 3, 3, 3, 3, 3], "b_turds_left": [5, 5, 5, 5, 5, 5, 5, 5, 5, 5, 5, 4, 4, 4, 4, 4, 4, 4, 4, 4, 4, 4, 4, 4, 4, 4, 4, 4, 4, 4, 4, 4, 4, 4, 4, 3, 3, 3, 3, 3, 3, 3, 3, 3, 3, 3, 3, 2, 2, 2, 2, 1, 1, 1, 1, 1, 1, 1, 1, 0, 0, 0, 0, 0, 0, 0, 0, 0, 0, 0, 0, 0, 0, 0, 0, 0, 0, 0, 0, 0], "a_time_left": [348.31275895796716, 348.31275895796716, 328.2770128753036, 328.2770128753036, 324.9629126675427, 324.9629126675427, 316.7679593786597, 316.7679593786597, 314.9011062942445, 314.9011062942445, 305.1940874196589, 305.1940874196589, 304.49008891917765, 304.49008891917765, 294.8762020878494, 294.8762020878494, 291.99359179474413, 291.99359179474413, 282.59076496213675, 282.59076496213675, 279.7649520467967, 279.7649520467967, 270.553218672052, 270.553218672052, 267.56788158789277, 267.56788158789277, 258.3121960479766, 258.3121960479766, 255.70396983996034, 255.70396983996034, 238.03415571339428, 238.03415571339428, 237.64106221310794, 237.64106221310794, 231.2370431292802, 231.2370431292802, 230.93845241889358, 230.93845241889358, 226.04824991896749, 226.04824991896749, 225.84217929281294, 225.84217929281294, 222.9945022109896, 222.9945022109896, 222.80073679424822, 222.80073679424822, 218.08307004533708, 218.08307004533708, 217.9239996690303, 217.9239996690303, 214.69797179289162, 214.69797179289162, 214.5028745420277, 214.5028745420277, 212.1261535845697, 212.1261535845697, 211.9103281274438, 211.9103281274438, 208.85512175224721, 208.85512175224721, 208.63097579218447, 208.63097579218447, 207.05899658426642, 207.05899658426642, 206.9023116249591, 206.9023116249591, 205.04578591696918, 205.04578591696918, 204.83279104344547, 204.83279104344547, 203.63181383535266, 203.63181383535266, 203.47799421101809, 203.47799421101809, 202.0653677508235, 202.0653677508235, 201.79389058426023, 201.79389058426023, 200.7146882917732, 200.7146882917732], "b_time_left": [360, 351.11105333454907, 351.11105333454907, 339.2302538342774, 339.2302538342774, 337.0549611262977, 337.0549611262977, 326.65146245993674, 326.65146245993674, 321.9759210832417, 321.9759210832417, 316.00054933317006, 316.00054933317006, 313.97656045667827, 313.97656045667827, 307.4676029998809, 307.4676029998809, 305.43423808179796, 305.43423808179796, 299.2766791228205, 299.2766791228205, 297.2542712073773, 297.2542712073773, 290.7649414166808, 290.7649414166808, 288.7399642057717, 288.7399642057717, 284.51424687355757, 284.51424687355757, 283.1029331218451, 283.1029331218451, 277.35288249514997, 277.35288249514997, 275.5412251595408, 275.5412251595408, 270.191345743835, 270.191345743835, 268.4315483700484, 268.4315483700484, 266.3634707033634, 266.3634707033634, 264.6694807037711, 264.6694807037711, 263.3428184110671, 263.3428184110671, 262.5864921621978, 262.5864921621978, 258.46352062374353, 258.46352062374353, 256.8614675421268, 256.8614675421268, 255.53949383459985, 255.53949383459985, 255.08417662605643, 255.08417662605643, 254.38894933462143, 254.38894933462143, 254.2079904600978, 254.2079904600978, 253.80542325228453, 253.80542325228453, 253.61626112647355, 253.61626112647355, 253.54764975234866, 253.54764975234866, 253.4772780444473, 253.4772780444473, 253.42453883588314, 253.42453883588314, 253.40572883561254, 253.40572883561254, 253.33723220974207, 253.33723220974207, 253.3011347912252, 253.3011347912252, 253.163913667202, 253.163913667202, 253.097764628008, 253.097764628008, 253.03865054436028], "a_moves_left": [39, 39, 38, 38, 37, 37, 36, 36, 35, 35, 34, 34, 33, 33, 32, 32, 31, 31, 30, 30, 29, 29, 28, 28, 27, 27, 26, 26, 25, 25, 24, 24, 23, 23, 22, 22, 21, 21, 20, 20, 19, 19, 18, 18, 17, 17, 16, 16, 15, 15, 14, 14, 13, 13, 12, 12, 11, 11, 10, 10, 9, 9, 8, 8, 7, 7, 6, 6, 5, 5, 4, 4, 3, 3, 2, 2, 1, 1, 0, 0], "b_moves_left": [40, 39, 39, 38, 38, 37, 37, 36, 36, 35, 35, 34, 34, 33, 33, 32, 32, 31, 31, 30, 30, 29, 29, 28, 28, 27, 27, 26, 26, 25, 25, 24, 24, 23, 23, 22, 22, 21, 21, 20, 20, 19, 19, 18, 18, 17, 17, 16, 16, 15, 15, 14, 14, 13, 13, 12, 12, 11, 11, 10, 10, 9, 9, 8, 8, 7, 7, 6, 6, 5, 5, 4, 4, 3, 3, 2, 2, 1, 1, 0], "trapdoor_triggered": [0, 0, 0, 0, 0, 0, 1, 0, 0, 0, 0, 0, 0, 0, 0, 0, 0, 0, 0, 0, 0, 0, 0, 0, 0, 0, 0, 0, 0, 0, 0, 0, 0, 0, 0, 0, 0, 0, 0, 0, 0, 0, 0, 0, 0, 0, 0, 0, 0, 0, 0, 0, 0, 0, 0, 0, 0, 0, 0, 0, 0, 0, 0, 0, 0, 0, 0, 0, 0, 0, 0, 0, 0, 0, 0, 0, 0, 0, 0, 0], "left_behind": ["egg", "egg", "plain", "plain", "egg", "egg", "plain", "plain", "plain", "egg", "plain", "turd", "plain", "plain", "plain", "plain", "plain", "plain", "plain", "plain", "plain", "plain", "plain", "plain", "plain", "plain", "plain", "plain", "plain", "plain", "plain", "plain", "egg", "plain", "turd", "turd", "plain", "egg", "turd", "plain", "plain", "egg", "plain", "plain", "plain", "plain", "plain", "turd", "plain", "egg", "plain", "turd", "plain", "plain", "plain", "plain", "plain", "plain", "plain", "turd", "plain", "egg", "plain", "plain", "plain", "egg", "plain", "plain", "plain", "egg", "plain", "plain", "plain", "plain", "plain", "plain", "egg", "plain", "plain", "plain"], "errlog_a": "", "errlog_b": "", "start_time": 360, "start_moves": 40, "turn_count": 80, "result": 1, "reason": "EGGS_LAID", "trapdoors": [[3, 3], [2, 3]], "spawn_a": [4, 0], "spawn_b": [4, 7]}