{"pos": [[3, 6], [3, 1], [3, 5], [3, 2], [3, 4], [3, 3], [4, 4], [3, 4], [4, 3], [4, 4], [3, 3], [3, 4], [4, 3], [3, 3], [4, 4], [3, 4], [4, 3], [4, 4], [3, 3], [3, 4], [4, 3]], "a_eggs_laid": [0, 0, 0, 0, 0, 0, 0, 0, 0, 0, 0, 0, 0, 0, 0, 0, 0, 0, 0, 0, 0], "b_eggs_laid": [0, 0, 0, 0, 0, 0, 0, 0, 0, 0, 0, 0, 0, 0, 0, 0, 0, 0, 0, 0, 0], "a_turds_left": [5, 5, 5, 5, 5, 5, 5, 5, 5, 5, 5, 5, 5, 5, 5, 5, 5, 5, 5, 5, 5], "b_turds_left": [5, 5, 5, 5, 5, 5, 5, 5, 5, 5, 5, 5, 5, 5, 5, 5, 5, 5, 5, 5, 5], "a_time_left": [359.8748112078756, 359.8748112078756, 359.66919791698456, 359.66919791698456, 359.5254481267184, 359.5254481267184, 359.46722762845457, 359.46722762845457, 359.319169504568, 359.319169504568, 359.22742241993546, 359.22742241993546, 359.04258700460196, 359.04258700460196, 358.9452260453254, 358.9452260453254, 358.7780447974801, 358.7780447974801, 358.68472050502896, 358.68472050502896, 358.4760945048183], "b_time_left": [360, 359.8681387100369, 359.8681387100369, 359.6737389601767, 359.6737389601767, 359.5332495421171, 359.5332495421171, 359.30654921010137, 359.30654921010137, 359.08315846323967, 359.08315846323967, 358.81062721274793, 358.81062721274793, 358.5437132958323, 358.5437132958323, 358.276044877246, 358.276044877246, 358.0390303339809, 358.0390303339809, 357.7775615826249, 357.7775615826249], "a_moves_left": [39, 39, 38, 38, 37, 37, 36, 36, 35, 35, 34, 34, 33, 33, 32, 32, 31, 31, 30, 30, 29], "b_moves_left": [40, 39, 39, 38, 38, 37, 37, 36, 36, 35, 35, 34, 34, 33, 33, 32, 32, 31, 31, 30, 30], "trapdoor_triggered": [0, 0, 0, 0, 0, 0, 0, 0, 0, 0, 0, 0, 0, 0, 0, 0, 0, 0, 0, 0, 0], "left_behind": ["plain", "plain", "plain", "plain", "plain", "plain", "plain", "plain", "plain", "plain", "plain", "plain", "plain", "plain", "plain", "plain", "plain", "plain", "plain", "plain", "plain"], "errlog_a": "", "errlog_b": "Timeout", "start_time": 360, "start_moves": 40, "turn_count": 21, "result": 0, "reason": "CODE_CRASH", "trapdoors": [[2, 2], [5, 4]], "spawn_a": [3, 7], "spawn_b": [3, 0]}