{"pos": [[4, 7], [4, 0], [3, 7], [3, 0], [3, 6], [3, 1], [3, 5], [3, 2], [3, 4], [3, 3], [4, 4], [2, 3], [3, 6], [3, 3], [3, 5], [2, 3], [2, 5], [3, 3], [3, 5], [2, 3], [2, 5], [3, 3], [3, 5], [2, 3], [2, 5], [3, 3], [3, 5], [2, 3], [2, 5], [3, 3], [2, 4], [2, 3], [2, 5], [2, 2], [2, 6], [3, 2], [3, 6], [3, 3], [3, 7], [2, 3], [4, 7], [2, 2], [5, 7], [3, 2], [5, 6], [4, 2], [6, 6], [5, 2], [6, 5], [5, 1], [7, 5], [4, 1], [7, 4], [4, 2], [7, 3], [3, 2], [6, 3], [2, 2], [6, 2], [2, 3], [7, 2], [2, 4], [7, 3], [2, 5], [6, 3], [1, 5], [6, 2], [1, 4], [7, 2], [2, 4], [7, 3], [2, 3], [6, 3], [1, 3], [6, 2], [1, 4], [7, 2], [2, 4], [7, 3], [2, 3]], "a_eggs_laid": [1, 1, 1, 1, 1, 1, 1, 1, 1, 1, 1, 1, 1, 1, 1, 1, 1, 1, 1, 1, 1, 1, 1, 1, 1, 1, 1, 1, 1, 1, 1, 1, 1, 1, 1, 1, 2, 2, 2, 2, 2, 2, 2, 2, 3, 3, 3, 3, 4, 4, 4, 4, 5, 5, 5, 5, 6, 6, 6, 6, 7, 7, 7, 7, 7, 7, 7, 7, 7, 7, 7, 7, 7, 7, 7, 7, 7, 7, 7, 7], "b_eggs_laid": [0, 1, 1, 1, 1, 1, 1, 1, 1, 1, 1, 5, 5, 5, 5, 5, 5, 5, 5, 5, 5, 5, 5, 5, 5, 5, 5, 5, 5, 5, 5, 5, 5, 5, 5, 5, 5, 6, 6, 6, 6, 7, 7, 7, 7, 7, 7, 7, 7, 8, 8, 8, 8, 9, 9, 9, 9, 9, 9, 9, 9, 9, 9, 9, 9, 10, 10, 10, 10, 11, 11, 11, 11, 11, 11, 11, 11, 11, 11, 11], "a_turds_left": [5, 5, 5, 5, 5, 5, 5, 5, 5, 5, 5, 5, 5, 5, 5, 5, 5, 5, 5, 5, 5, 5, 5, 5, 5, 5, 5, 5, 5, 5, 5, 5, 5, 5, 5, 5, 5, 5, 4, 4, 4, 4, 3, 3, 3, 3, 2, 2, 2, 2, 1, 1, 1, 1, 0, 0, 0, 0, 0, 0, 0, 0, 0, 0, 0, 0, 0, 0, 0, 0, 0, 0, 0, 0, 0, 0, 0, 0, 0, 0], "b_turds_left": [5, 5, 5, 5, 5, 5, 5, 5, 5, 5, 5, 5, 5, 5, 5, 5, 5, 5, 5, 5, 5, 5, 5, 5, 5, 5, 5, 5, 5, 5, 5, 5, 5, 5, 5, 4, 4, 4, 4, 3, 3, 3, 3, 3, 3, 3, 3, 2, 2, 2, 2, 1, 1, 1, 1, 1, 1, 1, 1, 1, 1, 1, 1, 0, 0, 0, 0, 0, 0, 0, 0, 0, 0, 0, 0, 0, 0, 0, 0, 0], "a_time_left": [359.6157331261784, 359.6157331261784, 359.2772978339344, 359.2772978339344, 349.4567254576832, 349.4567254576832, 266.5225652884692, 266.5225652884692, 208.8811125382781, 208.8811125382781, 181.50536232814193, 181.50536232814193, 180.34132853522897, 180.34132853522897, 177.3048499505967, 177.3048499505967, 173.3596854507923, 173.3596854507923, 168.5436395779252, 168.5436395779252, 164.02467974461615, 164.02467974461615, 159.16572545282543, 159.16572545282543, 154.57717361859977, 154.57717361859977, 149.780117245391, 149.780117245391, 145.38115574605763, 145.38115574605763, 141.30183045379817, 141.30183045379817, 140.07144353725016, 140.07144353725016, 137.15273662097752, 137.15273662097752, 136.7682325784117, 136.7682325784117, 135.95379303768277, 135.95379303768277, 135.8518832474947, 135.8518832474947, 135.29661266319454, 135.29661266319454, 135.08359653688967, 135.08359653688967, 134.2651045769453, 134.2651045769453, 134.04609945230186, 134.04609945230186, 133.66327170096338, 133.66327170096338, 133.5649047009647, 133.5649047009647, 133.45028757490218, 133.45028757490218, 133.4087000321597, 133.4087000321597, 133.27785474061966, 133.27785474061966, 133.25311394780874, 133.25311394780874, 133.21312123723328, 133.21312123723328, 133.2011373192072, 133.2011373192072, 133.1446129027754, 133.1446129027754, 133.13363140262663, 133.13363140262663, 133.10782365314662, 133.10782365314662, 133.08976694568992, 133.08976694568992, 132.9877954889089, 132.9877954889089, 132.97803115472198, 132.97803115472198, 132.95247777923942, 132.95247777923942], "b_time_left": [360, 359.6965833734721, 359.6965833734721, 359.40675066411495, 359.40675066411495, 341.7106539141387, 341.7106539141387, 292.3689051233232, 292.3689051233232, 252.00705466419458, 252.00705466419458, 214.0321654137224, 214.0321654137224, 155.3601127061993, 155.3601127061993, 150.51392299868166, 150.51392299868166, 146.93818758241832, 146.93818758241832, 142.13824012316763, 142.13824012316763, 138.5555238313973, 138.5555238313973, 133.77246258035302, 133.77246258035302, 130.1212137453258, 130.1212137453258, 125.54443641379476, 125.54443641379476, 122.50281337276101, 122.50281337276101, 119.34820949845016, 119.34820949845016, 118.41733216494322, 118.41733216494322, 117.4415920805186, 117.4415920805186, 117.23022332973778, 117.23022332973778, 116.73325916565955, 116.73325916565955, 116.6630369592458, 116.6630369592458, 116.57674212753773, 116.57674212753773, 116.50814837962389, 116.50814837962389, 116.0322142150253, 116.0322142150253, 115.94411638192832, 115.94411638192832, 115.6676651313901, 115.6676651313901, 115.62189917080104, 115.62189917080104, 115.53458283655345, 115.53458283655345, 115.4960822518915, 115.4960822518915, 115.40843741968274, 115.40843741968274, 115.38503567129374, 115.38503567129374, 115.23810950480402, 115.23810950480402, 115.20780863240361, 115.20780863240361, 115.14841763302684, 115.14841763302684, 115.12429492175579, 115.12429492175579, 115.09908188134432, 115.09908188134432, 115.07425721548498, 115.07425721548498, 115.03961554914713, 115.03961554914713, 115.0277243386954, 115.0277243386954, 115.00263550691307], "a_moves_left": [39, 39, 38, 38, 37, 37, 36, 36, 35, 35, 34, 34, 33, 33, 32, 32, 31, 31, 30, 30, 29, 29, 28, 28, 27, 27, 26, 26, 25, 25, 24, 24, 23, 23, 22, 22, 21, 21, 20, 20, 19, 19, 18, 18, 17, 17, 16, 16, 15, 15, 14, 14, 13, 13, 12, 12, 11, 11, 10, 10, 9, 9, 8, 8, 7, 7, 6, 6, 5, 5, 4, 4, 3, 3, 2, 2, 1, 1, 0, 0], "b_moves_left": [40, 39, 39, 38, 38, 37, 37, 36, 36, 35, 35, 34, 34, 33, 33, 32, 32, 31, 31, 30, 30, 29, 29, 28, 28, 27, 27, 26, 26, 25, 25, 24, 24, 23, 23, 22, 22, 21, 21, 20, 20, 19, 19, 18, 18, 17, 17, 16, 16, 15, 15, 14, 14, 13, 13, 12, 12, 11, 11, 10, 10, 9, 9, 8, 8, 7, 7, 6, 6, 5, 5, 4, 4, 3, 3, 2, 2, 1, 1, 0], "trapdoor_triggered": [0, 0, 0, 0, 0, 0, 0, 0, 0, 0, 1, 0, 0, 0, 0, 0, 0, 0, 0, 0, 0, 0, 0, 0, 0, 0, 0, 0, 0, 0, 0, 0, 0, 0, 0, 0, 0, 0, 0, 0, 0, 0, 0, 0, 0, 0, 0, 0, 0, 0, 0, 0, 0, 0, 0, 0, 0, 0, 0, 0, 0, 0, 0, 0, 0, 0, 0, 0, 0, 0, 0, 0, 0, 0, 0, 0, 0, 0, 0, 0], "left_behind": ["egg", "egg", "plain", "plain", "plain", "plain", "plain", "plain", "plain", "plain", "plain", "plain", "plain", "plain", "plain", "plain", "plain", "plain", "plain", "plain", "plain", "plain", "plain", "plain", "plain", "plain", "plain", "plain", "plain", "plain", "plain", "plain", "plain", "plain", "plain", "turd", "egg", "egg", "turd", "turd", "plain", "egg", "turd", "plain", "egg", "plain", "turd", "turd", "egg", "egg", "turd", "turd", "egg", "egg", "turd", "plain", "egg", "plain", "plain", "plain", "egg", "plain", "plain", "turd", "plain", "egg", "plain", "plain", "plain", "egg", "plain", "plain", "plain", "plain", "plain", "plain", "plain", "plain", "plain", "plain"], "errlog_a": "", "errlog_b": "", "start_time": 360, "start_moves": 40, "turn_count": 80, "result": 1, "reason": "EGGS_LAID", "trapdoors": [[4, 4], [5, 4]], "spawn_a": [3, 7], "spawn_b": [3, 0]}