{"pos": [[7, 2], [0, 2], [6, 2], [1, 2], [6, 3], [1, 3], [6, 4], [1, 4], [7, 4], [0, 4], [7, 5], [0, 5], [7, 6], [1, 5], [7, 7], [1, 6], [6, 7], [2, 6], [5, 7], [2, 7], [4, 7], [3, 7], [4, 6], [4, 7], [5, 6], [3, 7], [5, 5], [3, 6], [6, 5], [2, 6], [6, 6], [1, 6], [5, 6], [1, 5], [5, 5], [1, 4], [5, 4], [1, 3], [4, 4], [1, 2], [4, 3], [1, 1], [4, 2], [2, 1], [4, 1], [2, 0], [4, 0], [3, 0], [5, 0], [2, 0], [6, 0], [2, 1], [6, 1], [1, 1], [6, 2], [1, 2], [7, 2], [1, 3], [7, 1], [2, 3], [6, 1], [2, 4], [5, 1], [1, 4], [5, 2], [1, 3], [5, 3], [2, 3], [6, 3], [2, 4], [6, 2], [1, 4], [6, 1], [1, 3], [7, 1], [1, 2], [7, 2], [1, 1], [7, 3], [2, 1]], "a_eggs_laid": [1, 1, 1, 1, 2, 2, 2, 2, 3, 3, 3, 3, 4, 4, 4, 4, 7, 7, 7, 7, 8, 8, 8, 8, 9, 9, 9, 9, 10, 10, 10, 10, 11, 11, 11, 11, 11, 11, 11, 11, 12, 12, 12, 12, 13, 13, 13, 13, 14, 14, 14, 14, 15, 15, 15, 15, 15, 15, 15, 15, 16, 16, 16, 16, 17, 17, 17, 17, 18, 18, 18, 18, 18, 18, 18, 18, 18, 18, 18, 18], "b_eggs_laid": [0, 1, 1, 1, 1, 2, 2, 2, 2, 3, 3, 3, 3, 4, 4, 4, 4, 5, 5, 5, 5, 6, 6, 6, 6, 7, 7, 7, 7, 8, 8, 8, 8, 8, 8, 8, 8, 8, 8, 8, 8, 8, 8, 8, 8, 9, 9, 9, 9, 10, 10, 10, 10, 10, 10, 10, 10, 10, 10, 10, 10, 11, 11, 11, 11, 11, 11, 11, 11, 11, 11, 11, 11, 11, 11, 11, 11, 11, 11, 11], "a_turds_left": [5, 5, 5, 5, 5, 5, 5, 5, 5, 5, 5, 5, 5, 5, 5, 5, 5, 5, 5, 5, 5, 5, 5, 5, 5, 5, 4, 4, 4, 4, 3, 3, 3, 3, 3, 3, 3, 3, 2, 2, 2, 2, 1, 1, 1, 1, 0, 0, 0, 0, 0, 0, 0, 0, 0, 0, 0, 0, 0, 0, 0, 0, 0, 0, 0, 0, 0, 0, 0, 0, 0, 0, 0, 0, 0, 0, 0, 0, 0, 0], "b_turds_left": [5, 5, 5, 5, 5, 5, 5, 5, 5, 5, 5, 5, 5, 5, 5, 5, 5, 5, 5, 5, 5, 5, 5, 5, 5, 5, 5, 4, 4, 4, 4, 3, 3, 3, 3, 2, 2, 2, 2, 1, 1, 1, 1, 0, 0, 0, 0, 0, 0, 0, 0, 0, 0, 0, 0, 0, 0, 0, 0, 0, 0, 0, 0, 0, 0, 0, 0, 0, 0, 0, 0, 0, 0, 0, 0, 0, 0, 0, 0, 0], "a_time_left": [353.4024627506733, 353.4024627506733, 332.79424308240414, 332.79424308240414, 328.55595583096147, 328.55595583096147, 305.8303533308208, 305.8303533308208, 299.856678372249, 299.856678372249, 290.52798203751445, 290.52798203751445, 285.26510657928884, 285.26510657928884, 267.2741419132799, 267.2741419132799, 263.04063412360847, 263.04063412360847, 255.28580900095403, 255.28580900095403, 249.62081962637603, 249.62081962637603, 246.24011237546802, 246.24011237546802, 237.86787837557495, 237.86787837557495, 223.21524808369577, 223.21524808369577, 219.41188420914114, 219.41188420914114, 211.47039537504315, 211.47039537504315, 210.13535941764712, 210.13535941764712, 206.4376972913742, 206.4376972913742, 203.6520846672356, 203.6520846672356, 192.77131570875645, 192.77131570875645, 191.09966562502086, 191.09966562502086, 188.12337149865925, 188.12337149865925, 187.7504194136709, 187.7504194136709, 186.6866625379771, 186.6866625379771, 186.6073815394193, 186.6073815394193, 186.37442853860557, 186.37442853860557, 186.0907895397395, 186.0907895397395, 185.63877091370523, 185.63877091370523, 185.35171637125313, 185.35171637125313, 185.08491124771535, 185.08491124771535, 184.96360403858125, 184.96360403858125, 184.655837289989, 184.655837289989, 184.4598897062242, 184.4598897062242, 183.94060495495796, 183.94060495495796, 183.77910612151027, 183.77910612151027, 183.6735348291695, 183.6735348291695, 183.4985272064805, 183.4985272064805, 183.3974267486483, 183.3974267486483, 183.3213129993528, 183.3213129993528, 183.23932033218443, 183.23932033218443], "b_time_left": [360, 351.86734187602997, 351.86734187602997, 328.88601516745985, 328.88601516745985, 323.1158001255244, 323.1158001255244, 303.2682845443487, 303.2682845443487, 297.1321447528899, 297.1321447528899, 285.08935745991766, 285.08935745991766, 278.98444141820073, 278.98444141820073, 272.9110266678035, 272.9110266678035, 268.4315476678312, 268.4315476678312, 255.10775829479098, 255.10775829479098, 254.2971936687827, 254.2971936687827, 248.54440862685442, 248.54440862685442, 246.0870112106204, 246.0870112106204, 240.7592825870961, 240.7592825870961, 236.41933562792838, 236.41933562792838, 227.4218480437994, 227.4218480437994, 225.25001850165427, 225.25001850165427, 216.9905143752694, 216.9905143752694, 215.18544316664338, 215.18544316664338, 210.20538741722703, 210.20538741722703, 206.34498375095427, 206.34498375095427, 205.36650779098272, 205.36650779098272, 204.77376437559724, 204.77376437559724, 204.71241233311594, 204.71241233311594, 204.58889887481928, 204.58889887481928, 204.33743954077363, 204.33743954077363, 203.85897370800376, 203.85897370800376, 203.29982987232506, 203.29982987232506, 202.74074166454375, 202.74074166454375, 202.46005033142865, 202.46005033142865, 202.07368916273117, 202.07368916273117, 200.91454157792032, 200.91454157792032, 200.7625854946673, 200.7625854946673, 199.9459249097854, 199.9459249097854, 199.62608549371362, 199.62608549371362, 198.09705924615264, 198.09705924615264, 197.8311995808035, 197.8311995808035, 197.29719666577876, 197.29719666577876, 196.92464195750654, 196.92464195750654, 196.73954829014838], "a_moves_left": [39, 39, 38, 38, 37, 37, 36, 36, 35, 35, 34, 34, 33, 33, 32, 32, 31, 31, 30, 30, 29, 29, 28, 28, 27, 27, 26, 26, 25, 25, 24, 24, 23, 23, 22, 22, 21, 21, 20, 20, 19, 19, 18, 18, 17, 17, 16, 16, 15, 15, 14, 14, 13, 13, 12, 12, 11, 11, 10, 10, 9, 9, 8, 8, 7, 7, 6, 6, 5, 5, 4, 4, 3, 3, 2, 2, 1, 1, 0, 0], "b_moves_left": [40, 39, 39, 38, 38, 37, 37, 36, 36, 35, 35, 34, 34, 33, 33, 32, 32, 31, 31, 30, 30, 29, 29, 28, 28, 27, 27, 26, 26, 25, 25, 24, 24, 23, 23, 22, 22, 21, 21, 20, 20, 19, 19, 18, 18, 17, 17, 16, 16, 15, 15, 14, 14, 13, 13, 12, 12, 11, 11, 10, 10, 9, 9, 8, 8, 7, 7, 6, 6, 5, 5, 4, 4, 3, 3, 2, 2, 1, 1, 0], "trapdoor_triggered": [0, 0, 0, 0, 0, 0, 0, 0, 0, 0, 0, 0, 0, 0, 0, 0, 0, 0, 0, 0, 0, 0, 0, 0, 0, 0, 0, 0, 0, 0, 0, 0, 0, 0, 0, 0, 0, 0, 0, 0, 0, 0, 0, 0, 0, 0, 0, 0, 0, 0, 0, 0, 0, 0, 0, 0, 0, 0, 0, 0, 0, 0, 0, 0, 0, 0, 0, 0, 0, 0, 0, 0, 0, 0, 0, 0, 0, 0, 0, 0], "left_behind": ["egg", "egg", "plain", "plain", "egg", "egg", "plain", "plain", "egg", "egg", "plain", "plain", "egg", "egg", "plain", "plain", "egg", "egg", "plain", "plain", "egg", "egg", "plain", "plain", "egg", "egg", "turd", "turd", "egg", "egg", "turd", "turd", "egg", "plain", "plain", "turd", "plain", "plain", "turd", "turd", "egg", "plain", "turd", "turd", "egg", "egg", "turd", "plain", "egg", "egg", "plain", "plain", "egg", "plain", "plain", "plain", "plain", "plain", "plain", "plain", "egg", "egg", "plain", "plain", "egg", "plain", "plain", "plain", "egg", "plain", "plain", "plain", "plain", "plain", "plain", "plain", "plain", "plain", "plain", "plain"], "errlog_a": "", "errlog_b": "", "start_time": 360, "start_moves": 40, "turn_count": 80, "result": 0, "reason": "EGGS_LAID", "trapdoors": [[3, 5], [3, 2]], "spawn_a": [7, 3], "spawn_b": [0, 3]}