{"pos": [[6, 1], [7, 7], [5, 1], [7, 6], [6, 1], [7, 5], [5, 1], [6, 5], [4, 1], [5, 5], [4, 2], [4, 5], [3, 2], [3, 5], [3, 3], [2, 5], [2, 3], [1, 5], [2, 4], [1, 4], [2, 3], [0, 4], [2, 4], [0, 3], [2, 3], [0, 2], [2, 2], [1, 2], [2, 1], [1, 1], [3, 1], [2, 1], [3, 0], [2, 0], [4, 0], [1, 0], [5, 0], [1, 1], [6, 0], [1, 2], [7, 0], [0, 2], [7, 1], [0, 3], [7, 2], [0, 4], [7, 3], [0, 5], [6, 3], [0, 6], [6, 4], [1, 6], [6, 3], [2, 6], [5, 3], [3, 6], [6, 1], [3, 7], [6, 2], [4, 7], [6, 3], [4, 6], [6, 4], [4, 5], [6, 3], [4, 4], [6, 2], [4, 3], [5, 2], [6, 6], [4, 2], [6, 5], [4, 1], [5, 5], [3, 1], [5, 4], [3, 0], [4, 4], [2, 0], [4, 5]], "a_eggs_laid": [1, 1, 1, 1, 2, 2, 2, 2, 2, 2, 2, 2, 3, 3, 3, 3, 4, 4, 4, 4, 5, 5, 5, 5, 5, 5, 5, 5, 6, 6, 6, 6, 7, 7, 7, 7, 8, 8, 8, 8, 8, 8, 8, 8, 9, 9, 9, 9, 10, 10, 10, 10, 11, 11, 11, 11, 11, 11, 11, 11, 12, 12, 12, 12, 12, 12, 12, 12, 16, 16, 16, 16, 16, 16, 16, 16, 16, 16, 16, 16], "b_eggs_laid": [0, 1, 1, 1, 1, 2, 2, 2, 2, 3, 3, 3, 3, 4, 4, 4, 4, 5, 5, 5, 5, 6, 6, 6, 6, 7, 7, 7, 7, 8, 8, 8, 8, 9, 9, 9, 9, 10, 10, 10, 10, 10, 10, 10, 10, 10, 10, 10, 10, 11, 11, 11, 11, 12, 12, 16, 16, 17, 17, 17, 17, 18, 18, 18, 18, 18, 18, 18, 18, 18, 18, 18, 18, 18, 18, 18, 18, 19, 19, 19], "a_turds_left": [5, 5, 4, 4, 4, 4, 4, 4, 4, 4, 3, 3, 3, 3, 3, 3, 3, 3, 2, 2, 2, 2, 2, 2, 2, 2, 2, 2, 2, 2, 2, 2, 2, 2, 2, 2, 2, 2, 1, 1, 1, 1, 0, 0, 0, 0, 0, 0, 0, 0, 0, 0, 0, 0, 0, 0, 0, 0, 0, 0, 0, 0, 0, 0, 0, 0, 0, 0, 0, 0, 0, 0, 0, 0, 0, 0, 0, 0, 0, 0], "b_turds_left": [5, 5, 5, 4, 4, 4, 4, 3, 3, 3, 3, 2, 2, 2, 2, 2, 2, 2, 2, 1, 1, 1, 1, 0, 0, 0, 0, 0, 0, 0, 0, 0, 0, 0, 0, 0, 0, 0, 0, 0, 0, 0, 0, 0, 0, 0, 0, 0, 0, 0, 0, 0, 0, 0, 0, 0, 0, 0, 0, 0, 0, 0, 0, 0, 0, 0, 0, 0, 0, 0, 0, 0, 0, 0, 0, 0, 0, 0, 0, 0], "a_time_left": [356.8266361244023, 356.8266361244023, 346.7575320005417, 346.7575320005417, 341.8751192521304, 341.8751192521304, 336.3699540439993, 336.3699540439993, 333.12580362707376, 333.12580362707376, 325.4231375847012, 325.4231375847012, 323.16296175308526, 323.16296175308526, 319.84249617159367, 319.84249617159367, 318.41778512857854, 318.41778512857854, 315.3396147545427, 315.3396147545427, 314.34395604766905, 314.34395604766905, 313.2566274628043, 313.2566274628043, 312.49248150363564, 312.49248150363564, 311.7756302561611, 311.7756302561611, 311.12870663031936, 311.12870663031936, 310.7849815879017, 310.7849815879017, 310.4825531318784, 310.4825531318784, 310.25087071582675, 310.25087071582675, 309.844100093469, 309.844100093469, 309.3817028440535, 309.3817028440535, 309.2112741358578, 309.2112741358578, 309.0714498050511, 309.0714498050511, 309.0270688459277, 309.0270688459277, 308.95808351412416, 308.95808351412416, 308.9044503904879, 308.9044503904879, 308.8317030593753, 308.8317030593753, 308.792319977656, 308.792319977656, 308.7113338112831, 308.7113338112831, 308.6495697274804, 308.6495697274804, 308.62572947889566, 308.62572947889566, 308.59796739555895, 308.59796739555895, 308.57290760427713, 308.57290760427713, 308.55490752123296, 308.55490752123296, 308.53291527181864, 308.53291527181864, 308.4988498557359, 308.4988498557359, 308.46777360513806, 308.46777360513806, 308.42460485361516, 308.42460485361516, 308.37981152161956, 308.37981152161956, 308.34985339827836, 308.34985339827836, 308.31831877306104, 308.31831877306104], "b_time_left": [360, 357.0431704185903, 357.0431704185903, 350.0209905002266, 350.0209905002266, 347.0026736650616, 347.0026736650616, 340.5550883319229, 340.5550883319229, 338.0300141647458, 338.0300141647458, 329.7676679175347, 329.7676679175347, 327.6272509563714, 327.6272509563714, 323.48909216560423, 323.48909216560423, 322.2153565399349, 322.2153565399349, 321.6496924981475, 321.6496924981475, 321.54447416588664, 321.54447416588664, 321.4206461273134, 321.4206461273134, 321.382976166904, 321.382976166904, 321.35923849977553, 321.35923849977553, 321.3557560406625, 321.3557560406625, 321.3332489579916, 321.3332489579916, 321.32917262613773, 321.32917262613773, 321.3062197100371, 321.3062197100371, 321.29144100286067, 321.29144100286067, 321.2639887947589, 321.2639887947589, 321.25064433552325, 321.25064433552325, 321.22208621166646, 321.22208621166646, 321.18955566734076, 321.18955566734076, 321.1350620854646, 321.1350620854646, 321.04487908631563, 321.04487908631563, 320.9883826673031, 320.9883826673031, 320.87837871164083, 320.87837871164083, 320.8064080029726, 320.8064080029726, 320.7197948358953, 320.7197948358953, 320.6573142912239, 320.6573142912239, 320.5746700428426, 320.5746700428426, 320.5144707094878, 320.5144707094878, 320.4482612516731, 320.4482612516731, 320.39130621030927, 320.39130621030927, 320.3259634990245, 320.3259634990245, 320.28868845663965, 320.28868845663965, 320.2398199159652, 320.2398199159652, 320.19610649719834, 320.19610649719834, 320.1715678740293, 320.1715678740293, 320.10300370678306], "a_moves_left": [39, 39, 38, 38, 37, 37, 36, 36, 35, 35, 34, 34, 33, 33, 32, 32, 31, 31, 30, 30, 29, 29, 28, 28, 27, 27, 26, 26, 25, 25, 24, 24, 23, 23, 22, 22, 21, 21, 20, 20, 19, 19, 18, 18, 17, 17, 16, 16, 15, 15, 14, 14, 13, 13, 12, 12, 11, 11, 10, 10, 9, 9, 8, 8, 7, 7, 6, 6, 5, 5, 4, 4, 3, 3, 2, 2, 1, 1, 0, 0], "b_moves_left": [40, 39, 39, 38, 38, 37, 37, 36, 36, 35, 35, 34, 34, 33, 33, 32, 32, 31, 31, 30, 30, 29, 29, 28, 28, 27, 27, 26, 26, 25, 25, 24, 24, 23, 23, 22, 22, 21, 21, 20, 20, 19, 19, 18, 18, 17, 17, 16, 16, 15, 15, 14, 14, 13, 13, 12, 12, 11, 11, 10, 10, 9, 9, 8, 8, 7, 7, 6, 6, 5, 5, 4, 4, 3, 3, 2, 2, 1, 1, 0], "trapdoor_triggered": [0, 0, 0, 0, 0, 0, 0, 0, 0, 0, 0, 0, 0, 0, 0, 0, 0, 0, 0, 0, 0, 0, 0, 0, 0, 0, 0, 0, 0, 0, 0, 0, 0, 0, 0, 0, 0, 0, 0, 0, 0, 0, 0, 0, 0, 0, 0, 0, 0, 0, 0, 0, 0, 0, 1, 0, 0, 0, 0, 0, 0, 0, 0, 0, 0, 0, 0, 1, 0, 0, 0, 0, 0, 0, 0, 0, 0, 0, 0, 0], "left_behind": ["egg", "egg", "turd", "turd", "egg", "egg", "plain", "turd", "plain", "egg", "turd", "turd", "egg", "egg", "plain", "plain", "egg", "egg", "turd", "turd", "egg", "egg", "plain", "turd", "plain", "egg", "plain", "plain", "egg", "egg", "plain", "plain", "egg", "egg", "plain", "plain", "egg", "egg", "turd", "plain", "plain", "plain", "turd", "plain", "egg", "plain", "plain", "plain", "egg", "egg", "plain", "plain", "egg", "egg", "plain", "plain", "plain", "egg", "plain", "plain", "egg", "egg", "plain", "plain", "plain", "plain", "plain", "plain", "plain", "plain", "plain", "plain", "plain", "plain", "plain", "plain", "plain", "egg", "plain", "plain"], "errlog_a": "", "errlog_b": "", "start_time": 360, "start_moves": 40, "turn_count": 80, "result": 1, "reason": "EGGS_LAID", "trapdoors": [[5, 3], [4, 3]], "spawn_a": [6, 0], "spawn_b": [6, 7]}