{"pos": [[6, 1], [6, 6], [6, 2], [5, 6], [6, 3], [6, 6], [5, 3], [6, 5], [4, 3], [5, 5], [5, 0], [4, 5], [4, 0], [3, 5], [4, 1], [3, 4], [4, 2], [2, 4], [3, 2], [2, 3], [2, 2], [1, 3], [1, 2], [0, 3], [0, 2], [0, 4], [1, 2], [0, 5], [1, 3], [1, 5], [1, 2], [1, 6], [1, 1], [2, 6], [0, 1], [1, 6], [0, 0], [2, 6], [1, 0], [2, 5], [2, 0], [2, 4], [3, 0], [2, 3], [3, 1], [2, 4], [4, 1], [1, 4], [5, 1], [2, 4], [6, 1], [1, 4], [7, 1], [2, 4], [7, 2], [2, 3], [7, 3], [2, 4], [7, 4], [3, 4], [6, 4], [3, 5], [7, 4], [3, 4], [7, 5], [3, 3], [7, 6], [3, 2], [7, 7], [3, 3], [7, 6], [2, 3], [7, 5], [2, 4], [7, 4], [2, 5], [7, 5], [2, 6], [7, 6], [3, 6]], "a_eggs_laid": [1, 1, 1, 1, 2, 2, 2, 2, 3, 3, 3, 3, 3, 3, 4, 4, 4, 4, 5, 5, 5, 5, 6, 6, 6, 6, 7, 7, 7, 7, 8, 8, 8, 8, 9, 9, 9, 9, 12, 12, 12, 12, 13, 13, 13, 13, 14, 14, 14, 14, 15, 15, 15, 15, 16, 16, 16, 16, 17, 17, 17, 17, 18, 18, 18, 18, 19, 19, 19, 19, 22, 22, 22, 22, 22, 22, 22, 22, 22, 22], "b_eggs_laid": [0, 1, 1, 1, 1, 2, 2, 2, 2, 7, 7, 7, 7, 8, 8, 8, 8, 9, 9, 9, 9, 10, 10, 10, 10, 11, 11, 11, 11, 12, 12, 12, 12, 13, 13, 13, 13, 13, 13, 13, 13, 14, 14, 14, 14, 14, 14, 14, 14, 15, 15, 15, 15, 15, 15, 15, 15, 15, 15, 15, 15, 15, 15, 15, 15, 15, 15, 15, 15, 16, 16, 16, 16, 16, 16, 16, 16, 16, 16, 16], "a_turds_left": [5, 5, 5, 5, 5, 5, 5, 5, 5, 5, 5, 5, 5, 5, 5, 5, 5, 5, 5, 5, 5, 5, 5, 5, 5, 5, 5, 5, 5, 5, 5, 5, 5, 5, 5, 5, 5, 5, 5, 5, 5, 5, 5, 5, 5, 5, 5, 5, 5, 5, 5, 5, 5, 5, 5, 5, 5, 5, 5, 5, 5, 5, 5, 5, 5, 5, 5, 5, 5, 5, 5, 5, 5, 5, 5, 5, 5, 5, 5, 5], "b_turds_left": [5, 5, 5, 5, 5, 5, 5, 5, 5, 5, 5, 4, 4, 4, 4, 3, 3, 3, 3, 2, 2, 2, 2, 2, 2, 2, 2, 2, 2, 2, 2, 2, 2, 2, 2, 2, 2, 2, 2, 2, 2, 2, 2, 2, 2, 2, 2, 2, 2, 2, 2, 2, 2, 2, 2, 2, 2, 2, 2, 2, 2, 2, 2, 2, 2, 2, 2, 1, 1, 1, 1, 1, 1, 1, 1, 1, 1, 1, 1, 1], "a_time_left": [358.5410361252725, 358.5410361252725, 347.942870458588, 347.942870458588, 336.0608806665987, 336.0608806665987, 322.1643141657114, 322.1643141657114, 291.45792587660253, 291.45792587660253, 283.0347423776984, 283.0347423776984, 278.4087224211544, 278.4087224211544, 272.3241239208728, 272.3241239208728, 264.63400583714247, 264.63400583714247, 252.67168833687901, 252.67168833687901, 249.60245229676366, 249.60245229676366, 248.7077440880239, 248.7077440880239, 247.95796987973154, 247.95796987973154, 247.30871683731675, 247.30871683731675, 246.2657495457679, 246.2657495457679, 245.0384105015546, 245.0384105015546, 243.6917387098074, 243.6917387098074, 242.5461994614452, 242.5461994614452, 242.05048808827996, 242.05048808827996, 241.04924058914185, 241.04924058914185, 240.14818534068763, 240.14818534068763, 239.27476300671697, 239.27476300671697, 238.7622421309352, 238.7622421309352, 237.70743721351027, 237.70743721351027, 236.91297504864633, 236.91297504864633, 235.90207921527326, 235.90207921527326, 235.46251629665494, 235.46251629665494, 235.06925396621227, 235.06925396621227, 234.68718371540308, 234.68718371540308, 234.10875071585178, 234.10875071585178, 233.5345242563635, 233.5345242563635, 233.01135783828795, 233.01135783828795, 232.6649925466627, 232.6649925466627, 232.45900454558432, 232.45900454558432, 232.41161492280662, 232.41161492280662, 232.3740233834833, 232.3740233834833, 232.30511784367263, 232.30511784367263, 232.1683813855052, 232.1683813855052, 231.8350973855704, 231.8350973855704, 231.60810288600624, 231.60810288600624], "b_time_left": [360, 356.7834027912468, 356.7834027912468, 353.6749222073704, 353.6749222073704, 349.80804166570306, 349.80804166570306, 345.1202020831406, 345.1202020831406, 344.2440878748894, 344.2440878748894, 342.4989790394902, 342.4989790394902, 340.364117288962, 340.364117288962, 335.07243941538036, 335.07243941538036, 333.86042370833457, 333.86042370833457, 332.42295570857823, 332.42295570857823, 331.30131208337843, 331.30131208337843, 330.48635679110885, 330.48635679110885, 330.05980554036796, 330.05980554036796, 328.5874177068472, 328.5874177068472, 328.0394792910665, 328.0394792910665, 326.2480911258608, 326.2480911258608, 325.2707757111639, 325.2707757111639, 323.6051279194653, 323.6051279194653, 323.27615850418806, 323.27615850418806, 322.4389777556062, 322.4389777556062, 321.35649317130446, 321.35649317130446, 320.78051671013236, 320.78051671013236, 320.5249668750912, 320.5249668750912, 320.1209183316678, 320.1209183316678, 319.90584149956703, 319.90584149956703, 319.54644999839365, 319.54644999839365, 319.37917124666274, 319.37917124666274, 319.20045212097466, 319.20045212097466, 319.0757121630013, 319.0757121630013, 318.85586549527943, 318.85586549527943, 318.7636700384319, 318.7636700384319, 318.55482424609363, 318.55482424609363, 318.4955638293177, 318.4955638293177, 318.3618419561535, 318.3618419561535, 318.3446874972433, 318.3446874972433, 318.26316978782415, 318.26316978782415, 318.2226336635649, 318.2226336635649, 317.9707619547844, 317.9707619547844, 317.83875378780067, 317.83875378780067, 317.3957865796983], "a_moves_left": [39, 39, 38, 38, 37, 37, 36, 36, 35, 35, 34, 34, 33, 33, 32, 32, 31, 31, 30, 30, 29, 29, 28, 28, 27, 27, 26, 26, 25, 25, 24, 24, 23, 23, 22, 22, 21, 21, 20, 20, 19, 19, 18, 18, 17, 17, 16, 16, 15, 15, 14, 14, 13, 13, 12, 12, 11, 11, 10, 10, 9, 9, 8, 8, 7, 7, 6, 6, 5, 5, 4, 4, 3, 3, 2, 2, 1, 1, 0, 0], "b_moves_left": [40, 39, 39, 38, 38, 37, 37, 36, 36, 35, 35, 34, 34, 33, 33, 32, 32, 31, 31, 30, 30, 29, 29, 28, 28, 27, 27, 26, 26, 25, 25, 24, 24, 23, 23, 22, 22, 21, 21, 20, 20, 19, 19, 18, 18, 17, 17, 16, 16, 15, 15, 14, 14, 13, 13, 12, 12, 11, 11, 10, 10, 9, 9, 8, 8, 7, 7, 6, 6, 5, 5, 4, 4, 3, 3, 2, 2, 1, 1, 0], "trapdoor_triggered": [0, 0, 0, 0, 0, 0, 0, 0, 1, 0, 0, 0, 0, 0, 0, 0, 0, 0, 0, 0, 0, 0, 0, 0, 0, 0, 0, 0, 0, 0, 0, 0, 0, 0, 0, 0, 0, 0, 0, 0, 0, 0, 0, 0, 0, 0, 0, 0, 0, 0, 0, 0, 0, 0, 0, 0, 0, 0, 0, 0, 0, 0, 0, 0, 0, 0, 0, 0, 0, 0, 0, 0, 0, 0, 0, 0, 0, 0, 0, 0], "left_behind": ["egg", "egg", "plain", "plain", "egg", "egg", "plain", "plain", "egg", "egg", "plain", "turd", "plain", "egg", "egg", "turd", "plain", "egg", "egg", "turd", "plain", "egg", "egg", "plain", "plain", "egg", "egg", "plain", "plain", "egg", "egg", "plain", "plain", "egg", "egg", "plain", "plain", "plain", "egg", "plain", "plain", "egg", "egg", "plain", "plain", "plain", "egg", "plain", "plain", "egg", "egg", "plain", "plain", "plain", "egg", "plain", "plain", "plain", "egg", "plain", "plain", "plain", "egg", "plain", "plain", "plain", "egg", "turd", "plain", "egg", "egg", "plain", "plain", "plain", "plain", "plain", "plain", "plain", "plain", "plain"], "errlog_a": "", "errlog_b": "", "start_time": 360, "start_moves": 40, "turn_count": 80, "result": 0, "reason": "EGGS_LAID", "trapdoors": [[4, 4], [4, 3]], "spawn_a": [6, 0], "spawn_b": [6, 7]}