{"pos": [[2, 1], [2, 6], [2, 2], [2, 5], [3, 2], [3, 5], [4, 2], [3, 4], [4, 3], [4, 4], [5, 3], [4, 5], [6, 3], [5, 5], [7, 3], [5, 4], [7, 2], [1, 7], [7, 1], [0, 7], [6, 1], [0, 6], [6, 2], [1, 6], [6, 3], [1, 5], [6, 4], [1, 4], [7, 4], [1, 3], [7, 5], [1, 2], [7, 6], [1, 3], [7, 7], [2, 3], [7, 6], [1, 3], [6, 6], [1, 2], [6, 7], [1, 3], [5, 7], [0, 3], [4, 7], [0, 4], [4, 6], [0, 5], [4, 7], [0, 4], [4, 6], [0, 3], [4, 7], [0, 2], [4, 6], [0, 1], [4, 7], [1, 1], [4, 6], [2, 1], [4, 7], [1, 1], [4, 6], [0, 1], [4, 7], [1, 1], [4, 6], [0, 1], [4, 7], [1, 1], [4, 6], [0, 1], [4, 7], [1, 1], [4, 6], [0, 1], [4, 7], [1, 1], [4, 6], [0, 1]], "a_eggs_laid": [1, 1, 1, 1, 2, 2, 2, 2, 3, 3, 3, 3, 4, 4, 4, 4, 9, 9, 9, 9, 10, 10, 10, 10, 11, 11, 11, 11, 12, 12, 12, 12, 13, 13, 13, 13, 16, 16, 16, 16, 17, 17, 17, 17, 18, 18, 18, 18, 19, 19, 19, 19, 19, 19, 19, 19, 19, 19, 19, 19, 19, 19, 19, 19, 19, 19, 19, 19, 19, 19, 19, 19, 19, 19, 19, 19, 19, 19, 19, 19], "b_eggs_laid": [0, 1, 1, 1, 1, 2, 2, 2, 2, 3, 3, 3, 3, 4, 4, 4, 4, 4, 4, 4, 4, 7, 7, 7, 7, 8, 8, 8, 8, 9, 9, 9, 9, 10, 10, 10, 10, 11, 11, 11, 11, 11, 11, 11, 11, 12, 12, 12, 12, 13, 13, 13, 13, 13, 13, 13, 13, 14, 14, 14, 14, 15, 15, 15, 15, 15, 15, 15, 15, 15, 15, 15, 15, 15, 15, 15, 15, 15, 15, 15], "a_turds_left": [5, 5, 5, 5, 5, 5, 4, 4, 4, 4, 4, 4, 4, 4, 4, 4, 4, 4, 4, 4, 4, 4, 4, 4, 4, 4, 4, 4, 4, 4, 4, 4, 4, 4, 4, 4, 4, 4, 4, 4, 4, 4, 4, 4, 4, 4, 4, 4, 4, 4, 4, 4, 4, 4, 4, 4, 4, 4, 4, 4, 4, 4, 4, 4, 4, 4, 4, 4, 4, 4, 4, 4, 4, 4, 4, 4, 4, 4, 4, 4], "b_turds_left": [5, 5, 5, 5, 5, 5, 5, 4, 4, 4, 4, 3, 3, 3, 3, 2, 2, 2, 2, 2, 2, 2, 2, 2, 2, 2, 2, 2, 2, 2, 2, 2, 2, 2, 2, 2, 2, 2, 2, 2, 2, 2, 2, 2, 2, 2, 2, 2, 2, 2, 2, 2, 2, 2, 2, 2, 2, 2, 2, 2, 2, 2, 2, 2, 2, 2, 2, 2, 2, 2, 2, 2, 2, 2, 2, 2, 2, 2, 2, 2], "a_time_left": [359.5122206658125, 359.5122206658125, 356.48660008236766, 356.48660008236766, 350.87574491649866, 350.87574491649866, 344.06784579344094, 344.06784579344094, 341.48122954182327, 341.48122954182327, 341.0293031670153, 341.0293031670153, 339.7756233327091, 339.7756233327091, 337.49759858474135, 337.49759858474135, 337.1573268324137, 337.1573268324137, 336.4041455835104, 336.4041455835104, 336.1228562500328, 336.1228562500328, 335.54466291703284, 335.54466291703284, 334.74999891780317, 334.74999891780317, 334.24808975309134, 334.24808975309134, 334.02557096257806, 334.02557096257806, 333.71336033567786, 333.71336033567786, 333.5784722920507, 333.5784722920507, 333.2526721227914, 333.2526721227914, 333.1244598329067, 333.1244598329067, 332.75444103963673, 332.75444103963673, 332.6553239990026, 332.6553239990026, 332.353385290131, 332.353385290131, 332.3095851652324, 332.3095851652324, 332.27176903933287, 332.27176903933287, 332.21750899776816, 332.21750899776816, 332.1832984983921, 332.1832984983921, 332.1441246252507, 332.1441246252507, 332.11385716870427, 332.11385716870427, 332.08193821273744, 332.08193821273744, 332.0309391692281, 332.0309391692281, 332.0085567943752, 332.0085567943752, 331.95750225149095, 331.95750225149095, 331.928086752072, 331.928086752072, 331.8768386282027, 331.8768386282027, 331.8472706284374, 331.8472706284374, 331.7962515447289, 331.7962515447289, 331.7664334606379, 331.7664334606379, 331.7151596285403, 331.7151596285403, 331.6851828806102, 331.6851828806102, 331.6339605897665, 331.6339605897665], "b_time_left": [360, 357.26803020760417, 357.26803020760417, 349.18772662617266, 349.18772662617266, 345.01811091788113, 345.01811091788113, 341.8335326258093, 341.8335326258093, 341.18174016848207, 341.18174016848207, 340.56100233644247, 340.56100233644247, 339.74030429683626, 339.74030429683626, 339.2559310477227, 339.2559310477227, 338.98762800730765, 338.98762800730765, 338.7202987577766, 338.7202987577766, 338.3741747569293, 338.3741747569293, 338.02833913080394, 338.02833913080394, 337.6015562135726, 337.6015562135726, 337.33636896312237, 337.33636896312237, 337.140447339043, 337.140447339043, 337.00189938023686, 337.00189938023686, 336.85155646316707, 336.85155646316707, 336.6698953397572, 336.6698953397572, 336.46981521323323, 336.46981521323323, 336.28633908741176, 336.28633908741176, 336.11698541790247, 336.11698541790247, 335.9638622496277, 335.9638622496277, 335.8618273306638, 335.8618273306638, 335.7417997457087, 335.7417997457087, 335.5429988298565, 335.5429988298565, 335.42094991356134, 335.42094991356134, 335.19553382880986, 335.19553382880986, 335.0692094527185, 335.0692094527185, 334.9119034074247, 334.9119034074247, 334.79151519946754, 334.79151519946754, 334.7421532385051, 334.7421532385051, 334.6179639454931, 334.6179639454931, 334.47020394541323, 334.47020394541323, 334.3460166528821, 334.3460166528821, 334.19783198460937, 334.19783198460937, 334.0735695287585, 334.0735695287585, 333.92530427873135, 333.92530427873135, 333.8011449892074, 333.8011449892074, 333.653104364872, 333.653104364872, 333.5292246565223], "a_moves_left": [39, 39, 38, 38, 37, 37, 36, 36, 35, 35, 34, 34, 33, 33, 32, 32, 31, 31, 30, 30, 29, 29, 28, 28, 27, 27, 26, 26, 25, 25, 24, 24, 23, 23, 22, 22, 21, 21, 20, 20, 19, 19, 18, 18, 17, 17, 16, 16, 15, 15, 14, 14, 13, 13, 12, 12, 11, 11, 10, 10, 9, 9, 8, 8, 7, 7, 6, 6, 5, 5, 4, 4, 3, 3, 2, 2, 1, 1, 0, 0], "b_moves_left": [40, 39, 39, 38, 38, 37, 37, 36, 36, 35, 35, 34, 34, 33, 33, 32, 32, 31, 31, 30, 30, 29, 29, 28, 28, 27, 27, 26, 26, 25, 25, 24, 24, 23, 23, 22, 22, 21, 21, 20, 20, 19, 19, 18, 18, 17, 17, 16, 16, 15, 15, 14, 14, 13, 13, 12, 12, 11, 11, 10, 10, 9, 9, 8, 8, 7, 7, 6, 6, 5, 5, 4, 4, 3, 3, 2, 2, 1, 1, 0], "trapdoor_triggered": [0, 0, 0, 0, 0, 0, 0, 0, 0, 0, 0, 0, 0, 0, 0, 1, 0, 0, 0, 0, 0, 0, 0, 0, 0, 0, 0, 0, 0, 0, 0, 0, 0, 0, 0, 0, 0, 0, 0, 0, 0, 0, 0, 0, 0, 0, 0, 0, 0, 0, 0, 0, 0, 0, 0, 0, 0, 0, 0, 0, 0, 0, 0, 0, 0, 0, 0, 0, 0, 0, 0, 0, 0, 0, 0, 0, 0, 0, 0, 0], "left_behind": ["egg", "egg", "plain", "plain", "egg", "egg", "turd", "turd", "egg", "egg", "plain", "turd", "egg", "egg", "plain", "turd", "egg", "plain", "plain", "plain", "egg", "egg", "plain", "plain", "egg", "egg", "plain", "plain", "egg", "egg", "plain", "plain", "egg", "egg", "plain", "plain", "egg", "egg", "plain", "plain", "egg", "plain", "plain", "plain", "egg", "egg", "plain", "plain", "egg", "egg", "plain", "plain", "plain", "plain", "plain", "plain", "plain", "egg", "plain", "plain", "plain", "egg", "plain", "plain", "plain", "plain", "plain", "plain", "plain", "plain", "plain", "plain", "plain", "plain", "plain", "plain", "plain", "plain", "plain", "plain"], "errlog_a": "", "errlog_b": "", "start_time": 360, "start_moves": 40, "turn_count": 80, "result": 0, "reason": "EGGS_LAID", "trapdoors": [[3, 3], [5, 4]], "spawn_a": [2, 0], "spawn_b": [2, 7]}