{"pos": [[0, 3], [6, 4], [0, 2], [5, 4], [0, 1], [4, 4], [0, 0], [4, 3], [0, 1], [3, 3], [1, 1], [2, 3], [2, 1], [2, 2], [3, 1], [3, 2], [4, 1], [3, 3], [5, 1], [3, 4], [6, 1], [3, 5], [6, 2], [2, 5], [6, 3], [7, 3], [6, 4], [7, 2], [6, 5], [7, 1], [7, 5], [7, 0], [6, 5], [6, 0], [6, 6], [5, 0], [7, 6], [6, 0], [7, 7], [7, 0], [6, 7], [6, 0], [5, 7], [7, 0], [5, 6], [6, 0], [4, 6], [5, 0], [4, 7], [6, 0], [3, 7], [7, 0], [2, 7], [6, 0], [2, 6], [7, 0], [2, 7], [6, 0], [1, 7], [6, 1], [1, 6], [7, 1], [1, 5], [7, 2], [1, 4], [7, 3], [1, 3], [6, 3], [1, 4], [5, 3], [1, 3], [5, 4], [1, 4], [4, 4], [2, 4], [4, 5], [1, 4], [4, 4], [1, 5], [4, 5]], "a_eggs_laid": [1, 1, 1, 1, 2, 2, 2, 2, 5, 5, 5, 5, 6, 6, 6, 6, 7, 7, 7, 7, 8, 8, 8, 8, 13, 13, 13, 13, 14, 14, 14, 14, 15, 15, 15, 15, 16, 16, 16, 16, 19, 19, 19, 19, 20, 20, 20, 20, 21, 21, 21, 21, 22, 22, 22, 22, 23, 23, 23, 23, 24, 24, 24, 24, 25, 25, 25, 25, 26, 26, 26, 26, 26, 26, 26, 26, 27, 27, 27, 27], "b_eggs_laid": [0, 1, 1, 1, 1, 2, 2, 2, 2, 3, 3, 3, 3, 4, 4, 4, 4, 5, 5, 5, 5, 6, 6, 6, 6, 6, 6, 6, 6, 7, 7, 7, 7, 10, 10, 10, 10, 11, 11, 11, 11, 11, 11, 11, 11, 11, 11, 11, 11, 11, 11, 11, 11, 11, 11, 11, 11, 11, 11, 11, 11, 12, 12, 12, 12, 12, 12, 12, 12, 13, 13, 13, 13, 13, 13, 13, 13, 14, 14, 14], "a_turds_left": [5, 5, 5, 5, 5, 5, 5, 5, 5, 5, 5, 5, 5, 5, 5, 5, 5, 5, 4, 4, 4, 4, 4, 4, 4, 4, 4, 4, 4, 4, 4, 4, 4, 4, 4, 4, 4, 4, 4, 4, 4, 4, 4, 4, 4, 4, 4, 4, 4, 4, 4, 4, 4, 4, 4, 4, 4, 4, 4, 4, 4, 4, 4, 4, 4, 4, 4, 4, 4, 4, 4, 4, 4, 4, 4, 4, 4, 4, 4, 4], "b_turds_left": [5, 5, 5, 5, 5, 5, 5, 4, 4, 4, 4, 3, 3, 3, 3, 2, 2, 2, 2, 2, 2, 2, 2, 1, 1, 1, 1, 1, 1, 1, 1, 1, 1, 1, 1, 1, 1, 1, 1, 1, 1, 1, 1, 1, 1, 1, 1, 1, 1, 1, 1, 1, 1, 1, 1, 1, 1, 1, 1, 1, 1, 1, 1, 1, 1, 1, 1, 1, 1, 1, 1, 0, 0, 0, 0, 0, 0, 0, 0, 0], "a_time_left": [359.5230007097125, 359.5230007097125, 358.22495558671653, 358.22495558671653, 357.6810147538781, 357.6810147538781, 357.2883998770267, 357.2883998770267, 357.1990845426917, 357.1990845426917, 357.1028037071228, 357.1028037071228, 356.49512203782797, 356.49512203782797, 355.93166678771377, 355.93166678771377, 355.7779902070761, 355.7779902070761, 355.3578352890909, 355.3578352890909, 354.8860814124346, 354.8860814124346, 354.27771778963506, 354.27771778963506, 353.8754303716123, 353.8754303716123, 353.81678399816155, 353.81678399816155, 353.6889793332666, 353.6889793332666, 353.37798266485333, 353.37798266485333, 353.27620728872716, 353.27620728872716, 353.09379274584353, 353.09379274584353, 352.9785192012787, 352.9785192012787, 352.91623128578067, 352.91623128578067, 352.84983603842556, 352.84983603842556, 352.74888337031007, 352.74888337031007, 352.70007237046957, 352.70007237046957, 352.6051636636257, 352.6051636636257, 352.54618733003736, 352.54618733003736, 352.48361891135573, 352.48361891135573, 352.4388373307884, 352.4388373307884, 352.3687155842781, 352.3687155842781, 352.25643833354115, 352.25643833354115, 352.1995103340596, 352.1995103340596, 352.15186570957303, 352.15186570957303, 352.0550241265446, 352.0550241265446, 351.91047354228795, 351.91047354228795, 351.77010345831513, 351.77010345831513, 351.6498158350587, 351.6498158350587, 351.5469398777932, 351.5469398777932, 351.47975921072066, 351.47975921072066, 351.27504458650947, 351.27504458650947, 351.2141095418483, 351.2141095418483, 351.12880566716194, 351.12880566716194], "b_time_left": [360, 359.49658541567624, 359.49658541567624, 358.135856166482, 358.135856166482, 356.35675570741296, 356.35675570741296, 354.93972999975085, 354.93972999975085, 352.5932439584285, 352.5932439584285, 351.08525108359754, 351.08525108359754, 349.5763857085258, 349.5763857085258, 349.3047789577395, 349.3047789577395, 348.48820700123906, 348.48820700123906, 347.92082420922816, 347.92082420922816, 347.10491237416863, 347.10491237416863, 346.04109379276633, 346.04109379276633, 345.79417712800205, 345.79417712800205, 345.7172001712024, 345.7172001712024, 345.6682954635471, 345.6682954635471, 345.6067628804594, 345.6067628804594, 345.510579129681, 345.510579129681, 345.4585403781384, 345.4585403781384, 345.42610796168447, 345.42610796168447, 345.3833910021931, 345.3833910021931, 345.33996041864157, 345.33996041864157, 345.29796070978045, 345.29796070978045, 345.2589482087642, 345.2589482087642, 345.21202929131687, 345.21202929131687, 345.193494874984, 345.193494874984, 345.167435541749, 345.167435541749, 345.1304472927004, 345.1304472927004, 345.0953509584069, 345.0953509584069, 345.0682527087629, 345.0682527087629, 345.0070430431515, 345.0070430431515, 344.95265287719667, 344.95265287719667, 344.893790833652, 344.893790833652, 344.7914997097105, 344.7914997097105, 344.66378191672266, 344.66378191672266, 344.54688779078424, 344.54688779078424, 344.46777466498315, 344.46777466498315, 344.41746041737497, 344.41746041737497, 344.36722378991544, 344.36722378991544, 344.3218471650034, 344.3218471650034, 344.26014587283134], "a_moves_left": [39, 39, 38, 38, 37, 37, 36, 36, 35, 35, 34, 34, 33, 33, 32, 32, 31, 31, 30, 30, 29, 29, 28, 28, 27, 27, 26, 26, 25, 25, 24, 24, 23, 23, 22, 22, 21, 21, 20, 20, 19, 19, 18, 18, 17, 17, 16, 16, 15, 15, 14, 14, 13, 13, 12, 12, 11, 11, 10, 10, 9, 9, 8, 8, 7, 7, 6, 6, 5, 5, 4, 4, 3, 3, 2, 2, 1, 1, 0, 0], "b_moves_left": [40, 39, 39, 38, 38, 37, 37, 36, 36, 35, 35, 34, 34, 33, 33, 32, 32, 31, 31, 30, 30, 29, 29, 28, 28, 27, 27, 26, 26, 25, 25, 24, 24, 23, 23, 22, 22, 21, 21, 20, 20, 19, 19, 18, 18, 17, 17, 16, 16, 15, 15, 14, 14, 13, 13, 12, 12, 11, 11, 10, 10, 9, 9, 8, 8, 7, 7, 6, 6, 5, 5, 4, 4, 3, 3, 2, 2, 1, 1, 0], "trapdoor_triggered": [0, 0, 0, 0, 0, 0, 0, 0, 0, 0, 0, 0, 0, 0, 0, 0, 0, 0, 0, 0, 0, 0, 0, 1, 0, 0, 0, 0, 0, 0, 0, 0, 0, 0, 0, 0, 0, 0, 0, 0, 0, 0, 0, 0, 0, 0, 0, 0, 0, 0, 0, 0, 0, 0, 0, 0, 0, 0, 0, 0, 0, 0, 0, 0, 0, 0, 0, 0, 0, 0, 0, 0, 0, 0, 0, 0, 0, 0, 0, 0], "left_behind": ["egg", "egg", "plain", "plain", "egg", "egg", "plain", "turd", "egg", "egg", "plain", "turd", "egg", "egg", "plain", "turd", "egg", "egg", "turd", "plain", "egg", "egg", "plain", "turd", "egg", "plain", "plain", "plain", "egg", "egg", "plain", "plain", "egg", "egg", "plain", "plain", "egg", "egg", "plain", "plain", "egg", "plain", "plain", "plain", "egg", "plain", "plain", "plain", "egg", "plain", "plain", "plain", "egg", "plain", "plain", "plain", "egg", "plain", "plain", "plain", "egg", "egg", "plain", "plain", "egg", "plain", "plain", "plain", "egg", "egg", "plain", "turd", "plain", "plain", "plain", "plain", "egg", "egg", "plain", "plain"], "errlog_a": "", "errlog_b": "", "start_time": 360, "start_moves": 40, "turn_count": 80, "result": 0, "reason": "EGGS_LAID", "trapdoors": [[5, 5], [2, 5]], "spawn_a": [0, 4], "spawn_b": [7, 4]}