{"pos": [[7, 4], [1, 5], [6, 4], [2, 5], [5, 4], [2, 4], [4, 4], [2, 3], [4, 5], [3, 3], [4, 6], [4, 3], [4, 5], [4, 2], [3, 5], [3, 2], [3, 6], [4, 2], [3, 7], [5, 2], [3, 6], [5, 3], [2, 6], [6, 3], [1, 6], [6, 2], [1, 5], [6, 1], [1, 6], [7, 1], [0, 6], [6, 1], [1, 6], [6, 2], [1, 5], [7, 2], [1, 6], [7, 1], [1, 5], [7, 0], [1, 6], [6, 0], [1, 5], [5, 0], [1, 6], [4, 0], [1, 5], [3, 0], [1, 6], [2, 0], [1, 5], [1, 0], [1, 6], [1, 1], [1, 5], [0, 1], [1, 6], [1, 1], [1, 5], [1, 2], [1, 6], [1, 3], [1, 5], [0, 3], [1, 6], [0, 4], [1, 5], [0, 5], [1, 6], [0, 4], [1, 5], [0, 5], [1, 6], [0, 4], [1, 5], [0, 5], [1, 6], [0, 4], [1, 5], [0, 5]], "a_eggs_laid": [1, 1, 1, 1, 2, 2, 2, 2, 3, 3, 3, 3, 4, 4, 4, 4, 5, 5, 5, 5, 6, 6, 6, 6, 7, 7, 7, 7, 8, 8, 8, 8, 9, 9, 9, 9, 9, 9, 9, 9, 9, 9, 9, 9, 9, 9, 9, 9, 9, 9, 9, 9, 9, 9, 9, 9, 9, 9, 9, 9, 9, 9, 9, 9, 9, 9, 9, 9, 9, 9, 9, 9, 9, 9, 9, 9, 9, 9, 9, 9], "b_eggs_laid": [0, 1, 1, 1, 1, 2, 2, 2, 2, 3, 3, 3, 3, 4, 4, 4, 4, 5, 5, 5, 5, 6, 6, 6, 6, 7, 7, 7, 7, 8, 8, 8, 8, 8, 8, 8, 8, 9, 9, 9, 9, 12, 12, 12, 12, 13, 13, 13, 13, 14, 14, 14, 14, 15, 15, 15, 15, 16, 16, 16, 16, 17, 17, 17, 17, 18, 18, 18, 18, 18, 18, 18, 18, 18, 18, 18, 18, 18, 18, 18], "a_turds_left": [5, 5, 5, 5, 5, 5, 5, 5, 5, 5, 5, 5, 5, 5, 4, 4, 4, 4, 4, 4, 4, 4, 4, 4, 4, 4, 4, 4, 4, 4, 4, 4, 4, 4, 4, 4, 4, 4, 4, 4, 4, 4, 4, 4, 4, 4, 4, 4, 4, 4, 4, 4, 4, 4, 4, 4, 4, 4, 4, 4, 4, 4, 4, 4, 4, 4, 4, 4, 4, 4, 4, 4, 4, 4, 4, 4, 4, 4, 4, 4], "b_turds_left": [5, 5, 5, 5, 5, 5, 5, 4, 4, 4, 4, 3, 3, 3, 3, 2, 2, 2, 2, 2, 2, 2, 2, 1, 1, 1, 1, 1, 1, 1, 1, 1, 1, 1, 1, 1, 1, 1, 1, 1, 1, 1, 1, 1, 1, 1, 1, 1, 1, 1, 1, 1, 1, 1, 1, 1, 1, 1, 1, 1, 1, 1, 1, 1, 1, 1, 1, 1, 1, 1, 1, 1, 1, 1, 1, 1, 1, 1, 1, 1], "a_time_left": [357.56755050085485, 357.56755050085485, 352.362480500713, 352.362480500713, 344.5659241694957, 344.5659241694957, 320.1580694615841, 320.1580694615841, 313.44031858816743, 313.44031858816743, 307.0415740069002, 307.0415740069002, 305.13796975649893, 305.13796975649893, 302.4453800097108, 302.4453800097108, 301.2976853437722, 301.2976853437722, 300.27173467725515, 300.27173467725515, 299.70433592796326, 299.70433592796326, 298.8539926353842, 298.8539926353842, 298.6886600125581, 298.6886600125581, 298.3208925537765, 298.3208925537765, 298.1346553452313, 298.1346553452313, 297.99424822069705, 297.99424822069705, 297.75269013643265, 297.75269013643265, 297.38065259344876, 297.38065259344876, 297.28464280068874, 297.28464280068874, 297.1259808000177, 297.1259808000177, 297.0249857995659, 297.0249857995659, 296.58180625736713, 296.58180625736713, 296.405399216339, 296.405399216339, 295.9898772574961, 295.9898772574961, 295.7874426729977, 295.7874426729977, 295.2199662141502, 295.2199662141502, 295.0366936326027, 295.0366936326027, 294.2931542135775, 294.2931542135775, 294.1669505890459, 294.1669505890459, 293.7001588381827, 293.7001588381827, 293.4998488780111, 293.4998488780111, 293.0440815873444, 293.0440815873444, 292.9426884613931, 292.9426884613931, 292.74769416823983, 292.74769416823983, 292.71479758434, 292.71479758434, 292.52000058442354, 292.52000058442354, 292.4873170852661, 292.4873170852661, 292.29191237688065, 292.29191237688065, 292.2590520437807, 292.2590520437807, 292.06408850103617, 292.06408850103617], "b_time_left": [360, 359.7756460830569, 359.7756460830569, 358.62459658272564, 358.62459658272564, 353.99176766723394, 353.99176766723394, 352.15738758444786, 352.15738758444786, 349.3231351673603, 349.3231351673603, 347.7345205824822, 347.7345205824822, 345.64221695810556, 345.64221695810556, 344.58354541659355, 344.58354541659355, 343.7293689157814, 343.7293689157814, 343.42421749792993, 343.42421749792993, 342.921114789322, 342.921114789322, 342.6990577057004, 342.6990577057004, 342.46549624949694, 342.46549624949694, 342.22036325000226, 342.22036325000226, 341.7816031668335, 341.7816031668335, 341.71280004270375, 341.71280004270375, 341.50819704309106, 341.50819704309106, 341.3488844987005, 341.3488844987005, 341.16555378958583, 341.16555378958583, 341.04294774867594, 341.04294774867594, 340.96516220644116, 340.96516220644116, 340.86825520545244, 340.86825520545244, 340.67463662289083, 340.67463662289083, 340.5742324143648, 340.5742324143648, 340.43879666365683, 340.43879666365683, 340.29147828929126, 340.29147828929126, 340.1090871244669, 340.1090871244669, 339.93740604259074, 339.93740604259074, 339.8074885420501, 339.8074885420501, 339.6375171225518, 339.6375171225518, 339.3123107906431, 339.3123107906431, 339.20088770613074, 339.20088770613074, 339.05290645733476, 339.05290645733476, 338.99194641783834, 338.99194641783834, 338.93127229064703, 338.93127229064703, 338.87022425048053, 338.87022425048053, 338.8094569183886, 338.8094569183886, 338.7487823367119, 338.7487823367119, 338.6880819629878, 338.6880819629878, 338.6272374223918], "a_moves_left": [39, 39, 38, 38, 37, 37, 36, 36, 35, 35, 34, 34, 33, 33, 32, 32, 31, 31, 30, 30, 29, 29, 28, 28, 27, 27, 26, 26, 25, 25, 24, 24, 23, 23, 22, 22, 21, 21, 20, 20, 19, 19, 18, 18, 17, 17, 16, 16, 15, 15, 14, 14, 13, 13, 12, 12, 11, 11, 10, 10, 9, 9, 8, 8, 7, 7, 6, 6, 5, 5, 4, 4, 3, 3, 2, 2, 1, 1, 0, 0], "b_moves_left": [40, 39, 39, 38, 38, 37, 37, 36, 36, 35, 35, 34, 34, 33, 33, 32, 32, 31, 31, 30, 30, 29, 29, 28, 28, 27, 27, 26, 26, 25, 25, 24, 24, 23, 23, 22, 22, 21, 21, 20, 20, 19, 19, 18, 18, 17, 17, 16, 16, 15, 15, 14, 14, 13, 13, 12, 12, 11, 11, 10, 10, 9, 9, 8, 8, 7, 7, 6, 6, 5, 5, 4, 4, 3, 3, 2, 2, 1, 1, 0], "trapdoor_triggered": [0, 0, 0, 0, 0, 0, 0, 0, 0, 0, 0, 0, 0, 0, 0, 0, 0, 0, 0, 0, 0, 0, 0, 0, 0, 0, 0, 0, 0, 0, 0, 0, 0, 0, 0, 0, 0, 0, 0, 0, 0, 0, 0, 0, 0, 0, 0, 0, 0, 0, 0, 0, 0, 0, 0, 0, 0, 0, 0, 0, 0, 0, 0, 0, 0, 0, 0, 0, 0, 0, 0, 0, 0, 0, 0, 0, 0, 0, 0, 0], "left_behind": ["egg", "egg", "plain", "plain", "egg", "egg", "plain", "turd", "egg", "egg", "plain", "turd", "egg", "egg", "turd", "turd", "egg", "egg", "plain", "plain", "egg", "egg", "plain", "turd", "egg", "egg", "plain", "plain", "egg", "egg", "plain", "plain", "egg", "plain", "plain", "plain", "plain", "egg", "plain", "plain", "plain", "egg", "plain", "plain", "plain", "egg", "plain", "plain", "plain", "egg", "plain", "plain", "plain", "egg", "plain", "plain", "plain", "egg", "plain", "plain", "plain", "egg", "plain", "plain", "plain", "egg", "plain", "plain", "plain", "plain", "plain", "plain", "plain", "plain", "plain", "plain", "plain", "plain", "plain", "plain"], "errlog_a": "", "errlog_b": "", "start_time": 360, "start_moves": 40, "turn_count": 80, "result": 1, "reason": "EGGS_LAID", "trapdoors": [[5, 5], [3, 4]], "spawn_a": [7, 5], "spawn_b": [0, 5]}