{"pos": [[7, 4], [1, 5], [6, 4], [2, 5], [5, 4], [2, 4], [4, 4], [2, 3], [7, 6], [3, 3], [6, 6], [4, 3], [5, 6], [5, 3], [5, 5], [5, 4], [5, 6], [5, 3], [5, 7], [5, 2], [5, 6], [4, 2], [4, 6], [3, 2], [3, 6], [3, 3], [3, 5], [3, 4], [3, 6], [2, 4], [3, 7], [2, 5], [2, 7], [2, 6], [3, 7], [1, 6], [2, 7], [1, 7], [2, 6], [0, 7], [2, 7], [1, 7], [2, 6], [0, 7], [3, 6], [1, 7], [4, 6], [2, 7], [5, 6], [1, 7], [6, 6], [1, 6], [7, 6], [1, 5], [7, 5], [1, 4], [7, 4], [1, 3], [7, 3], [0, 3], [7, 2], [1, 3], [7, 1], [2, 3], [7, 0], [3, 3], [6, 0], [3, 2], [6, 1], [3, 1], [5, 1], [2, 1], [5, 0], [2, 0], [6, 0], [3, 0], [6, 1], [2, 0], [7, 1], [1, 0]], "a_eggs_laid": [1, 1, 1, 1, 2, 2, 2, 2, 2, 2, 2, 2, 3, 3, 3, 3, 4, 4, 4, 4, 5, 5, 5, 5, 6, 6, 6, 6, 7, 7, 7, 7, 8, 8, 8, 8, 8, 8, 8, 8, 9, 9, 9, 9, 9, 9, 9, 9, 9, 9, 9, 9, 9, 9, 9, 9, 9, 9, 9, 9, 10, 10, 10, 10, 11, 11, 11, 11, 12, 12, 12, 12, 13, 13, 13, 13, 13, 13, 13, 13], "b_eggs_laid": [0, 1, 1, 1, 1, 2, 2, 6, 6, 7, 7, 7, 7, 8, 8, 8, 8, 9, 9, 9, 9, 10, 10, 10, 10, 11, 11, 11, 11, 12, 12, 12, 12, 12, 12, 12, 12, 13, 13, 13, 13, 16, 16, 16, 16, 16, 16, 16, 16, 17, 17, 17, 17, 17, 17, 17, 17, 18, 18, 18, 18, 19, 19, 19, 19, 19, 19, 19, 19, 19, 19, 19, 19, 20, 20, 20, 20, 21, 21, 21], "a_turds_left": [5, 5, 5, 5, 5, 5, 5, 5, 5, 5, 5, 5, 5, 5, 5, 5, 5, 5, 5, 5, 5, 5, 5, 5, 5, 5, 5, 5, 5, 5, 5, 5, 5, 5, 5, 5, 5, 5, 5, 5, 5, 5, 5, 5, 5, 5, 5, 5, 5, 5, 5, 5, 5, 5, 5, 5, 5, 5, 5, 5, 5, 5, 5, 5, 5, 5, 5, 5, 5, 5, 5, 5, 5, 5, 5, 5, 5, 5, 5, 5], "b_turds_left": [5, 5, 5, 5, 5, 5, 5, 4, 4, 4, 4, 3, 3, 3, 3, 2, 2, 2, 2, 2, 2, 2, 2, 1, 1, 1, 1, 1, 1, 1, 1, 1, 1, 1, 1, 1, 1, 1, 1, 1, 1, 1, 1, 1, 1, 1, 1, 1, 1, 1, 1, 1, 1, 1, 1, 1, 1, 1, 1, 1, 1, 1, 1, 1, 1, 1, 1, 1, 1, 1, 1, 1, 1, 1, 1, 1, 1, 1, 1, 1], "a_time_left": [357.51077275164425, 357.51077275164425, 352.30700716748834, 352.30700716748834, 344.4780541677028, 344.4780541677028, 320.554881375283, 320.554881375283, 316.52875183336437, 316.52875183336437, 312.26525524817407, 312.26525524817407, 308.4772949144244, 308.4772949144244, 305.0959539152682, 305.0959539152682, 304.901483040303, 304.901483040303, 303.30616987496614, 303.30616987496614, 302.5563259590417, 302.5563259590417, 300.6577545031905, 300.6577545031905, 300.04496937803924, 300.04496937803924, 299.72808554396033, 299.72808554396033, 299.5538229998201, 299.5538229998201, 298.88114004023373, 298.88114004023373, 298.6928036659956, 298.6928036659956, 298.5734716653824, 298.5734716653824, 298.35051312483847, 298.35051312483847, 298.28877149894834, 298.28877149894834, 298.18951703980565, 298.18951703980565, 298.14389666356146, 298.14389666356146, 298.0726625379175, 298.0726625379175, 297.9137919936329, 297.9137919936329, 297.8403828665614, 297.8403828665614, 297.67692582681775, 297.67692582681775, 297.49247111938894, 297.49247111938894, 297.36503541097045, 297.36503541097045, 297.21731916069984, 297.21731916069984, 297.0808006618172, 297.0808006618172, 296.9958471618593, 296.9958471618593, 296.80272707901895, 296.80272707901895, 296.5694287456572, 296.5694287456572, 296.33693741448224, 296.33693741448224, 295.9632274545729, 295.9632274545729, 295.3287853281945, 295.3287853281945, 294.99192707799375, 294.99192707799375, 294.83856082707644, 294.83856082707644, 294.65104632638395, 294.65104632638395, 294.20742286741734, 294.20742286741734], "b_time_left": [360, 359.8218547925353, 359.8218547925353, 358.67423679307103, 358.67423679307103, 354.9898258782923, 354.9898258782923, 353.6105502527207, 353.6105502527207, 351.92009387910366, 351.92009387910366, 350.1181557960808, 350.1181557960808, 348.0058659221977, 348.0058659221977, 347.3278890904039, 347.3278890904039, 346.79121579788625, 346.79121579788625, 346.3282734658569, 346.3282734658569, 345.3517822995782, 345.3517822995782, 344.9806990083307, 344.9806990083307, 344.4228805936873, 344.4228805936873, 344.34872193075716, 344.34872193075716, 344.15413268096745, 344.15413268096745, 344.0730114299804, 344.0730114299804, 344.0143971387297, 344.0143971387297, 343.9244685135782, 343.9244685135782, 343.8613348044455, 343.8613348044455, 343.8352614697069, 343.8352614697069, 343.81077446974814, 343.81077446974814, 343.7849728036672, 343.7849728036672, 343.73454472236335, 343.73454472236335, 343.67850655689836, 343.67850655689836, 343.64624314010143, 343.64624314010143, 343.53101526387036, 343.53101526387036, 343.3181563485414, 343.3181563485414, 343.1897773910314, 343.1897773910314, 343.02976793423295, 343.02976793423295, 342.8551104757935, 342.8551104757935, 342.7330782674253, 342.7330782674253, 342.47772664017975, 342.47772664017975, 342.2632931396365, 342.2632931396365, 342.10549088940024, 342.10549088940024, 341.92691980674863, 341.92691980674863, 341.8050740156323, 341.8050740156323, 341.5266143064946, 341.5266143064946, 341.35724501498044, 341.35724501498044, 341.2825851421803, 341.2825851421803, 341.13294268399477], "a_moves_left": [39, 39, 38, 38, 37, 37, 36, 36, 35, 35, 34, 34, 33, 33, 32, 32, 31, 31, 30, 30, 29, 29, 28, 28, 27, 27, 26, 26, 25, 25, 24, 24, 23, 23, 22, 22, 21, 21, 20, 20, 19, 19, 18, 18, 17, 17, 16, 16, 15, 15, 14, 14, 13, 13, 12, 12, 11, 11, 10, 10, 9, 9, 8, 8, 7, 7, 6, 6, 5, 5, 4, 4, 3, 3, 2, 2, 1, 1, 0, 0], "b_moves_left": [40, 39, 39, 38, 38, 37, 37, 36, 36, 35, 35, 34, 34, 33, 33, 32, 32, 31, 31, 30, 30, 29, 29, 28, 28, 27, 27, 26, 26, 25, 25, 24, 24, 23, 23, 22, 22, 21, 21, 20, 20, 19, 19, 18, 18, 17, 17, 16, 16, 15, 15, 14, 14, 13, 13, 12, 12, 11, 11, 10, 10, 9, 9, 8, 8, 7, 7, 6, 6, 5, 5, 4, 4, 3, 3, 2, 2, 1, 1, 0], "trapdoor_triggered": [0, 0, 0, 0, 0, 0, 1, 0, 0, 0, 0, 0, 0, 0, 0, 0, 0, 0, 0, 0, 0, 0, 0, 0, 0, 0, 0, 0, 0, 0, 0, 0, 0, 0, 0, 0, 0, 0, 0, 0, 0, 0, 0, 0, 0, 0, 0, 0, 0, 0, 0, 0, 0, 0, 0, 0, 0, 0, 0, 0, 0, 0, 0, 0, 0, 0, 0, 0, 0, 0, 0, 0, 0, 0, 0, 0, 0, 0, 0, 0], "left_behind": ["egg", "egg", "plain", "plain", "egg", "egg", "plain", "turd", "plain", "egg", "plain", "turd", "egg", "egg", "plain", "turd", "egg", "egg", "plain", "plain", "egg", "egg", "plain", "turd", "egg", "egg", "plain", "plain", "egg", "egg", "plain", "plain", "egg", "plain", "plain", "plain", "plain", "egg", "plain", "plain", "egg", "egg", "plain", "plain", "plain", "plain", "plain", "plain", "plain", "egg", "plain", "plain", "plain", "plain", "plain", "plain", "plain", "egg", "plain", "plain", "egg", "egg", "plain", "plain", "egg", "plain", "plain", "plain", "egg", "plain", "plain", "plain", "egg", "egg", "plain", "plain", "plain", "egg", "plain", "plain"], "errlog_a": "", "errlog_b": "", "start_time": 360, "start_moves": 40, "turn_count": 80, "result": 1, "reason": "EGGS_LAID", "trapdoors": [[4, 4], [4, 5]], "spawn_a": [7, 5], "spawn_b": [0, 5]}