{"pos": [[3, 6], [3, 1], [3, 5], [3, 2], [3, 4], [3, 3], [4, 4], [2, 0], [5, 4], [1, 0], [6, 4], [1, 1], [6, 5], [1, 2], [7, 5], [2, 2], [7, 4], [3, 2], [7, 3], [4, 2], [7, 4], [5, 2], [7, 5], [5, 1], [7, 6], [6, 1], [7, 7], [5, 1], [7, 6], [4, 1], [6, 6], [3, 1], [5, 6], [2, 1], [4, 6], [2, 2], [3, 6], [2, 3], [2, 6], [1, 3], [2, 5], [1, 4], [1, 5], [1, 3], [1, 6], [0, 3], [1, 7], [0, 4], [1, 6], [0, 5], [2, 6], [0, 4], [1, 6], [0, 3], [1, 5], [0, 2], [2, 5], [0, 3], [2, 4], [0, 2], [3, 4], [0, 1], [4, 4], [0, 0], [5, 4], [0, 1], [5, 5], [0, 2], [5, 6], [0, 3], [5, 5], [0, 2], [5, 6], [0, 3], [5, 5], [0, 2], [5, 6], [0, 3], [5, 5], [0, 2]], "a_eggs_laid": [1, 1, 1, 1, 2, 2, 6, 6, 7, 7, 7, 7, 8, 8, 8, 8, 9, 9, 9, 9, 10, 10, 10, 10, 10, 10, 10, 10, 13, 13, 13, 13, 14, 14, 14, 14, 15, 15, 15, 15, 16, 16, 16, 16, 17, 17, 17, 17, 18, 18, 18, 18, 18, 18, 18, 18, 18, 18, 18, 18, 19, 19, 19, 19, 19, 19, 19, 19, 20, 20, 20, 20, 20, 20, 20, 20, 20, 20, 20, 20], "b_eggs_laid": [0, 1, 1, 1, 1, 2, 2, 2, 2, 2, 2, 3, 3, 3, 3, 4, 4, 4, 4, 4, 4, 4, 4, 4, 4, 4, 4, 5, 5, 5, 5, 6, 6, 6, 6, 7, 7, 7, 7, 8, 8, 8, 8, 9, 9, 9, 9, 10, 10, 10, 10, 11, 11, 11, 11, 11, 11, 11, 11, 11, 11, 11, 11, 12, 12, 12, 12, 12, 12, 12, 12, 12, 12, 12, 12, 12, 12, 12, 12, 12], "a_turds_left": [5, 5, 5, 5, 5, 5, 4, 4, 4, 4, 4, 4, 4, 4, 4, 4, 4, 4, 4, 4, 4, 4, 4, 4, 4, 4, 4, 4, 4, 4, 4, 4, 4, 4, 4, 4, 4, 4, 4, 4, 4, 4, 4, 4, 4, 4, 4, 4, 4, 4, 4, 4, 4, 4, 4, 4, 4, 4, 4, 4, 4, 4, 4, 4, 4, 4, 4, 4, 4, 4, 4, 4, 4, 4, 4, 4, 4, 4, 4, 4], "b_turds_left": [5, 5, 5, 5, 5, 5, 5, 5, 5, 5, 5, 5, 5, 5, 5, 5, 5, 4, 4, 4, 4, 4, 4, 3, 3, 3, 3, 3, 3, 3, 3, 3, 3, 3, 3, 3, 3, 3, 3, 3, 3, 3, 3, 3, 3, 3, 3, 3, 3, 3, 3, 3, 3, 3, 3, 3, 3, 3, 3, 3, 3, 3, 3, 3, 3, 3, 3, 3, 3, 3, 3, 3, 3, 3, 3, 3, 3, 3, 3, 3], "a_time_left": [359.5160518735647, 359.5160518735647, 357.304528998211, 357.304528998211, 354.4307771641761, 354.4307771641761, 352.187163580209, 352.187163580209, 350.64752820692956, 350.64752820692956, 348.9713749550283, 348.9713749550283, 346.83705349452794, 346.83705349452794, 343.3738280367106, 343.3738280367106, 341.6364307049662, 341.6364307049662, 340.6053822040558, 340.6053822040558, 338.455339288339, 338.455339288339, 335.33224753662944, 335.33224753662944, 333.83381445519626, 333.83381445519626, 332.8481514137238, 332.8481514137238, 331.994604581967, 331.994604581967, 330.6593844573945, 330.6593844573945, 328.343455709517, 328.343455709517, 327.1926105860621, 327.1926105860621, 326.4508921690285, 326.4508921690285, 325.38708233460784, 325.38708233460784, 323.9757987521589, 323.9757987521589, 323.1943254619837, 323.1943254619837, 322.60502758808434, 322.60502758808434, 322.37082954496145, 322.37082954496145, 322.2511755861342, 322.2511755861342, 322.1079024206847, 322.1079024206847, 321.9216649197042, 321.9216649197042, 321.7552004624158, 321.7552004624158, 321.6719157136977, 321.6719157136977, 321.45679596066475, 321.45679596066475, 321.3810139596462, 321.3810139596462, 321.3120567500591, 321.3120567500591, 321.13334158435464, 321.13334158435464, 320.90656187571585, 320.90656187571585, 320.5152905844152, 320.5152905844152, 320.05030304193497, 320.05030304193497, 319.7495690435171, 319.7495690435171, 319.31802700459957, 319.31802700459957, 319.0197421312332, 319.0197421312332, 318.5872242152691, 318.5872242152691], "b_time_left": [360, 358.95861566625535, 358.95861566625535, 356.2539327517152, 356.2539327517152, 352.9333206694573, 352.9333206694573, 351.5115276686847, 351.5115276686847, 349.0892901290208, 349.0892901290208, 348.2208848781884, 348.2208848781884, 346.66012316942215, 346.66012316942215, 345.3169122952968, 345.3169122952968, 344.07021975517273, 344.07021975517273, 342.85310508683324, 342.85310508683324, 340.558936920017, 340.558936920017, 338.33408158645034, 338.33408158645034, 337.0071343779564, 337.0071343779564, 336.4017219617963, 336.4017219617963, 334.9008521270007, 334.9008521270007, 333.33934679441154, 333.33934679441154, 331.8905262090266, 331.8905262090266, 331.2803200017661, 331.2803200017661, 330.2487739175558, 330.2487739175558, 329.3423263784498, 329.3423263784498, 328.22017800435424, 328.22017800435424, 327.9138461705297, 327.9138461705297, 327.21745733730495, 327.21745733730495, 327.0995285883546, 327.0995285883546, 326.9764624647796, 326.9764624647796, 326.8768252171576, 326.8768252171576, 326.73454892635345, 326.73454892635345, 326.649059176445, 326.649059176445, 326.52999009378254, 326.52999009378254, 326.4397163465619, 326.4397163465619, 326.32673847302794, 326.32673847302794, 326.08934617973864, 326.08934617973864, 325.8910131379962, 325.8910131379962, 325.5575227625668, 325.5575227625668, 325.3615550529212, 325.3615550529212, 325.0818772614002, 325.0818772614002, 324.88456617854536, 324.88456617854536, 324.6064885929227, 324.6064885929227, 324.40951938554645, 324.40951938554645, 324.1315099261701], "a_moves_left": [39, 39, 38, 38, 37, 37, 36, 36, 35, 35, 34, 34, 33, 33, 32, 32, 31, 31, 30, 30, 29, 29, 28, 28, 27, 27, 26, 26, 25, 25, 24, 24, 23, 23, 22, 22, 21, 21, 20, 20, 19, 19, 18, 18, 17, 17, 16, 16, 15, 15, 14, 14, 13, 13, 12, 12, 11, 11, 10, 10, 9, 9, 8, 8, 7, 7, 6, 6, 5, 5, 4, 4, 3, 3, 2, 2, 1, 1, 0, 0], "b_moves_left": [40, 39, 39, 38, 38, 37, 37, 36, 36, 35, 35, 34, 34, 33, 33, 32, 32, 31, 31, 30, 30, 29, 29, 28, 28, 27, 27, 26, 26, 25, 25, 24, 24, 23, 23, 22, 22, 21, 21, 20, 20, 19, 19, 18, 18, 17, 17, 16, 16, 15, 15, 14, 14, 13, 13, 12, 12, 11, 11, 10, 10, 9, 9, 8, 8, 7, 7, 6, 6, 5, 5, 4, 4, 3, 3, 2, 2, 1, 1, 0], "trapdoor_triggered": [0, 0, 0, 0, 0, 1, 0, 0, 0, 0, 0, 0, 0, 0, 0, 0, 0, 0, 0, 0, 0, 0, 0, 0, 0, 0, 0, 0, 0, 0, 0, 0, 0, 0, 0, 0, 0, 0, 0, 0, 0, 0, 0, 0, 0, 0, 0, 0, 0, 0, 0, 0, 0, 0, 0, 0, 0, 0, 0, 0, 0, 0, 0, 0, 0, 0, 0, 0, 0, 0, 0, 0, 0, 0, 0, 0, 0, 0, 0, 0], "left_behind": ["egg", "egg", "plain", "plain", "egg", "egg", "turd", "plain", "egg", "plain", "plain", "egg", "egg", "plain", "plain", "egg", "egg", "turd", "plain", "plain", "egg", "plain", "plain", "turd", "plain", "plain", "plain", "egg", "egg", "plain", "plain", "egg", "egg", "plain", "plain", "egg", "egg", "plain", "plain", "egg", "egg", "plain", "plain", "egg", "egg", "plain", "plain", "egg", "egg", "plain", "plain", "egg", "plain", "plain", "plain", "plain", "plain", "plain", "plain", "plain", "egg", "plain", "plain", "egg", "plain", "plain", "plain", "plain", "egg", "plain", "plain", "plain", "plain", "plain", "plain", "plain", "plain", "plain", "plain", "plain"], "errlog_a": "", "errlog_b": "", "start_time": 360, "start_moves": 40, "turn_count": 80, "result": 0, "reason": "EGGS_LAID", "trapdoors": [[3, 3], [4, 3]], "spawn_a": [3, 7], "spawn_b": [3, 0]}