{"pos": [[0, 3], [6, 2], [1, 3], [5, 2], [2, 3], [5, 3], [2, 4], [5, 4], [2, 5], [4, 4], [1, 5], [3, 4], [0, 5], [4, 4], [0, 6], [4, 3], [0, 7], [4, 4], [1, 7], [4, 5], [2, 7], [5, 5], [2, 6], [6, 5], [3, 6], [6, 4], [3, 5], [6, 3], [3, 6], [6, 2], [4, 6], [6, 1], [3, 6], [5, 1], [3, 7], [4, 1], [4, 7], [3, 1], [5, 7], [2, 1], [6, 7], [1, 1], [6, 6], [0, 1], [7, 6], [1, 1], [7, 5], [1, 2], [7, 4], [1, 1], [7, 3], [1, 0], [7, 4], [2, 0], [7, 3], [3, 0], [7, 4], [4, 0], [7, 3], [5, 0], [7, 4], [6, 0], [7, 3], [7, 0], [7, 4], [7, 1], [7, 3], [7, 2], [7, 4], [7, 1], [7, 3], [7, 2], [7, 4], [7, 1], [7, 3], [7, 2], [7, 4], [7, 1], [7, 3], [7, 2]], "a_eggs_laid": [1, 1, 1, 1, 2, 2, 2, 2, 3, 3, 3, 3, 4, 4, 4, 4, 5, 5, 5, 5, 6, 6, 6, 6, 7, 7, 7, 7, 8, 8, 8, 8, 9, 9, 9, 9, 10, 10, 10, 10, 11, 11, 11, 11, 12, 12, 12, 12, 13, 13, 13, 13, 14, 14, 14, 14, 14, 14, 14, 14, 14, 14, 14, 14, 14, 14, 14, 14, 14, 14, 14, 14, 14, 14, 14, 14, 14, 14, 14, 14], "b_eggs_laid": [0, 1, 1, 1, 1, 2, 2, 2, 2, 3, 3, 3, 3, 4, 4, 4, 4, 5, 5, 5, 5, 6, 6, 6, 6, 7, 7, 7, 7, 8, 8, 8, 8, 9, 9, 9, 9, 10, 10, 10, 10, 11, 11, 11, 11, 12, 12, 12, 12, 13, 13, 13, 13, 14, 14, 14, 14, 15, 15, 15, 15, 16, 16, 16, 16, 19, 19, 19, 19, 19, 19, 19, 19, 19, 19, 19, 19, 19, 19, 19], "a_turds_left": [5, 5, 5, 5, 5, 5, 4, 4, 4, 4, 3, 3, 3, 3, 3, 3, 3, 3, 3, 3, 3, 3, 3, 3, 3, 3, 3, 3, 3, 3, 3, 3, 3, 3, 3, 3, 3, 3, 3, 3, 3, 3, 3, 3, 3, 3, 3, 3, 3, 3, 3, 3, 3, 3, 3, 3, 3, 3, 3, 3, 3, 3, 3, 3, 3, 3, 3, 3, 3, 3, 3, 3, 3, 3, 3, 3, 3, 3, 3, 3], "b_turds_left": [5, 5, 5, 5, 5, 5, 5, 4, 4, 4, 4, 3, 3, 3, 3, 3, 3, 3, 3, 3, 3, 3, 3, 2, 2, 2, 2, 2, 2, 2, 2, 2, 2, 2, 2, 2, 2, 2, 2, 2, 2, 2, 2, 2, 2, 2, 2, 2, 2, 2, 2, 2, 2, 2, 2, 2, 2, 2, 2, 2, 2, 2, 2, 2, 2, 2, 2, 2, 2, 2, 2, 2, 2, 2, 2, 2, 2, 2, 2, 2], "a_time_left": [357.6660646647215, 357.6660646647215, 352.52374991215765, 352.52374991215765, 341.80003274418414, 341.80003274418414, 326.1941785775125, 326.1941785775125, 315.7401034515351, 315.7401034515351, 306.01992470026016, 306.01992470026016, 305.605736784637, 305.605736784637, 305.15671399235725, 305.15671399235725, 304.57379661500454, 304.57379661500454, 304.10030936449766, 304.10030936449766, 303.4421015307307, 303.4421015307307, 302.8102437797934, 302.8102437797934, 301.8853387385607, 301.8853387385607, 301.31807869672775, 301.31807869672775, 300.8982271142304, 300.8982271142304, 300.25780353322625, 300.25780353322625, 299.9189674090594, 299.9189674090594, 299.3208158686757, 299.3208158686757, 299.08535678498447, 299.08535678498447, 298.8714812025428, 298.8714812025428, 298.81517061777413, 298.81517061777413, 298.76895707659423, 298.76895707659423, 298.7205144520849, 298.7205144520849, 298.68292924389243, 298.68292924389243, 298.6523121204227, 298.6523121204227, 298.59255407750607, 298.59255407750607, 298.5571483671665, 298.5571483671665, 298.510819202289, 298.510819202289, 298.4738145787269, 298.4738145787269, 298.42522416077554, 298.42522416077554, 298.38398703560233, 298.38398703560233, 298.35042278654873, 298.35042278654873, 298.3350161202252, 298.3350161202252, 298.27710216119885, 298.27710216119885, 298.2484772838652, 298.2484772838652, 298.2001839093864, 298.2001839093864, 298.1712601594627, 298.1712601594627, 298.1227723285556, 298.1227723285556, 298.094170037657, 298.094170037657, 298.045486330986, 298.045486330986], "b_time_left": [360, 359.8241941258311, 359.8241941258311, 358.6989851668477, 358.6989851668477, 354.4528583753854, 354.4528583753854, 349.8042549584061, 349.8042549584061, 346.41779345832765, 346.41779345832765, 345.394811918959, 345.394811918959, 344.79701183736324, 344.79701183736324, 344.2059937529266, 344.2059937529266, 343.67500662989914, 343.67500662989914, 342.96934513002634, 342.96934513002634, 342.63898404687643, 342.63898404687643, 342.0565503388643, 342.0565503388643, 341.8240489233285, 341.8240489233285, 341.59763884171844, 341.59763884171844, 341.25655588135123, 341.25655588135123, 340.9816437140107, 340.9816437140107, 340.45908062905073, 340.45908062905073, 340.1143065877259, 340.1143065877259, 339.9454040452838, 339.9454040452838, 339.85598383657634, 339.85598383657634, 339.7974810041487, 339.7974810041487, 339.7290222123265, 339.7290222123265, 339.6777302119881, 339.6777302119881, 339.60414092056453, 339.60414092056453, 339.5452630892396, 339.5452630892396, 339.4369826707989, 339.4369826707989, 339.3108425475657, 339.3108425475657, 339.1945795882493, 339.1945795882493, 339.10680779628456, 339.10680779628456, 339.0181130040437, 339.0181130040437, 338.8962358813733, 338.8962358813733, 338.8089924249798, 338.8089924249798, 338.72601430118084, 338.72601430118084, 338.6183124668896, 338.6183124668896, 338.53098154999316, 338.53098154999316, 338.42313625849783, 338.42313625849783, 338.33500809036195, 338.33500809036195, 338.22741504758596, 338.22741504758596, 338.140199046582, 338.140199046582, 338.0325193386525], "a_moves_left": [39, 39, 38, 38, 37, 37, 36, 36, 35, 35, 34, 34, 33, 33, 32, 32, 31, 31, 30, 30, 29, 29, 28, 28, 27, 27, 26, 26, 25, 25, 24, 24, 23, 23, 22, 22, 21, 21, 20, 20, 19, 19, 18, 18, 17, 17, 16, 16, 15, 15, 14, 14, 13, 13, 12, 12, 11, 11, 10, 10, 9, 9, 8, 8, 7, 7, 6, 6, 5, 5, 4, 4, 3, 3, 2, 2, 1, 1, 0, 0], "b_moves_left": [40, 39, 39, 38, 38, 37, 37, 36, 36, 35, 35, 34, 34, 33, 33, 32, 32, 31, 31, 30, 30, 29, 29, 28, 28, 27, 27, 26, 26, 25, 25, 24, 24, 23, 23, 22, 22, 21, 21, 20, 20, 19, 19, 18, 18, 17, 17, 16, 16, 15, 15, 14, 14, 13, 13, 12, 12, 11, 11, 10, 10, 9, 9, 8, 8, 7, 7, 6, 6, 5, 5, 4, 4, 3, 3, 2, 2, 1, 1, 0], "trapdoor_triggered": [0, 0, 0, 0, 0, 0, 0, 0, 0, 0, 0, 0, 0, 0, 0, 0, 0, 0, 0, 0, 0, 0, 0, 0, 0, 0, 0, 0, 0, 0, 0, 0, 0, 0, 0, 0, 0, 0, 0, 0, 0, 0, 0, 0, 0, 0, 0, 0, 0, 0, 0, 0, 0, 0, 0, 0, 0, 0, 0, 0, 0, 0, 0, 0, 0, 0, 0, 0, 0, 0, 0, 0, 0, 0, 0, 0, 0, 0, 0, 0], "left_behind": ["egg", "egg", "plain", "plain", "egg", "egg", "turd", "turd", "egg", "egg", "turd", "turd", "egg", "egg", "plain", "plain", "egg", "egg", "plain", "plain", "egg", "egg", "plain", "turd", "egg", "egg", "plain", "plain", "egg", "egg", "plain", "plain", "egg", "egg", "plain", "plain", "egg", "egg", "plain", "plain", "egg", "egg", "plain", "plain", "egg", "egg", "plain", "plain", "egg", "egg", "plain", "plain", "egg", "egg", "plain", "plain", "plain", "egg", "plain", "plain", "plain", "egg", "plain", "plain", "plain", "egg", "plain", "plain", "plain", "plain", "plain", "plain", "plain", "plain", "plain", "plain", "plain", "plain", "plain", "plain"], "errlog_a": "", "errlog_b": "", "start_time": 360, "start_moves": 40, "turn_count": 80, "result": 1, "reason": "EGGS_LAID", "trapdoors": [[3, 3], [3, 2]], "spawn_a": [0, 2], "spawn_b": [7, 2]}