{"pos": [[2, 1], [2, 6], [2, 2], [3, 6], [2, 3], [2, 6], [2, 4], [1, 6], [3, 4], [0, 6], [2, 4], [0, 7], [3, 4], [0, 6], [2, 4], [1, 6], [3, 4], [0, 6], [3, 3], [0, 5], [3, 2], [0, 4], [2, 2], [0, 3], [2, 1], [0, 2], [3, 1], [0, 1], [4, 1], [0, 0], [5, 1], [1, 0], [5, 0], [0, 0], [6, 0], [0, 1], [6, 1], [1, 1], [6, 2], [1, 0], [6, 3], [0, 0], [6, 4], [1, 0], [6, 3], [0, 0], [5, 3], [0, 1], [5, 4], [0, 2], [5, 5], [0, 3], [5, 6], [1, 3], [5, 7], [1, 4], [6, 7], [1, 5], [7, 7], [2, 5], [7, 6], [1, 5], [6, 6], [1, 4], [6, 5], [1, 3], [7, 5], [1, 4], [7, 4], [1, 5], [7, 3], [1, 6], [7, 2], [2, 6], [7, 1], [3, 6], [7, 0], [4, 6], [6, 0], [5, 6]], "a_eggs_laid": [1, 1, 1, 1, 1, 1, 1, 1, 2, 2, 2, 2, 2, 2, 2, 2, 2, 2, 2, 2, 3, 3, 3, 3, 3, 3, 3, 3, 4, 4, 4, 4, 5, 5, 5, 5, 6, 6, 6, 6, 7, 7, 7, 7, 8, 8, 8, 8, 9, 9, 9, 9, 10, 10, 10, 10, 11, 11, 11, 11, 14, 14, 14, 14, 15, 15, 15, 15, 16, 16, 16, 16, 17, 17, 17, 17, 18, 18, 18, 18], "b_eggs_laid": [0, 1, 1, 1, 1, 2, 2, 2, 2, 3, 3, 3, 3, 6, 6, 6, 6, 6, 6, 6, 6, 7, 7, 7, 7, 8, 8, 8, 8, 9, 9, 9, 9, 10, 10, 10, 10, 10, 10, 10, 10, 10, 10, 10, 10, 10, 10, 10, 10, 10, 10, 10, 10, 10, 10, 10, 10, 11, 11, 11, 11, 12, 12, 12, 12, 12, 12, 12, 12, 12, 12, 12, 12, 12, 12, 12, 12, 12, 12, 12], "a_turds_left": [5, 5, 5, 5, 4, 4, 4, 4, 4, 4, 3, 3, 3, 3, 3, 3, 3, 3, 3, 3, 3, 3, 3, 3, 3, 3, 3, 3, 3, 3, 3, 3, 3, 3, 3, 3, 3, 3, 3, 3, 3, 3, 3, 3, 3, 3, 3, 3, 3, 3, 3, 3, 3, 3, 3, 3, 3, 3, 3, 3, 3, 3, 3, 3, 3, 3, 3, 3, 3, 3, 3, 3, 3, 3, 3, 3, 3, 3, 3, 3], "b_turds_left": [5, 5, 5, 5, 5, 5, 5, 4, 4, 4, 4, 4, 4, 4, 4, 4, 4, 4, 4, 4, 4, 4, 4, 4, 4, 4, 4, 4, 4, 4, 4, 4, 4, 4, 4, 4, 4, 4, 4, 4, 4, 4, 4, 4, 4, 4, 4, 4, 4, 4, 4, 4, 4, 4, 4, 4, 4, 4, 4, 4, 4, 4, 4, 4, 4, 4, 4, 4, 4, 4, 4, 4, 4, 4, 4, 4, 4, 4, 4, 4], "a_time_left": [358.5838925447315, 358.5838925447315, 348.8135267943144, 348.8135267943144, 337.3243590053171, 337.3243590053171, 322.1456985902041, 322.1456985902041, 311.6654998380691, 311.6654998380691, 307.2133952155709, 307.2133952155709, 305.2596373837441, 305.2596373837441, 302.6364560481161, 302.6364560481161, 300.63755817338824, 300.63755817338824, 298.9405873827636, 298.9405873827636, 296.856042008847, 296.856042008847, 295.5208959262818, 295.5208959262818, 294.4514730516821, 294.4514730516821, 293.58769896812737, 293.58769896812737, 293.0690895523876, 293.0690895523876, 292.58829734288156, 292.58829734288156, 292.0599529668689, 292.0599529668689, 291.8838943820447, 291.8838943820447, 291.6627514641732, 291.6627514641732, 291.07868258841336, 291.07868258841336, 290.4525952953845, 290.4525952953845, 289.66887891851366, 289.66887891851366, 288.849882543087, 288.849882543087, 288.242205042392, 288.242205042392, 287.44565866701305, 287.44565866701305, 286.3331297915429, 286.3331297915429, 285.09445112384856, 285.09445112384856, 283.1101712062955, 283.1101712062955, 282.0538170821965, 282.0538170821965, 281.2293033339083, 281.2293033339083, 280.9059379994869, 280.9059379994869, 280.4086680430919, 280.4086680430919, 279.87049375101924, 279.87049375101924, 279.4886315856129, 279.4886315856129, 279.3721998780966, 279.3721998780966, 279.2443573344499, 279.2443573344499, 279.0543769169599, 279.0543769169599, 278.72573591582477, 278.72573591582477, 278.31085778959095, 278.31085778959095, 278.12704145535827, 278.12704145535827], "b_time_left": [360, 352.70631245709956, 352.70631245709956, 337.7845112066716, 337.7845112066716, 331.37258366681635, 331.37258366681635, 325.6299630012363, 325.6299630012363, 321.87810424901545, 321.87810424901545, 320.79967220686376, 320.79967220686376, 318.7780272886157, 318.7780272886157, 317.34760112315416, 317.34760112315416, 314.59377341531217, 314.59377341531217, 310.2021526247263, 310.2021526247263, 308.34144596010447, 308.34144596010447, 307.7207231260836, 307.7207231260836, 307.03079491853714, 307.03079491853714, 306.3042753767222, 306.3042753767222, 305.7561930026859, 305.7561930026859, 305.5558013767004, 305.5558013767004, 305.4285706691444, 305.4285706691444, 305.25459683313966, 305.25459683313966, 304.93807033263147, 304.93807033263147, 304.6235082484782, 304.6235082484782, 304.21653291396797, 304.21653291396797, 303.9761669989675, 303.9761669989675, 303.5184717476368, 303.5184717476368, 302.01809991523623, 302.01809991523623, 300.88582891598344, 300.88582891598344, 299.87096883170307, 299.87096883170307, 299.64991874806583, 299.64991874806583, 299.4706425406039, 299.4706425406039, 299.133517915383, 299.133517915383, 298.38678945973516, 298.38678945973516, 297.34149554371834, 297.34149554371834, 296.7206547949463, 296.7206547949463, 296.41396492160857, 296.41396492160857, 296.1736148390919, 296.1736148390919, 295.6097275055945, 295.6097275055945, 294.09882754459977, 294.09882754459977, 293.1024523358792, 293.1024523358792, 292.4218169990927, 292.4218169990927, 292.11690479144454, 292.11690479144454, 291.8417882490903], "a_moves_left": [39, 39, 38, 38, 37, 37, 36, 36, 35, 35, 34, 34, 33, 33, 32, 32, 31, 31, 30, 30, 29, 29, 28, 28, 27, 27, 26, 26, 25, 25, 24, 24, 23, 23, 22, 22, 21, 21, 20, 20, 19, 19, 18, 18, 17, 17, 16, 16, 15, 15, 14, 14, 13, 13, 12, 12, 11, 11, 10, 10, 9, 9, 8, 8, 7, 7, 6, 6, 5, 5, 4, 4, 3, 3, 2, 2, 1, 1, 0, 0], "b_moves_left": [40, 39, 39, 38, 38, 37, 37, 36, 36, 35, 35, 34, 34, 33, 33, 32, 32, 31, 31, 30, 30, 29, 29, 28, 28, 27, 27, 26, 26, 25, 25, 24, 24, 23, 23, 22, 22, 21, 21, 20, 20, 19, 19, 18, 18, 17, 17, 16, 16, 15, 15, 14, 14, 13, 13, 12, 12, 11, 11, 10, 10, 9, 9, 8, 8, 7, 7, 6, 6, 5, 5, 4, 4, 3, 3, 2, 2, 1, 1, 0], "trapdoor_triggered": [0, 0, 0, 0, 0, 0, 0, 0, 0, 0, 0, 0, 0, 0, 0, 0, 0, 0, 0, 0, 0, 0, 0, 0, 0, 0, 0, 0, 0, 0, 0, 0, 0, 0, 0, 0, 0, 0, 0, 0, 0, 0, 0, 0, 0, 0, 0, 0, 0, 0, 0, 0, 0, 0, 0, 0, 0, 0, 0, 0, 0, 0, 0, 0, 0, 0, 0, 0, 0, 0, 0, 0, 0, 0, 0, 0, 0, 0, 0, 0], "left_behind": ["egg", "egg", "plain", "plain", "turd", "egg", "plain", "turd", "egg", "egg", "turd", "plain", "plain", "egg", "plain", "plain", "plain", "plain", "plain", "plain", "egg", "egg", "plain", "plain", "plain", "egg", "plain", "plain", "egg", "egg", "plain", "plain", "egg", "egg", "plain", "plain", "egg", "plain", "plain", "plain", "egg", "plain", "plain", "plain", "egg", "plain", "plain", "plain", "egg", "plain", "plain", "plain", "egg", "plain", "plain", "plain", "egg", "egg", "plain", "plain", "egg", "egg", "plain", "plain", "egg", "plain", "plain", "plain", "egg", "plain", "plain", "plain", "egg", "plain", "plain", "plain", "egg", "plain", "plain", "plain"], "errlog_a": "", "errlog_b": "", "start_time": 360, "start_moves": 40, "turn_count": 80, "result": 0, "reason": "EGGS_LAID", "trapdoors": [[4, 2], [4, 5]], "spawn_a": [2, 0], "spawn_b": [2, 7]}