{"pos": [[7, 2], [1, 1], [6, 2], [1, 2], [6, 3], [1, 1], [5, 3], [1, 2], [4, 3], [1, 3], [3, 3], [1, 4], [3, 4], [2, 4], [3, 5], [2, 5], [3, 6], [1, 5], [2, 6], [0, 5], [1, 6], [0, 6], [1, 7], [0, 7], [2, 7], [0, 6], [3, 7], [1, 6], [3, 6], [0, 6], [4, 6], [0, 5], [5, 6], [0, 4], [5, 5], [0, 3], [5, 4], [1, 3], [4, 4], [1, 2], [4, 3], [1, 1], [4, 2], [2, 1], [4, 1], [3, 1], [4, 0], [4, 1], [3, 0], [3, 1], [4, 0], [4, 1], [3, 0], [3, 1], [4, 0], [4, 1], [3, 0], [3, 1], [4, 0], [4, 1], [3, 0], [3, 1], [4, 0], [4, 1], [3, 0], [3, 1], [4, 0], [4, 1], [3, 0], [3, 1], [4, 0], [4, 1], [3, 0], [3, 1], [4, 0], [4, 1], [3, 0], [3, 1], [4, 0], [4, 1]], "a_eggs_laid": [1, 1, 1, 1, 2, 2, 2, 2, 3, 3, 3, 3, 3, 3, 3, 3, 4, 4, 4, 4, 5, 5, 5, 5, 6, 6, 6, 6, 7, 7, 7, 7, 8, 8, 8, 8, 9, 9, 9, 9, 10, 10, 10, 10, 11, 11, 11, 11, 12, 12, 12, 12, 12, 12, 12, 12, 12, 12, 12, 12, 12, 12, 12, 12, 12, 12, 12, 12, 12, 12, 12, 12, 12, 12, 12, 12, 12, 12, 12, 12], "b_eggs_laid": [0, 1, 1, 1, 1, 2, 2, 2, 2, 2, 2, 2, 2, 3, 3, 3, 3, 4, 4, 4, 4, 5, 5, 5, 5, 8, 8, 8, 8, 9, 9, 9, 9, 9, 9, 9, 9, 10, 10, 10, 10, 10, 10, 10, 10, 11, 11, 11, 11, 12, 12, 12, 12, 12, 12, 12, 12, 12, 12, 12, 12, 12, 12, 12, 12, 12, 12, 12, 12, 12, 12, 12, 12, 12, 12, 12, 12, 12, 12, 12], "a_turds_left": [5, 5, 5, 5, 5, 5, 5, 5, 5, 5, 5, 5, 4, 4, 4, 4, 4, 4, 4, 4, 4, 4, 4, 4, 4, 4, 4, 4, 4, 4, 4, 4, 4, 4, 4, 4, 4, 4, 4, 4, 4, 4, 4, 4, 4, 4, 4, 4, 4, 4, 4, 4, 4, 4, 4, 4, 4, 4, 4, 4, 4, 4, 4, 4, 4, 4, 4, 4, 4, 4, 4, 4, 4, 4, 4, 4, 4, 4, 4, 4], "b_turds_left": [5, 5, 5, 5, 5, 5, 5, 5, 5, 5, 5, 4, 4, 4, 4, 3, 3, 3, 3, 3, 3, 3, 3, 3, 3, 3, 3, 3, 3, 3, 3, 3, 3, 3, 3, 3, 3, 3, 3, 3, 3, 3, 3, 3, 3, 3, 3, 3, 3, 3, 3, 3, 3, 3, 3, 3, 3, 3, 3, 3, 3, 3, 3, 3, 3, 3, 3, 3, 3, 3, 3, 3, 3, 3, 3, 3, 3, 3, 3, 3], "a_time_left": [358.3426129594445, 358.3426129594445, 354.513366708532, 354.513366708532, 347.3874317072332, 347.3874317072332, 338.3846676684916, 338.3846676684916, 330.8380502946675, 330.8380502946675, 321.3665460459888, 321.3665460459888, 315.6785817537457, 315.6785817537457, 314.6554958354682, 314.6554958354682, 313.34908308647573, 313.34908308647573, 311.5933602936566, 311.5933602936566, 311.32370837777853, 311.32370837777853, 311.23802587762475, 311.23802587762475, 311.20864383876324, 311.20864383876324, 311.1012175884098, 311.1012175884098, 310.9860182572156, 310.9860182572156, 310.788600506261, 310.788600506261, 310.62443000636995, 310.62443000636995, 310.293360337615, 310.293360337615, 309.83629662916064, 309.83629662916064, 309.02534071169794, 309.02534071169794, 308.5212780442089, 308.5212780442089, 307.83279846049845, 307.83279846049845, 307.13378775306046, 307.13378775306046, 306.92404116876423, 306.92404116876423, 306.85054770857096, 306.85054770857096, 306.8006186261773, 306.8006186261773, 306.7329608350992, 306.7329608350992, 306.6831162944436, 306.6831162944436, 306.61498620919883, 306.61498620919883, 306.56488741748035, 306.56488741748035, 306.4971547089517, 306.4971547089517, 306.4471432082355, 306.4471432082355, 306.3791422918439, 306.3791422918439, 306.32913808338344, 306.32913808338344, 306.2610978744924, 306.2610978744924, 306.2111187502742, 306.2111187502742, 306.0947866253555, 306.0947866253555, 306.04476612620056, 306.04476612620056, 305.97671958617866, 305.97671958617866, 305.926641209051, 305.926641209051], "b_time_left": [360, 359.80506966635585, 359.80506966635585, 358.10752416588366, 358.10752416588366, 356.85450299829245, 356.85450299829245, 354.5248104147613, 354.5248104147613, 353.0887353308499, 353.0887353308499, 350.80479249730706, 350.80479249730706, 349.8352025821805, 349.8352025821805, 349.3270912505686, 349.3270912505686, 348.7783482093364, 348.7783482093364, 348.4885952100158, 348.4885952100158, 348.27707621082664, 348.27707621082664, 348.1942348368466, 348.1942348368466, 348.1367589198053, 348.1367589198053, 348.0333704613149, 348.0333704613149, 347.88350071012974, 347.88350071012974, 347.6282485034317, 347.6282485034317, 347.12862521223724, 347.12862521223724, 346.5658163372427, 346.5658163372427, 346.3916673362255, 346.3916673362255, 346.16728046163917, 346.16728046163917, 345.9001169204712, 345.9001169204712, 345.5027625449002, 345.5027625449002, 345.414333794266, 345.414333794266, 345.3882899172604, 345.3882899172604, 345.3460427094251, 345.3460427094251, 345.32127146050334, 345.32127146050334, 345.27923496067524, 345.27923496067524, 345.2545850034803, 345.2545850034803, 345.21240029484034, 345.21240029484034, 345.1875415034592, 345.1875415034592, 345.14516696333885, 345.14516696333885, 345.12018942274153, 345.12018942274153, 345.07785083912313, 345.07785083912313, 345.05311792343855, 345.05311792343855, 345.01091092452407, 345.01091092452407, 344.98571742512286, 344.98571742512286, 344.9430740084499, 344.9430740084499, 344.9180417563766, 344.9180417563766, 344.87574321590364, 344.87574321590364, 344.8509054258466], "a_moves_left": [39, 39, 38, 38, 37, 37, 36, 36, 35, 35, 34, 34, 33, 33, 32, 32, 31, 31, 30, 30, 29, 29, 28, 28, 27, 27, 26, 26, 25, 25, 24, 24, 23, 23, 22, 22, 21, 21, 20, 20, 19, 19, 18, 18, 17, 17, 16, 16, 15, 15, 14, 14, 13, 13, 12, 12, 11, 11, 10, 10, 9, 9, 8, 8, 7, 7, 6, 6, 5, 5, 4, 4, 3, 3, 2, 2, 1, 1, 0, 0], "b_moves_left": [40, 39, 39, 38, 38, 37, 37, 36, 36, 35, 35, 34, 34, 33, 33, 32, 32, 31, 31, 30, 30, 29, 29, 28, 28, 27, 27, 26, 26, 25, 25, 24, 24, 23, 23, 22, 22, 21, 21, 20, 20, 19, 19, 18, 18, 17, 17, 16, 16, 15, 15, 14, 14, 13, 13, 12, 12, 11, 11, 10, 10, 9, 9, 8, 8, 7, 7, 6, 6, 5, 5, 4, 4, 3, 3, 2, 2, 1, 1, 0], "trapdoor_triggered": [0, 0, 0, 0, 0, 0, 0, 0, 0, 0, 0, 0, 0, 0, 0, 0, 0, 0, 0, 0, 0, 0, 0, 0, 0, 0, 0, 0, 0, 0, 0, 0, 0, 0, 0, 0, 0, 0, 0, 0, 0, 0, 0, 0, 0, 0, 0, 0, 0, 0, 0, 0, 0, 0, 0, 0, 0, 0, 0, 0, 0, 0, 0, 0, 0, 0, 0, 0, 0, 0, 0, 0, 0, 0, 0, 0, 0, 0, 0, 0], "left_behind": ["egg", "egg", "plain", "plain", "egg", "egg", "plain", "plain", "egg", "plain", "plain", "turd", "turd", "egg", "plain", "turd", "egg", "egg", "plain", "plain", "egg", "egg", "plain", "plain", "egg", "egg", "plain", "plain", "egg", "egg", "plain", "plain", "egg", "plain", "plain", "plain", "egg", "egg", "plain", "plain", "egg", "plain", "plain", "plain", "egg", "egg", "plain", "plain", "egg", "egg", "plain", "plain", "plain", "plain", "plain", "plain", "plain", "plain", "plain", "plain", "plain", "plain", "plain", "plain", "plain", "plain", "plain", "plain", "plain", "plain", "plain", "plain", "plain", "plain", "plain", "plain", "plain", "plain", "plain", "plain"], "errlog_a": "", "errlog_b": "", "start_time": 360, "start_moves": 40, "turn_count": 80, "result": 2, "reason": "EGGS_LAID", "trapdoors": [[2, 2], [4, 5]], "spawn_a": [7, 1], "spawn_b": [0, 1]}