{"pos": [[3, 6], [3, 1], [3, 5], [3, 2], [3, 4], [3, 3], [4, 4], [4, 3], [2, 7], [5, 3], [1, 7], [5, 4], [1, 6], [5, 5], [1, 5], [6, 5], [0, 5], [6, 4], [0, 4], [6, 3], [0, 3], [6, 2], [0, 2], [5, 2], [0, 1], [4, 2], [1, 1], [3, 2], [1, 0], [2, 2], [2, 0], [1, 2], [1, 0], [1, 3], [1, 1], [1, 4], [0, 1], [1, 3], [0, 2], [1, 4], [0, 1], [1, 3], [0, 2], [1, 4], [0, 1], [1, 3], [0, 2], [1, 4], [0, 1], [1, 3], [0, 2], [1, 4], [0, 1], [1, 3], [0, 2], [1, 4], [0, 1], [1, 3], [0, 2], [1, 4], [0, 1], [1, 3], [0, 2], [1, 4], [0, 1], [1, 3], [0, 2], [1, 4], [0, 1], [1, 3], [0, 2], [1, 4], [0, 1], [1, 3], [0, 2], [1, 4], [0, 1], [1, 3], [0, 2], [1, 4]], "a_eggs_laid": [1, 1, 1, 1, 2, 2, 2, 2, 2, 2, 2, 2, 3, 3, 3, 3, 4, 4, 4, 4, 5, 5, 5, 5, 6, 6, 6, 6, 7, 7, 7, 7, 8, 8, 8, 8, 8, 8, 8, 8, 8, 8, 8, 8, 8, 8, 8, 8, 8, 8, 8, 8, 8, 8, 8, 8, 8, 8, 8, 8, 8, 8, 8, 8, 8, 8, 8, 8, 8, 8, 8, 8, 8, 8, 8, 8, 8, 8, 8, 8], "b_eggs_laid": [0, 1, 1, 1, 1, 2, 2, 6, 6, 7, 7, 7, 7, 8, 8, 8, 8, 9, 9, 9, 9, 10, 10, 10, 10, 11, 11, 11, 11, 11, 11, 11, 11, 12, 12, 12, 12, 13, 13, 13, 13, 13, 13, 13, 13, 13, 13, 13, 13, 13, 13, 13, 13, 13, 13, 13, 13, 13, 13, 13, 13, 13, 13, 13, 13, 13, 13, 13, 13, 13, 13, 13, 13, 13, 13, 13, 13, 13, 13, 13], "a_turds_left": [5, 5, 5, 5, 5, 5, 5, 5, 5, 5, 5, 5, 5, 5, 5, 5, 5, 5, 5, 5, 5, 5, 5, 5, 5, 5, 5, 5, 5, 5, 5, 5, 5, 5, 5, 5, 5, 5, 5, 5, 5, 5, 5, 5, 5, 5, 5, 5, 5, 5, 5, 5, 5, 5, 5, 5, 5, 5, 5, 5, 5, 5, 5, 5, 5, 5, 5, 5, 5, 5, 5, 5, 5, 5, 5, 5, 5, 5, 5, 5], "b_turds_left": [5, 5, 5, 5, 5, 5, 5, 4, 4, 4, 4, 3, 3, 3, 3, 2, 2, 2, 2, 2, 2, 2, 2, 2, 2, 2, 2, 1, 1, 1, 1, 0, 0, 0, 0, 0, 0, 0, 0, 0, 0, 0, 0, 0, 0, 0, 0, 0, 0, 0, 0, 0, 0, 0, 0, 0, 0, 0, 0, 0, 0, 0, 0, 0, 0, 0, 0, 0, 0, 0, 0, 0, 0, 0, 0, 0, 0, 0, 0, 0], "a_time_left": [359.4410904608667, 359.4410904608667, 357.30550971254706, 357.30550971254706, 354.29321221262217, 354.29321221262217, 351.1930293366313, 351.1930293366313, 349.17691821046174, 349.17691821046174, 347.12920287437737, 347.12920287437737, 346.6827917098999, 346.6827917098999, 344.7367963343859, 344.7367963343859, 344.00910341739655, 344.00910341739655, 343.65400354005396, 343.65400354005396, 343.3753746636212, 343.3753746636212, 341.9910069145262, 341.9910069145262, 340.97578828781843, 340.97578828781843, 339.64713774621487, 339.64713774621487, 339.1605588309467, 339.1605588309467, 338.6489413306117, 338.6489413306117, 338.620297499001, 338.620297499001, 338.5589421670884, 338.5589421670884, 338.52799120917916, 338.52799120917916, 338.5033382102847, 338.5033382102847, 338.47590271010995, 338.47590271010995, 338.45144129544497, 338.45144129544497, 338.42395246215165, 338.42395246215165, 338.38395291753113, 338.38395291753113, 338.3546918351203, 338.3546918351203, 338.3301267102361, 338.3301267102361, 338.3027113340795, 338.3027113340795, 338.2781725861132, 338.2781725861132, 338.25053045898676, 338.25053045898676, 338.2259341273457, 338.2259341273457, 338.19856933504343, 338.19856933504343, 338.17405500262976, 338.17405500262976, 338.14666162990034, 338.14666162990034, 338.12204679846764, 338.12204679846764, 338.094580674544, 338.094580674544, 338.06993400864303, 338.06993400864303, 338.0422865487635, 338.0422865487635, 338.01750159077346, 338.01750159077346, 337.9900050070137, 337.9900050070137, 337.9655280467123, 337.9655280467123], "b_time_left": [360, 356.48839420825243, 356.48839420825243, 344.44748770818114, 344.44748770818114, 340.86323545873165, 340.86323545873165, 339.59764008410275, 339.59764008410275, 338.18915262818336, 338.18915262818336, 337.139483127743, 337.139483127743, 335.95179929584265, 335.95179929584265, 335.11559837684035, 335.11559837684035, 334.1605534609407, 334.1605534609407, 333.35560279525816, 333.35560279525816, 332.62185950390995, 332.62185950390995, 331.95886775664985, 331.95886775664985, 330.9150652959943, 330.9150652959943, 330.5263215880841, 330.5263215880841, 330.29958225414157, 330.29958225414157, 330.26738129742444, 330.26738129742444, 330.2411837987602, 330.2411837987602, 330.2331777177751, 330.2331777177751, 330.19834525696933, 330.19834525696933, 330.1820367574692, 330.1820367574692, 330.147375009954, 330.147375009954, 330.1311019677669, 330.1311019677669, 330.0925456751138, 330.0925456751138, 330.0747785065323, 330.0747785065323, 330.0389899648726, 330.0389899648726, 330.02286680042744, 330.02286680042744, 329.98805055208504, 329.98805055208504, 329.97198976017535, 329.97198976017535, 329.93721617758274, 329.93721617758274, 329.9210342615843, 329.9210342615843, 329.88628988713026, 329.88628988713026, 329.87016347050667, 329.87016347050667, 329.83541938848794, 329.83541938848794, 329.8193010967225, 329.8193010967225, 329.78434292785823, 329.78434292785823, 329.76815251260996, 329.76815251260996, 329.7332513462752, 329.7332513462752, 329.71713376417756, 329.71713376417756, 329.6823947634548, 329.6823947634548, 329.6661322247237], "a_moves_left": [39, 39, 38, 38, 37, 37, 36, 36, 35, 35, 34, 34, 33, 33, 32, 32, 31, 31, 30, 30, 29, 29, 28, 28, 27, 27, 26, 26, 25, 25, 24, 24, 23, 23, 22, 22, 21, 21, 20, 20, 19, 19, 18, 18, 17, 17, 16, 16, 15, 15, 14, 14, 13, 13, 12, 12, 11, 11, 10, 10, 9, 9, 8, 8, 7, 7, 6, 6, 5, 5, 4, 4, 3, 3, 2, 2, 1, 1, 0, 0], "b_moves_left": [40, 39, 39, 38, 38, 37, 37, 36, 36, 35, 35, 34, 34, 33, 33, 32, 32, 31, 31, 30, 30, 29, 29, 28, 28, 27, 27, 26, 26, 25, 25, 24, 24, 23, 23, 22, 22, 21, 21, 20, 20, 19, 19, 18, 18, 17, 17, 16, 16, 15, 15, 14, 14, 13, 13, 12, 12, 11, 11, 10, 10, 9, 9, 8, 8, 7, 7, 6, 6, 5, 5, 4, 4, 3, 3, 2, 2, 1, 1, 0], "trapdoor_triggered": [0, 0, 0, 0, 0, 0, 1, 0, 0, 0, 0, 0, 0, 0, 0, 0, 0, 0, 0, 0, 0, 0, 0, 0, 0, 0, 0, 0, 0, 0, 0, 0, 0, 0, 0, 0, 0, 0, 0, 0, 0, 0, 0, 0, 0, 0, 0, 0, 0, 0, 0, 0, 0, 0, 0, 0, 0, 0, 0, 0, 0, 0, 0, 0, 0, 0, 0, 0, 0, 0, 0, 0, 0, 0, 0, 0, 0, 0, 0, 0], "left_behind": ["egg", "egg", "plain", "plain", "egg", "egg", "plain", "turd", "plain", "egg", "plain", "turd", "egg", "egg", "plain", "turd", "egg", "egg", "plain", "plain", "egg", "egg", "plain", "plain", "egg", "egg", "plain", "turd", "egg", "plain", "plain", "turd", "egg", "egg", "plain", "plain", "plain", "egg", "plain", "plain", "plain", "plain", "plain", "plain", "plain", "plain", "plain", "plain", "plain", "plain", "plain", "plain", "plain", "plain", "plain", "plain", "plain", "plain", "plain", "plain", "plain", "plain", "plain", "plain", "plain", "plain", "plain", "plain", "plain", "plain", "plain", "plain", "plain", "plain", "plain", "plain", "plain", "plain", "plain", "plain"], "errlog_a": "", "errlog_b": "", "start_time": 360, "start_moves": 40, "turn_count": 80, "result": 1, "reason": "EGGS_LAID", "trapdoors": [[4, 4], [2, 3]], "spawn_a": [3, 7], "spawn_b": [3, 0]}