{"pos": [[5, 6], [5, 1], [6, 6], [5, 2], [5, 6], [5, 3], [4, 6], [5, 4], [3, 6], [6, 4], [2, 6], [6, 3], [1, 6], [7, 3], [0, 6], [7, 4], [0, 5], [7, 3], [0, 4], [7, 2], [0, 3], [7, 1], [0, 2], [6, 1], [0, 1], [5, 1], [1, 1], [4, 1], [1, 2], [4, 2], [1, 3], [4, 3], [1, 4], [3, 3], [1, 5], [3, 4], [1, 6], [3, 5], [0, 6], [3, 6], [0, 7], [3, 7], [1, 7], [4, 7], [1, 6], [3, 7], [2, 6], [3, 6], [2, 7], [3, 7], [2, 6], [3, 6], [2, 7], [3, 7], [2, 6], [3, 6], [2, 7], [3, 5], [2, 6], [4, 5], [2, 7], [3, 5], [3, 7], [4, 5], [2, 7], [3, 5], [2, 6], [3, 4], [2, 5], [3, 5], [1, 5], [3, 4], [1, 4], [3, 3], [1, 3], [3, 2], [1, 2], [3, 1], [2, 2], [2, 1]], "a_eggs_laid": [1, 1, 1, 1, 2, 2, 2, 2, 3, 3, 3, 3, 4, 4, 4, 4, 5, 5, 5, 5, 6, 6, 6, 6, 7, 7, 7, 7, 8, 8, 8, 8, 9, 9, 9, 9, 10, 10, 10, 10, 10, 10, 10, 10, 11, 11, 11, 11, 11, 11, 11, 11, 11, 11, 11, 11, 11, 11, 11, 11, 11, 11, 11, 11, 12, 12, 12, 12, 12, 12, 12, 12, 12, 12, 12, 12, 12, 12, 12, 12], "b_eggs_laid": [0, 1, 1, 1, 1, 2, 2, 2, 2, 3, 3, 3, 3, 4, 4, 4, 4, 5, 5, 5, 5, 6, 6, 6, 6, 7, 7, 7, 7, 8, 8, 8, 8, 9, 9, 9, 9, 10, 10, 10, 10, 11, 11, 11, 11, 12, 12, 12, 12, 12, 12, 12, 12, 12, 12, 12, 12, 12, 12, 12, 12, 13, 13, 13, 13, 13, 13, 13, 13, 13, 13, 13, 13, 13, 13, 13, 13, 14, 14, 14], "a_turds_left": [5, 5, 5, 5, 5, 5, 4, 4, 4, 4, 4, 4, 4, 4, 4, 4, 4, 4, 4, 4, 4, 4, 4, 4, 4, 4, 4, 4, 4, 4, 4, 4, 4, 4, 3, 3, 3, 3, 3, 3, 3, 3, 3, 3, 3, 3, 3, 3, 3, 3, 3, 3, 3, 3, 3, 3, 3, 3, 3, 3, 3, 3, 3, 3, 3, 3, 3, 3, 3, 3, 3, 3, 3, 3, 3, 3, 3, 3, 3, 3], "b_turds_left": [5, 5, 5, 4, 4, 4, 4, 4, 4, 4, 4, 3, 3, 3, 3, 3, 3, 3, 3, 3, 3, 3, 3, 3, 3, 3, 3, 3, 3, 3, 3, 3, 3, 3, 3, 2, 2, 2, 2, 2, 2, 2, 2, 2, 2, 2, 2, 2, 2, 2, 2, 2, 2, 2, 2, 2, 2, 2, 2, 2, 2, 2, 2, 2, 2, 2, 2, 2, 2, 2, 2, 1, 1, 1, 1, 1, 1, 1, 1, 1], "a_time_left": [359.7565252073109, 359.7565252073109, 359.18803129158914, 359.18803129158914, 358.37988920882344, 358.37988920882344, 357.2116845846176, 357.2116845846176, 356.4312390834093, 356.4312390834093, 355.4451550003141, 355.4451550003141, 355.097075458616, 355.097075458616, 354.9274362511933, 354.9274362511933, 354.82912158593535, 354.82912158593535, 354.6692948769778, 354.6692948769778, 354.3426870871335, 354.3426870871335, 353.8482611719519, 353.8482611719519, 353.3136475458741, 353.3136475458741, 352.6610896717757, 352.6610896717757, 351.9530660882592, 351.9530660882592, 349.53236067295074, 349.53236067295074, 348.0082228407264, 348.0082228407264, 346.3222095053643, 346.3222095053643, 346.0008427128196, 346.0008427128196, 345.29192021116614, 345.29192021116614, 345.19105262868106, 345.19105262868106, 345.120728880167, 345.120728880167, 345.0499403383583, 345.0499403383583, 344.90104913152754, 344.90104913152754, 344.7731665056199, 344.7731665056199, 344.7306210882962, 344.7306210882962, 344.6025090049952, 344.6025090049952, 344.5598972123116, 344.5598972123116, 344.43147975206375, 344.43147975206375, 344.2442518360913, 344.2442518360913, 343.9960027523339, 343.9960027523339, 343.87049350328743, 343.87049350328743, 343.82938562706113, 343.82938562706113, 343.76732654310763, 343.76732654310763, 343.6657987497747, 343.6657987497747, 343.5556438341737, 343.5556438341737, 343.4892205838114, 343.4892205838114, 343.42169391550124, 343.42169391550124, 343.24485216476023, 343.24485216476023, 342.9409094154835, 342.9409094154835], "b_time_left": [360, 358.76692791469395, 358.76692791469395, 355.2074120808393, 355.2074120808393, 352.4772999994457, 352.4772999994457, 348.2084662076086, 348.2084662076086, 344.4979953728616, 344.4979953728616, 342.2454229146242, 342.2454229146242, 340.68169841356575, 340.68169841356575, 340.5909756217152, 340.5909756217152, 340.23864037171006, 340.23864037171006, 340.0599640402943, 340.0599640402943, 339.62033928744495, 339.62033928744495, 339.07297874614596, 339.07297874614596, 338.61232716217637, 338.61232716217637, 336.5533466618508, 336.5533466618508, 334.55199891142547, 334.55199891142547, 330.4271997436881, 330.4271997436881, 326.5903159510344, 326.5903159510344, 324.3585742004216, 324.3585742004216, 323.9429334923625, 323.9429334923625, 323.7872877828777, 323.7872877828777, 323.759806741029, 323.759806741029, 323.7139884904027, 323.7139884904027, 323.6648484505713, 323.6648484505713, 323.63882628269494, 323.63882628269494, 323.62381228245795, 323.62381228245795, 323.59841657429934, 323.59841657429934, 323.58327203430235, 323.58327203430235, 323.5575619507581, 323.5575619507581, 323.4548002425581, 323.4548002425581, 323.17830882780254, 323.17830882780254, 323.0020554102957, 323.0020554102957, 322.94563528709114, 322.94563528709114, 322.8379625789821, 322.8379625789821, 322.7243934124708, 322.7243934124708, 322.6040132455528, 322.6040132455528, 322.45775303803384, 322.45775303803384, 322.39234832674265, 322.39234832674265, 322.3027710355818, 322.3027710355818, 322.0909009501338, 322.0909009501338, 321.90084386616945], "a_moves_left": [39, 39, 38, 38, 37, 37, 36, 36, 35, 35, 34, 34, 33, 33, 32, 32, 31, 31, 30, 30, 29, 29, 28, 28, 27, 27, 26, 26, 25, 25, 24, 24, 23, 23, 22, 22, 21, 21, 20, 20, 19, 19, 18, 18, 17, 17, 16, 16, 15, 15, 14, 14, 13, 13, 12, 12, 11, 11, 10, 10, 9, 9, 8, 8, 7, 7, 6, 6, 5, 5, 4, 4, 3, 3, 2, 2, 1, 1, 0, 0], "b_moves_left": [40, 39, 39, 38, 38, 37, 37, 36, 36, 35, 35, 34, 34, 33, 33, 32, 32, 31, 31, 30, 30, 29, 29, 28, 28, 27, 27, 26, 26, 25, 25, 24, 24, 23, 23, 22, 22, 21, 21, 20, 20, 19, 19, 18, 18, 17, 17, 16, 16, 15, 15, 14, 14, 13, 13, 12, 12, 11, 11, 10, 10, 9, 9, 8, 8, 7, 7, 6, 6, 5, 5, 4, 4, 3, 3, 2, 2, 1, 1, 0], "trapdoor_triggered": [0, 0, 0, 0, 0, 0, 0, 0, 0, 0, 0, 0, 0, 0, 0, 0, 0, 0, 0, 0, 0, 0, 0, 0, 0, 0, 0, 0, 0, 0, 0, 0, 0, 0, 0, 0, 0, 0, 0, 0, 0, 0, 0, 0, 0, 0, 0, 0, 0, 0, 0, 0, 0, 0, 0, 0, 0, 0, 0, 0, 0, 0, 0, 0, 0, 0, 0, 0, 0, 0, 0, 0, 0, 0, 0, 0, 0, 0, 0, 0], "left_behind": ["egg", "egg", "plain", "turd", "egg", "egg", "turd", "plain", "egg", "egg", "plain", "turd", "egg", "egg", "plain", "plain", "egg", "egg", "plain", "plain", "egg", "egg", "plain", "plain", "egg", "egg", "plain", "plain", "egg", "egg", "plain", "plain", "egg", "egg", "turd", "turd", "egg", "egg", "plain", "plain", "plain", "egg", "plain", "plain", "egg", "egg", "plain", "plain", "plain", "plain", "plain", "plain", "plain", "plain", "plain", "plain", "plain", "plain", "plain", "plain", "plain", "egg", "plain", "plain", "egg", "plain", "plain", "plain", "plain", "plain", "plain", "turd", "plain", "plain", "plain", "plain", "plain", "egg", "plain", "plain"], "errlog_a": "", "errlog_b": "", "start_time": 360, "start_moves": 40, "turn_count": 80, "result": 1, "reason": "EGGS_LAID", "trapdoors": [[2, 4], [2, 3]], "spawn_a": [5, 7], "spawn_b": [5, 0]}