{"pos": [[7, 2], [1, 1], [6, 2], [2, 1], [6, 3], [2, 2], [6, 4], [3, 2], [5, 4], [4, 2], [6, 1], [4, 3], [6, 2], [4, 4], [6, 3], [3, 4], [6, 4], [3, 5], [6, 5], [4, 5], [6, 6], [3, 5], [6, 7], [2, 5], [5, 7], [2, 6], [5, 6], [1, 6], [5, 5], [0, 6], [6, 5], [0, 7], [7, 5], [1, 7], [7, 6], [2, 7], [7, 7], [3, 7], [7, 6], [4, 7], [6, 6], [3, 7], [5, 6], [2, 7], [5, 5], [2, 6], [5, 6], [1, 6], [5, 5], [0, 6], [5, 6], [1, 6], [5, 5], [0, 6], [5, 6], [1, 6], [5, 5], [0, 6], [5, 6], [1, 6], [5, 5], [0, 6], [5, 6], [1, 6], [5, 5], [0, 6], [5, 6], [1, 6], [5, 5], [0, 6], [5, 6], [1, 6], [5, 5], [0, 6], [5, 6], [1, 6], [5, 5], [0, 6], [5, 6], [1, 6]], "a_eggs_laid": [1, 1, 1, 1, 2, 2, 2, 2, 3, 3, 3, 3, 3, 3, 3, 3, 3, 3, 3, 3, 3, 3, 4, 4, 4, 4, 5, 5, 5, 5, 6, 6, 6, 6, 7, 7, 7, 7, 10, 10, 10, 10, 10, 10, 10, 10, 10, 10, 10, 10, 10, 10, 10, 10, 10, 10, 10, 10, 10, 10, 10, 10, 10, 10, 10, 10, 10, 10, 10, 10, 10, 10, 10, 10, 10, 10, 10, 10, 10, 10], "b_eggs_laid": [0, 1, 1, 1, 1, 2, 2, 2, 2, 7, 7, 7, 7, 8, 8, 8, 8, 9, 9, 9, 9, 10, 10, 10, 10, 11, 11, 11, 11, 12, 12, 12, 12, 15, 15, 15, 15, 16, 16, 16, 16, 17, 17, 17, 17, 17, 17, 17, 17, 17, 17, 17, 17, 17, 17, 17, 17, 17, 17, 17, 17, 17, 17, 17, 17, 17, 17, 17, 17, 17, 17, 17, 17, 17, 17, 17, 17, 17, 17, 17], "a_turds_left": [5, 5, 5, 5, 5, 5, 5, 5, 5, 5, 5, 5, 4, 4, 4, 4, 4, 4, 4, 4, 4, 4, 4, 4, 4, 4, 4, 4, 4, 4, 4, 4, 4, 4, 4, 4, 4, 4, 4, 4, 4, 4, 4, 4, 4, 4, 4, 4, 4, 4, 4, 4, 4, 4, 4, 4, 4, 4, 4, 4, 4, 4, 4, 4, 4, 4, 4, 4, 4, 4, 4, 4, 4, 4, 4, 4, 4, 4, 4, 4], "b_turds_left": [5, 5, 5, 5, 5, 5, 5, 4, 4, 4, 4, 3, 3, 3, 3, 2, 2, 2, 2, 1, 1, 1, 1, 1, 1, 1, 1, 1, 1, 1, 1, 1, 1, 1, 1, 1, 1, 1, 1, 1, 1, 1, 1, 1, 1, 1, 1, 1, 1, 1, 1, 1, 1, 1, 1, 1, 1, 1, 1, 1, 1, 1, 1, 1, 1, 1, 1, 1, 1, 1, 1, 1, 1, 1, 1, 1, 1, 1, 1, 1], "a_time_left": [358.2211669161916, 358.2211669161916, 353.47903154045343, 353.47903154045343, 348.7573921661824, 348.7573921661824, 337.82316191494465, 337.82316191494465, 329.2831187490374, 329.2831187490374, 327.83537841401994, 327.83537841401994, 325.6615003310144, 325.6615003310144, 324.20209904015064, 324.20209904015064, 322.3576638754457, 322.3576638754457, 320.20421225205064, 320.20421225205064, 319.00788004510105, 319.00788004510105, 318.1926669627428, 318.1926669627428, 316.91747587919235, 316.91747587919235, 316.2927454225719, 316.2927454225719, 315.53466733917594, 315.53466733917594, 315.32982304878533, 315.32982304878533, 315.22214763239026, 315.22214763239026, 315.09177492558956, 315.09177492558956, 314.9190408010036, 314.9190408010036, 314.79407313652337, 314.79407313652337, 314.65327559411526, 314.65327559411526, 314.4693301785737, 314.4693301785737, 314.2401191368699, 314.2401191368699, 313.82238992862403, 313.82238992862403, 313.56706801243126, 313.56706801243126, 313.43130317889154, 313.43130317889154, 313.1783100515604, 313.1783100515604, 313.0428677164018, 313.0428677164018, 312.7899120077491, 312.7899120077491, 312.6544461324811, 312.6544461324811, 312.4012125469744, 312.4012125469744, 312.2658726722002, 312.2658726722002, 312.01269408874214, 312.01269408874214, 311.87751975655556, 311.87751975655556, 311.6246433407068, 311.6246433407068, 311.48922338336706, 311.48922338336706, 311.2324657589197, 311.2324657589197, 311.0963510517031, 311.0963510517031, 310.8401856739074, 310.8401856739074, 310.7033297587186, 310.7033297587186], "b_time_left": [360, 359.80781687423587, 359.80781687423587, 358.8596693314612, 358.8596693314612, 355.38530633226037, 355.38530633226037, 352.26973462477326, 352.26973462477326, 350.498193833977, 350.498193833977, 349.5055616684258, 349.5055616684258, 348.5285990014672, 348.5285990014672, 347.39744141697884, 347.39744141697884, 346.84052208438516, 346.84052208438516, 345.4163645412773, 345.4163645412773, 344.99598374962807, 344.99598374962807, 344.76550329104066, 344.76550329104066, 344.38324754312634, 344.38324754312634, 344.0840736683458, 344.0840736683458, 343.80369262583554, 343.80369262583554, 343.53119308128953, 343.53119308128953, 343.4334592912346, 343.4334592912346, 343.2149327509105, 343.2149327509105, 343.10154929570854, 343.10154929570854, 342.86311975494027, 342.86311975494027, 342.6920476295054, 342.6920476295054, 342.50600529648364, 342.50600529648364, 342.3607905488461, 342.3607905488461, 342.0045036729425, 342.0045036729425, 341.79066333919764, 341.79066333919764, 341.50233375653625, 341.50233375653625, 341.33765792287886, 341.33765792287886, 341.04939017258584, 341.04939017258584, 340.8846094235778, 340.8846094235778, 340.5965459663421, 340.5965459663421, 340.43200475908816, 340.43200475908816, 340.1439039260149, 340.1439039260149, 339.97912592440844, 339.97912592440844, 339.6909683831036, 339.6909683831036, 339.52647317387164, 339.52647317387164, 339.2418982181698, 339.2418982181698, 339.0775844678283, 339.0775844678283, 338.78914400935173, 338.78914400935173, 338.61773288436234, 338.61773288436234, 338.3322548009455], "a_moves_left": [39, 39, 38, 38, 37, 37, 36, 36, 35, 35, 34, 34, 33, 33, 32, 32, 31, 31, 30, 30, 29, 29, 28, 28, 27, 27, 26, 26, 25, 25, 24, 24, 23, 23, 22, 22, 21, 21, 20, 20, 19, 19, 18, 18, 17, 17, 16, 16, 15, 15, 14, 14, 13, 13, 12, 12, 11, 11, 10, 10, 9, 9, 8, 8, 7, 7, 6, 6, 5, 5, 4, 4, 3, 3, 2, 2, 1, 1, 0, 0], "b_moves_left": [40, 39, 39, 38, 38, 37, 37, 36, 36, 35, 35, 34, 34, 33, 33, 32, 32, 31, 31, 30, 30, 29, 29, 28, 28, 27, 27, 26, 26, 25, 25, 24, 24, 23, 23, 22, 22, 21, 21, 20, 20, 19, 19, 18, 18, 17, 17, 16, 16, 15, 15, 14, 14, 13, 13, 12, 12, 11, 11, 10, 10, 9, 9, 8, 8, 7, 7, 6, 6, 5, 5, 4, 4, 3, 3, 2, 2, 1, 1, 0], "trapdoor_triggered": [0, 0, 0, 0, 0, 0, 0, 0, 1, 0, 0, 0, 0, 0, 0, 0, 0, 0, 0, 0, 0, 0, 0, 0, 0, 0, 0, 0, 0, 0, 0, 0, 0, 0, 0, 0, 0, 0, 0, 0, 0, 0, 0, 0, 0, 0, 0, 0, 0, 0, 0, 0, 0, 0, 0, 0, 0, 0, 0, 0, 0, 0, 0, 0, 0, 0, 0, 0, 0, 0, 0, 0, 0, 0, 0, 0, 0, 0, 0, 0], "left_behind": ["egg", "egg", "plain", "plain", "egg", "egg", "plain", "turd", "egg", "egg", "plain", "turd", "turd", "egg", "plain", "turd", "plain", "egg", "plain", "turd", "plain", "egg", "egg", "plain", "plain", "egg", "egg", "plain", "plain", "egg", "egg", "plain", "plain", "egg", "egg", "plain", "plain", "egg", "egg", "plain", "plain", "egg", "plain", "plain", "plain", "plain", "plain", "plain", "plain", "plain", "plain", "plain", "plain", "plain", "plain", "plain", "plain", "plain", "plain", "plain", "plain", "plain", "plain", "plain", "plain", "plain", "plain", "plain", "plain", "plain", "plain", "plain", "plain", "plain", "plain", "plain", "plain", "plain", "plain", "plain"], "errlog_a": "", "errlog_b": "", "start_time": 360, "start_moves": 40, "turn_count": 80, "result": 1, "reason": "EGGS_LAID", "trapdoors": [[2, 4], [5, 4]], "spawn_a": [7, 1], "spawn_b": [0, 1]}