{"pos": [[6, 1], [1, 1], [6, 2], [2, 1], [5, 2], [2, 2], [4, 2], [3, 2], [5, 2], [3, 3], [5, 3], [3, 4], [5, 4], [4, 4], [7, 0], [4, 5], [6, 0], [4, 6], [5, 0], [4, 7], [4, 0], [5, 7], [3, 0], [6, 7], [2, 0], [7, 7], [1, 0], [7, 6], [1, 1], [6, 6], [1, 0], [5, 6], [0, 0], [6, 6], [1, 0], [5, 6], [2, 0], [4, 6], [3, 0], [3, 6], [3, 1], [2, 6], [4, 1], [1, 6], [5, 1], [1, 5], [6, 1], [1, 4], [6, 2], [1, 3], [6, 3], [0, 3], [6, 4], [1, 3], [6, 5], [1, 4], [6, 6], [1, 5], [6, 5], [0, 5], [5, 5], [1, 5], [6, 5], [0, 5], [7, 5], [0, 6], [7, 4], [0, 5], [7, 3], [1, 5], [7, 4], [1, 4], [7, 3], [2, 4], [7, 4], [1, 4], [7, 3], [2, 4], [7, 2], [2, 5]], "a_eggs_laid": [1, 1, 1, 1, 1, 1, 1, 1, 2, 2, 2, 2, 3, 3, 3, 3, 3, 3, 4, 4, 4, 4, 5, 5, 5, 5, 6, 6, 6, 6, 7, 7, 7, 7, 10, 10, 10, 10, 10, 10, 10, 10, 11, 11, 11, 11, 12, 12, 12, 12, 12, 12, 12, 12, 13, 13, 13, 13, 14, 14, 14, 14, 15, 15, 15, 15, 16, 16, 16, 16, 17, 17, 17, 17, 17, 17, 17, 17, 17, 17], "b_eggs_laid": [0, 1, 1, 1, 1, 2, 2, 2, 2, 3, 3, 3, 3, 8, 8, 8, 8, 9, 9, 9, 9, 10, 10, 10, 10, 11, 11, 11, 11, 12, 12, 12, 12, 13, 13, 13, 13, 13, 13, 13, 13, 14, 14, 14, 14, 15, 15, 15, 15, 16, 16, 16, 16, 17, 17, 17, 17, 17, 17, 17, 17, 18, 18, 18, 18, 18, 18, 18, 18, 18, 18, 18, 18, 18, 18, 18, 18, 18, 18, 18], "a_turds_left": [5, 5, 5, 5, 4, 4, 4, 4, 4, 4, 4, 4, 4, 4, 4, 4, 4, 4, 4, 4, 4, 4, 4, 4, 4, 4, 4, 4, 4, 4, 4, 4, 4, 4, 4, 4, 4, 4, 4, 4, 4, 4, 4, 4, 4, 4, 4, 4, 4, 4, 4, 4, 4, 4, 4, 4, 4, 4, 4, 4, 4, 4, 4, 4, 4, 4, 4, 4, 4, 4, 4, 4, 4, 4, 4, 4, 4, 4, 4, 4], "b_turds_left": [5, 5, 5, 5, 5, 5, 5, 4, 4, 4, 4, 3, 3, 3, 3, 2, 2, 2, 2, 2, 2, 2, 2, 2, 2, 2, 2, 2, 2, 2, 2, 2, 2, 2, 2, 2, 2, 2, 2, 2, 2, 2, 2, 2, 2, 2, 2, 2, 2, 2, 2, 2, 2, 2, 2, 2, 2, 2, 2, 2, 2, 2, 2, 2, 2, 2, 2, 2, 2, 2, 2, 2, 2, 2, 2, 1, 1, 1, 1, 1], "a_time_left": [354.8879927918315, 354.8879927918315, 328.289319915697, 328.289319915697, 313.34569579176605, 313.34569579176605, 285.8008795417845, 285.8008795417845, 284.3816833756864, 284.3816833756864, 277.6146111227572, 277.6146111227572, 273.13042920455337, 273.13042920455337, 271.6152759119868, 271.6152759119868, 268.9983984529972, 268.9983984529972, 264.43915561772883, 264.43915561772883, 263.37291320227087, 263.37291320227087, 262.7278928682208, 262.7278928682208, 262.2189318668097, 262.2189318668097, 262.16399724036455, 262.16399724036455, 262.061480531469, 262.061480531469, 261.7620798237622, 261.7620798237622, 261.3635748643428, 261.3635748643428, 261.1900408640504, 261.1900408640504, 260.94124461337924, 260.94124461337924, 260.3274689055979, 260.3274689055979, 259.0651094894856, 259.0651094894856, 258.65577361546457, 258.65577361546457, 258.1125413682312, 258.1125413682312, 257.176351159811, 257.176351159811, 256.36625145189464, 256.36625145189464, 255.61004236713052, 255.61004236713052, 255.11650536768138, 255.11650536768138, 254.048554783687, 254.048554783687, 252.89481841027737, 252.89481841027737, 252.25861741043627, 252.25861741043627, 251.70445845276117, 251.70445845276117, 251.30171324498951, 251.30171324498951, 250.73815832845867, 250.73815832845867, 250.43625787086785, 250.43625787086785, 250.17124870605767, 250.17124870605767, 249.75916087068617, 249.75916087068617, 249.5387984532863, 249.5387984532863, 249.1992623694241, 249.1992623694241, 249.0239022038877, 249.0239022038877, 248.79465591162443, 248.79465591162443], "b_time_left": [360, 359.1005201265216, 359.1005201265216, 356.91887816786766, 356.91887816786766, 348.05344316735864, 348.05344316735864, 332.71966241672635, 332.71966241672635, 325.041705083102, 325.041705083102, 317.03715949878097, 317.03715949878097, 313.7616693302989, 313.7616693302989, 312.914131578058, 312.914131578058, 312.2576017882675, 312.2576017882675, 311.4723180383444, 311.4723180383444, 311.15953412279487, 311.15953412279487, 310.78909008204937, 310.78909008204937, 310.65809258259833, 310.65809258259833, 310.4777849148959, 310.4777849148959, 310.37997129000723, 310.37997129000723, 310.16885766759515, 310.16885766759515, 310.0194265432656, 310.0194265432656, 309.81002512574196, 309.81002512574196, 309.69112179242074, 309.69112179242074, 309.41983387619257, 309.41983387619257, 309.1996291652322, 309.1996291652322, 308.3108837902546, 308.3108837902546, 307.90322266332805, 307.90322266332805, 307.0892053283751, 307.0892053283751, 306.468559704721, 306.468559704721, 305.7185205388814, 305.7185205388814, 305.30613491497934, 305.30613491497934, 303.75807287171483, 303.75807287171483, 303.08113666437566, 303.08113666437566, 301.6678116209805, 301.6678116209805, 301.1566472016275, 301.1566472016275, 299.86067628487945, 299.86067628487945, 299.5991959925741, 299.5991959925741, 299.1060860734433, 299.1060860734433, 298.7545057814568, 298.7545057814568, 297.9401144068688, 297.9401144068688, 297.40222715958953, 297.40222715958953, 296.37148995138705, 296.37148995138705, 295.96808345243335, 295.96808345243335, 294.9483634531498], "a_moves_left": [39, 39, 38, 38, 37, 37, 36, 36, 35, 35, 34, 34, 33, 33, 32, 32, 31, 31, 30, 30, 29, 29, 28, 28, 27, 27, 26, 26, 25, 25, 24, 24, 23, 23, 22, 22, 21, 21, 20, 20, 19, 19, 18, 18, 17, 17, 16, 16, 15, 15, 14, 14, 13, 13, 12, 12, 11, 11, 10, 10, 9, 9, 8, 8, 7, 7, 6, 6, 5, 5, 4, 4, 3, 3, 2, 2, 1, 1, 0, 0], "b_moves_left": [40, 39, 39, 38, 38, 37, 37, 36, 36, 35, 35, 34, 34, 33, 33, 32, 32, 31, 31, 30, 30, 29, 29, 28, 28, 27, 27, 26, 26, 25, 25, 24, 24, 23, 23, 22, 22, 21, 21, 20, 20, 19, 19, 18, 18, 17, 17, 16, 16, 15, 15, 14, 14, 13, 13, 12, 12, 11, 11, 10, 10, 9, 9, 8, 8, 7, 7, 6, 6, 5, 5, 4, 4, 3, 3, 2, 2, 1, 1, 0], "trapdoor_triggered": [0, 0, 0, 0, 0, 0, 0, 0, 0, 0, 0, 0, 1, 0, 0, 0, 0, 0, 0, 0, 0, 0, 0, 0, 0, 0, 0, 0, 0, 0, 0, 0, 0, 0, 0, 0, 0, 0, 0, 0, 0, 0, 0, 0, 0, 0, 0, 0, 0, 0, 0, 0, 0, 0, 0, 0, 0, 0, 0, 0, 0, 0, 0, 0, 0, 0, 0, 0, 0, 0, 0, 0, 0, 0, 0, 0, 0, 0, 0, 0], "left_behind": ["egg", "egg", "plain", "plain", "turd", "egg", "plain", "turd", "egg", "egg", "plain", "turd", "egg", "egg", "plain", "turd", "plain", "egg", "egg", "plain", "plain", "egg", "egg", "plain", "plain", "egg", "egg", "plain", "plain", "egg", "egg", "plain", "plain", "egg", "egg", "plain", "plain", "plain", "plain", "plain", "plain", "egg", "egg", "plain", "plain", "egg", "egg", "plain", "plain", "egg", "plain", "plain", "plain", "egg", "egg", "plain", "plain", "plain", "egg", "plain", "plain", "egg", "egg", "plain", "plain", "plain", "egg", "plain", "plain", "plain", "egg", "plain", "plain", "plain", "plain", "turd", "plain", "plain", "plain", "plain"], "errlog_a": "", "errlog_b": "", "start_time": 360, "start_moves": 40, "turn_count": 80, "result": 1, "reason": "EGGS_LAID", "trapdoors": [[3, 5], [5, 4]], "spawn_a": [7, 1], "spawn_b": [0, 1]}