{"pos": [[0, 5], [6, 6], [1, 5], [6, 5], [1, 4], [5, 5], [1, 3], [4, 5], [1, 2], [3, 5], [1, 1], [3, 4], [1, 0], [2, 4], [2, 0], [2, 3], [2, 1], [2, 2], [3, 1], [3, 2], [4, 1], [4, 2], [5, 1], [4, 3], [4, 1], [5, 3], [4, 0], [6, 3], [5, 0], [6, 2], [6, 0], [7, 2], [6, 1], [6, 2], [5, 1], [6, 1], [4, 1], [7, 1], [4, 0], [7, 0], [4, 1], [7, 1], [4, 0], [7, 2], [4, 1], [7, 3], [4, 2], [7, 4], [4, 1], [6, 4], [3, 1], [5, 4], [3, 0], [5, 5], [2, 0], [5, 6], [1, 0], [5, 7], [0, 0], [4, 7], [0, 1], [4, 6], [0, 2], [3, 6], [0, 3], [2, 6], [0, 4], [2, 5], [1, 4], [2, 4], [1, 5], [2, 5], [0, 5], [2, 6], [0, 4], [2, 7], [0, 5], [2, 6], [0, 4], [1, 6]], "a_eggs_laid": [1, 1, 1, 1, 2, 2, 2, 2, 3, 3, 3, 3, 4, 4, 4, 4, 5, 5, 5, 5, 6, 6, 6, 6, 7, 7, 7, 7, 8, 8, 8, 8, 9, 9, 9, 9, 9, 9, 9, 9, 9, 9, 9, 9, 9, 9, 9, 9, 10, 10, 10, 10, 10, 10, 10, 10, 10, 10, 10, 10, 13, 13, 13, 13, 14, 14, 14, 14, 15, 15, 15, 15, 15, 15, 15, 15, 15, 15, 15, 15], "b_eggs_laid": [0, 1, 1, 1, 1, 2, 2, 2, 2, 3, 3, 3, 3, 4, 4, 4, 4, 5, 5, 5, 5, 6, 6, 6, 6, 7, 7, 7, 7, 8, 8, 8, 8, 9, 9, 9, 9, 10, 10, 10, 10, 13, 13, 13, 13, 13, 13, 13, 13, 14, 14, 14, 14, 15, 15, 15, 15, 16, 16, 16, 16, 17, 17, 17, 17, 18, 18, 18, 18, 19, 19, 19, 19, 19, 19, 19, 19, 20, 20, 20], "a_turds_left": [5, 5, 5, 5, 5, 5, 5, 5, 5, 5, 5, 5, 5, 5, 5, 5, 5, 5, 5, 5, 5, 5, 5, 5, 5, 5, 4, 4, 4, 4, 4, 4, 4, 4, 4, 4, 4, 4, 4, 4, 4, 4, 4, 4, 4, 4, 4, 4, 4, 4, 4, 4, 4, 4, 4, 4, 4, 4, 4, 4, 4, 4, 4, 4, 4, 4, 4, 4, 4, 4, 4, 4, 4, 4, 4, 4, 4, 4, 4, 4], "b_turds_left": [5, 5, 5, 5, 5, 5, 5, 5, 5, 5, 5, 5, 5, 5, 5, 5, 5, 5, 5, 4, 4, 4, 4, 4, 4, 4, 4, 4, 4, 4, 4, 4, 4, 4, 4, 4, 4, 4, 4, 4, 4, 4, 4, 4, 4, 4, 4, 4, 4, 4, 4, 4, 4, 4, 4, 4, 4, 4, 4, 4, 4, 4, 4, 4, 4, 4, 4, 3, 3, 3, 3, 2, 2, 2, 2, 2, 2, 2, 2, 2], "a_time_left": [359.3564013764262, 359.3564013764262, 358.24786454439163, 358.24786454439163, 356.75367029570043, 356.75367029570043, 355.47616395913064, 355.47616395913064, 354.0235679578036, 354.0235679578036, 352.314751457423, 352.314751457423, 351.58284766599536, 351.58284766599536, 351.2818509992212, 351.2818509992212, 350.88925433531404, 350.88925433531404, 350.6457003355026, 350.6457003355026, 350.54150937497616, 350.54150937497616, 350.39463595859706, 350.39463595859706, 350.0977870821953, 350.0977870821953, 349.4902306664735, 349.4902306664735, 349.2113072928041, 349.2113072928041, 349.05613979138434, 349.05613979138434, 348.95625304058194, 348.95625304058194, 348.80872616544366, 348.80872616544366, 348.77543141692877, 348.77543141692877, 348.72901087254286, 348.72901087254286, 348.70548607967794, 348.70548607967794, 348.6314657460898, 348.6314657460898, 348.52483682893217, 348.52483682893217, 348.40121441334486, 348.40121441334486, 348.3059780392796, 348.3059780392796, 347.8424474969506, 347.8424474969506, 347.5702461656183, 347.5702461656183, 346.9147190414369, 346.9147190414369, 346.44454220868647, 346.44454220868647, 346.28813904337585, 346.28813904337585, 346.22960408590734, 346.22960408590734, 346.014641167596, 346.014641167596, 345.821036208421, 345.821036208421, 345.643646877259, 345.643646877259, 345.440867042169, 345.440867042169, 345.32846633158624, 345.32846633158624, 345.28909487463534, 345.28909487463534, 345.1599629148841, 345.1599629148841, 345.10621853917837, 345.10621853917837, 344.96508129127324, 344.96508129127324], "b_time_left": [360, 358.98204437457025, 358.98204437457025, 352.8108480013907, 352.8108480013907, 346.2663508784026, 346.2663508784026, 335.74769429303706, 335.74769429303706, 331.36923846043646, 331.36923846043646, 329.2361735831946, 329.2361735831946, 327.59570270963013, 327.59570270963013, 326.63452366925776, 326.63452366925776, 325.738249251619, 325.738249251619, 324.8741448763758, 324.8741448763758, 323.9176914598793, 323.9176914598793, 323.4213685858995, 323.4213685858995, 322.87598637863994, 322.87598637863994, 322.54027996212244, 322.54027996212244, 322.1559879630804, 322.1559879630804, 321.94810762628913, 321.94810762628913, 321.8308656271547, 321.8308656271547, 321.74119554273784, 321.74119554273784, 321.69327395781875, 321.69327395781875, 321.6393792051822, 321.6393792051822, 321.62096403725445, 321.62096403725445, 321.5445500779897, 321.5445500779897, 321.4811285380274, 321.4811285380274, 321.4262218289077, 321.4262218289077, 321.21917437389493, 321.21917437389493, 320.8567900825292, 320.8567900825292, 320.2681448739022, 320.2681448739022, 319.5825760383159, 319.5825760383159, 318.93688353709877, 318.93688353709877, 318.76585199311376, 318.76585199311376, 318.63420344889164, 318.63420344889164, 318.28299161605537, 318.28299161605537, 317.73645027913153, 317.73645027913153, 317.45137548819184, 317.45137548819184, 317.2630055733025, 317.2630055733025, 317.0966279488057, 317.0966279488057, 316.9837905727327, 316.9837905727327, 316.91985149122775, 316.91985149122775, 316.85146365873516, 316.85146365873516, 316.7888560332358], "a_moves_left": [39, 39, 38, 38, 37, 37, 36, 36, 35, 35, 34, 34, 33, 33, 32, 32, 31, 31, 30, 30, 29, 29, 28, 28, 27, 27, 26, 26, 25, 25, 24, 24, 23, 23, 22, 22, 21, 21, 20, 20, 19, 19, 18, 18, 17, 17, 16, 16, 15, 15, 14, 14, 13, 13, 12, 12, 11, 11, 10, 10, 9, 9, 8, 8, 7, 7, 6, 6, 5, 5, 4, 4, 3, 3, 2, 2, 1, 1, 0, 0], "b_moves_left": [40, 39, 39, 38, 38, 37, 37, 36, 36, 35, 35, 34, 34, 33, 33, 32, 32, 31, 31, 30, 30, 29, 29, 28, 28, 27, 27, 26, 26, 25, 25, 24, 24, 23, 23, 22, 22, 21, 21, 20, 20, 19, 19, 18, 18, 17, 17, 16, 16, 15, 15, 14, 14, 13, 13, 12, 12, 11, 11, 10, 10, 9, 9, 8, 8, 7, 7, 6, 6, 5, 5, 4, 4, 3, 3, 2, 2, 1, 1, 0], "trapdoor_triggered": [0, 0, 0, 0, 0, 0, 0, 0, 0, 0, 0, 0, 0, 0, 0, 0, 0, 0, 0, 0, 0, 0, 0, 0, 0, 0, 0, 0, 0, 0, 0, 0, 0, 0, 0, 0, 0, 0, 0, 0, 0, 0, 0, 0, 0, 0, 0, 0, 0, 0, 0, 0, 0, 0, 0, 0, 0, 0, 0, 0, 0, 0, 0, 0, 0, 0, 0, 0, 0, 0, 0, 0, 0, 0, 0, 0, 0, 0, 0, 0], "left_behind": ["egg", "egg", "plain", "plain", "egg", "egg", "plain", "plain", "egg", "egg", "plain", "plain", "egg", "egg", "plain", "plain", "egg", "egg", "plain", "turd", "egg", "egg", "plain", "plain", "egg", "egg", "turd", "plain", "egg", "egg", "plain", "plain", "egg", "egg", "plain", "plain", "plain", "egg", "plain", "plain", "plain", "egg", "plain", "plain", "plain", "plain", "plain", "plain", "egg", "egg", "plain", "plain", "plain", "egg", "plain", "plain", "plain", "egg", "plain", "plain", "egg", "egg", "plain", "plain", "egg", "egg", "plain", "turd", "egg", "egg", "plain", "turd", "plain", "plain", "plain", "plain", "plain", "egg", "plain", "plain"], "errlog_a": "", "errlog_b": "", "start_time": 360, "start_moves": 40, "turn_count": 80, "result": 1, "reason": "EGGS_LAID", "trapdoors": [[4, 4], [5, 2]], "spawn_a": [0, 6], "spawn_b": [7, 6]}