{"pos": [[7, 4], [1, 5], [6, 4], [2, 5], [5, 4], [2, 4], [5, 3], [3, 4], [6, 3], [3, 3], [6, 2], [4, 3], [6, 3], [4, 2], [6, 4], [4, 1], [6, 5], [3, 1], [6, 6], [3, 0], [7, 6], [4, 0], [7, 7], [5, 0], [6, 7], [6, 0], [5, 7], [7, 0], [5, 6], [7, 1], [5, 5], [6, 1], [4, 5], [5, 1], [3, 5], [4, 1], [4, 5], [3, 1], [4, 6], [2, 1], [4, 7], [1, 1], [3, 7], [0, 1], [3, 6], [1, 1], [2, 6], [1, 2], [2, 7], [1, 3], [1, 7], [0, 3], [1, 6], [1, 3], [1, 5], [0, 3], [1, 6], [1, 3], [1, 5], [0, 3], [1, 6], [1, 3], [1, 5], [0, 3], [1, 6], [1, 3], [1, 5], [0, 3], [1, 6], [1, 3], [1, 5], [0, 3], [1, 6], [1, 3], [1, 5], [0, 3], [1, 6], [1, 3], [1, 5], [0, 3]], "a_eggs_laid": [1, 1, 1, 1, 2, 2, 2, 2, 3, 3, 3, 3, 4, 4, 4, 4, 4, 4, 4, 4, 5, 5, 5, 5, 8, 8, 8, 8, 9, 9, 9, 9, 10, 10, 10, 10, 11, 11, 11, 11, 12, 12, 12, 12, 13, 13, 13, 13, 14, 14, 14, 14, 15, 15, 15, 15, 16, 16, 16, 16, 16, 16, 16, 16, 16, 16, 16, 16, 16, 16, 16, 16, 16, 16, 16, 16, 16, 16, 16, 16], "b_eggs_laid": [0, 1, 1, 1, 1, 2, 2, 2, 2, 3, 3, 3, 3, 4, 4, 4, 4, 5, 5, 5, 5, 6, 6, 6, 6, 7, 7, 7, 7, 10, 10, 10, 10, 11, 11, 11, 11, 11, 11, 11, 11, 12, 12, 12, 12, 13, 13, 13, 13, 14, 14, 14, 14, 15, 15, 15, 15, 15, 15, 15, 15, 15, 15, 15, 15, 15, 15, 15, 15, 15, 15, 15, 15, 15, 15, 15, 15, 15, 15, 15], "a_turds_left": [5, 5, 5, 5, 5, 5, 4, 4, 4, 4, 4, 4, 4, 4, 3, 3, 3, 3, 3, 3, 3, 3, 3, 3, 3, 3, 3, 3, 3, 3, 3, 3, 3, 3, 3, 3, 3, 3, 3, 3, 3, 3, 3, 3, 3, 3, 3, 3, 3, 3, 3, 3, 3, 3, 3, 3, 3, 3, 3, 3, 3, 3, 3, 3, 3, 3, 3, 3, 3, 3, 3, 3, 3, 3, 3, 3, 3, 3, 3, 3], "b_turds_left": [5, 5, 5, 5, 5, 5, 5, 4, 4, 4, 4, 3, 3, 3, 3, 2, 2, 2, 2, 2, 2, 2, 2, 2, 2, 2, 2, 2, 2, 2, 2, 2, 2, 2, 2, 2, 2, 2, 2, 2, 2, 2, 2, 2, 2, 2, 2, 2, 2, 2, 2, 2, 2, 2, 2, 2, 2, 2, 2, 2, 2, 2, 2, 2, 2, 2, 2, 2, 2, 2, 2, 2, 2, 2, 2, 2, 2, 2, 2, 2], "a_time_left": [357.42778703942895, 357.42778703942895, 352.1886904165149, 352.1886904165149, 344.1055402904749, 344.1055402904749, 331.74702674895525, 331.74702674895525, 327.86986991390586, 327.86986991390586, 322.5426080394536, 322.5426080394536, 321.3447992056608, 321.3447992056608, 318.53369570709765, 318.53369570709765, 317.57294275052845, 317.57294275052845, 315.43669079244137, 315.43669079244137, 314.8776291683316, 314.8776291683316, 314.7506627943367, 314.7506627943367, 314.6199445873499, 314.6199445873499, 314.53508754633367, 314.53508754633367, 314.4514902550727, 314.4514902550727, 314.18221271410584, 314.18221271410584, 313.6504170894623, 313.6504170894623, 312.84790438227355, 312.84790438227355, 312.23095950856805, 312.23095950856805, 310.4711722601205, 310.4711722601205, 309.15160976164043, 309.15160976164043, 308.24649280309677, 308.24649280309677, 307.98661384359, 307.98661384359, 306.8849955108017, 306.8849955108017, 306.1460527200252, 306.1460527200252, 305.54280338808894, 305.54280338808894, 305.4732659701258, 305.4732659701258, 305.19289392977953, 305.19289392977953, 305.0913054291159, 305.0913054291159, 304.5855510942638, 304.5855510942638, 304.4991835542023, 304.4991835542023, 303.99386584572494, 303.99386584572494, 303.9075410552323, 303.9075410552323, 303.4013355560601, 303.4013355560601, 303.31527830660343, 303.31527830660343, 302.80923964083195, 302.80923964083195, 302.7226635571569, 302.7226635571569, 302.2149783913046, 302.2149783913046, 302.12838539108634, 302.12838539108634, 301.622489599511, 301.622489599511], "b_time_left": [360, 359.81841145828366, 359.81841145828366, 358.67063920758665, 358.67063920758665, 354.1409171242267, 354.1409171242267, 350.77999458275735, 350.77999458275735, 348.82643991708755, 348.82643991708755, 346.46793991699815, 346.46793991699815, 345.4268101695925, 345.4268101695925, 344.9975003376603, 344.9975003376603, 344.3108065854758, 344.3108065854758, 343.5522742513567, 343.5522742513567, 343.17052316851914, 343.17052316851914, 343.03256246075034, 343.03256246075034, 342.8000420872122, 342.8000420872122, 342.400829879567, 342.400829879567, 342.0299435444176, 342.0299435444176, 341.76089146360755, 341.76089146360755, 341.6341688372195, 341.6341688372195, 341.3897721283138, 341.3897721283138, 341.23958221264184, 341.23958221264184, 341.07257817313075, 341.07257817313075, 340.93552117422223, 340.93552117422223, 340.808375634253, 340.808375634253, 340.59869909472764, 340.59869909472764, 340.4179703462869, 340.4179703462869, 340.25305151194334, 340.25305151194334, 339.97755801305175, 339.97755801305175, 339.78292092867196, 339.78292092867196, 339.5800766777247, 339.5800766777247, 339.3642038870603, 339.3642038870603, 339.1625031773001, 339.1625031773001, 338.94663921929896, 338.94663921929896, 338.7453123871237, 338.7453123871237, 338.52949438616633, 338.52949438616633, 338.3279394283891, 338.3279394283891, 338.0618290528655, 338.0618290528655, 337.8602340966463, 337.8602340966463, 337.6442870553583, 337.6442870553583, 337.44275226444006, 337.44275226444006, 337.22648368030787, 337.22648368030787, 337.0251219738275], "a_moves_left": [39, 39, 38, 38, 37, 37, 36, 36, 35, 35, 34, 34, 33, 33, 32, 32, 31, 31, 30, 30, 29, 29, 28, 28, 27, 27, 26, 26, 25, 25, 24, 24, 23, 23, 22, 22, 21, 21, 20, 20, 19, 19, 18, 18, 17, 17, 16, 16, 15, 15, 14, 14, 13, 13, 12, 12, 11, 11, 10, 10, 9, 9, 8, 8, 7, 7, 6, 6, 5, 5, 4, 4, 3, 3, 2, 2, 1, 1, 0, 0], "b_moves_left": [40, 39, 39, 38, 38, 37, 37, 36, 36, 35, 35, 34, 34, 33, 33, 32, 32, 31, 31, 30, 30, 29, 29, 28, 28, 27, 27, 26, 26, 25, 25, 24, 24, 23, 23, 22, 22, 21, 21, 20, 20, 19, 19, 18, 18, 17, 17, 16, 16, 15, 15, 14, 14, 13, 13, 12, 12, 11, 11, 10, 10, 9, 9, 8, 8, 7, 7, 6, 6, 5, 5, 4, 4, 3, 3, 2, 2, 1, 1, 0], "trapdoor_triggered": [0, 0, 0, 0, 0, 0, 0, 0, 0, 0, 0, 0, 0, 0, 0, 0, 0, 0, 0, 0, 0, 0, 0, 0, 0, 0, 0, 0, 0, 0, 0, 0, 0, 0, 0, 0, 0, 0, 0, 0, 0, 0, 0, 0, 0, 0, 0, 0, 0, 0, 0, 0, 0, 0, 0, 0, 0, 0, 0, 0, 0, 0, 0, 0, 0, 0, 0, 0, 0, 0, 0, 0, 0, 0, 0, 0, 0, 0, 0, 0], "left_behind": ["egg", "egg", "plain", "plain", "egg", "egg", "turd", "turd", "egg", "egg", "plain", "turd", "egg", "egg", "turd", "turd", "plain", "egg", "plain", "plain", "egg", "egg", "plain", "plain", "egg", "egg", "plain", "plain", "egg", "egg", "plain", "plain", "egg", "egg", "plain", "plain", "egg", "plain", "plain", "plain", "egg", "egg", "plain", "plain", "egg", "egg", "plain", "plain", "egg", "egg", "plain", "plain", "egg", "egg", "plain", "plain", "egg", "plain", "plain", "plain", "plain", "plain", "plain", "plain", "plain", "plain", "plain", "plain", "plain", "plain", "plain", "plain", "plain", "plain", "plain", "plain", "plain", "plain", "plain", "plain"], "errlog_a": "", "errlog_b": "", "start_time": 360, "start_moves": 40, "turn_count": 80, "result": 0, "reason": "EGGS_LAID", "trapdoors": [[4, 4], [3, 2]], "spawn_a": [7, 5], "spawn_b": [0, 5]}