{"pos": [[0, 5], [6, 6], [1, 5], [5, 6], [0, 5], [5, 5], [0, 6], [4, 5], [0, 5], [4, 4], [0, 4], [4, 3], [0, 3], [3, 3], [1, 3], [3, 2], [1, 2], [2, 2], [1, 1], [2, 3], [0, 1], [2, 4], [0, 2], [2, 5], [0, 1], [2, 6], [0, 0], [1, 6], [1, 0], [2, 6], [2, 0], [3, 6], [3, 0], [4, 6], [3, 1], [4, 7], [4, 1], [3, 7], [5, 1], [2, 7], [6, 1], [3, 7], [6, 2], [4, 7], [7, 2], [5, 7], [7, 3], [6, 7], [7, 4], [6, 6], [6, 4], [6, 5], [6, 3], [7, 5], [6, 2], [7, 4], [6, 1], [7, 5], [6, 0], [7, 4], [7, 0], [7, 5], [7, 1], [6, 5], [7, 0], [7, 5], [6, 0], [6, 5], [5, 0], [5, 5], [4, 0], [5, 4], [4, 1], [4, 4], [4, 2], [4, 3], [4, 1], [4, 4], [4, 0], [4, 3]], "a_eggs_laid": [1, 1, 1, 1, 2, 2, 2, 2, 2, 2, 2, 2, 3, 3, 3, 3, 4, 4, 4, 4, 4, 4, 4, 4, 5, 5, 5, 5, 8, 8, 8, 8, 9, 9, 9, 9, 10, 10, 10, 10, 11, 11, 11, 11, 12, 12, 12, 12, 13, 13, 13, 13, 14, 14, 14, 14, 14, 14, 14, 14, 15, 15, 15, 15, 16, 16, 16, 16, 16, 16, 16, 16, 17, 17, 17, 17, 18, 18, 18, 18], "b_eggs_laid": [0, 1, 1, 1, 1, 2, 2, 2, 2, 3, 3, 3, 3, 4, 4, 4, 4, 5, 5, 5, 5, 6, 6, 6, 6, 7, 7, 7, 7, 8, 8, 8, 8, 9, 9, 9, 9, 10, 10, 10, 10, 11, 11, 11, 11, 11, 11, 11, 11, 12, 12, 12, 12, 13, 13, 13, 13, 14, 14, 14, 14, 14, 14, 14, 14, 14, 14, 14, 14, 14, 14, 14, 14, 15, 15, 15, 15, 15, 15, 15], "a_turds_left": [5, 5, 5, 5, 5, 5, 5, 5, 5, 5, 5, 5, 5, 5, 5, 5, 5, 5, 5, 5, 4, 4, 4, 4, 4, 4, 4, 4, 4, 4, 4, 4, 4, 4, 4, 4, 4, 4, 4, 4, 4, 4, 4, 4, 4, 4, 4, 4, 4, 4, 4, 4, 4, 4, 4, 4, 4, 4, 4, 4, 4, 4, 4, 4, 4, 4, 4, 4, 4, 4, 4, 4, 4, 4, 4, 4, 4, 4, 4, 4], "b_turds_left": [5, 5, 5, 5, 5, 5, 5, 4, 4, 4, 4, 3, 3, 3, 3, 2, 2, 2, 2, 1, 1, 1, 1, 0, 0, 0, 0, 0, 0, 0, 0, 0, 0, 0, 0, 0, 0, 0, 0, 0, 0, 0, 0, 0, 0, 0, 0, 0, 0, 0, 0, 0, 0, 0, 0, 0, 0, 0, 0, 0, 0, 0, 0, 0, 0, 0, 0, 0, 0, 0, 0, 0, 0, 0, 0, 0, 0, 0, 0, 0], "a_time_left": [359.35114183463156, 359.35114183463156, 358.2412348780781, 358.2412348780781, 357.698223169893, 357.698223169893, 356.60617979615927, 356.60617979615927, 356.10188046097755, 356.10188046097755, 356.0063921697438, 356.0063921697438, 355.9259007945657, 355.9259007945657, 355.83652471005917, 355.83652471005917, 355.4362950846553, 355.4362950846553, 355.1961577087641, 355.1961577087641, 355.13554295524955, 355.13554295524955, 355.09964670427144, 355.09964670427144, 355.0265192873776, 355.0265192873776, 354.8633555788547, 354.8633555788547, 354.7781691607088, 354.7781691607088, 354.66174907796085, 354.66174907796085, 354.53846145421267, 354.53846145421267, 354.3496432453394, 354.3496432453394, 354.13243366219103, 354.13243366219103, 353.90177590958774, 353.90177590958774, 353.6941447015852, 353.6941447015852, 353.2006217446178, 353.2006217446178, 352.84691953472793, 352.84691953472793, 352.68874887004495, 352.68874887004495, 352.62739595398307, 352.62739595398307, 352.5784457027912, 352.5784457027912, 352.53295424208045, 352.53295424208045, 352.4923187419772, 352.4923187419772, 352.4546621982008, 352.4546621982008, 352.35330782458186, 352.35330782458186, 352.32374865561724, 352.32374865561724, 352.2709588240832, 352.2709588240832, 352.23635619692504, 352.23635619692504, 352.15701123699546, 352.15701123699546, 352.102543361485, 352.102543361485, 351.9272179864347, 351.9272179864347, 351.8849573601037, 351.8849573601037, 351.8184985667467, 351.8184985667467, 351.76787510700524, 351.76787510700524, 351.65487848222256, 351.65487848222256], "b_time_left": [360, 359.79759037680924, 359.79759037680924, 358.8432822525501, 358.8432822525501, 357.2976060882211, 357.2976060882211, 355.8095040451735, 355.8095040451735, 352.69790212623775, 352.69790212623775, 350.70696879178286, 350.70696879178286, 348.03615933284163, 348.03615933284163, 347.517169540748, 347.517169540748, 347.04265645705163, 347.04265645705163, 346.86192650161684, 346.86192650161684, 346.69551796093583, 346.69551796093583, 346.3679800443351, 346.3679800443351, 346.15288241766393, 346.15288241766393, 346.0942443367094, 346.0942443367094, 346.06726608611643, 346.06726608611643, 346.02642829343677, 346.02642829343677, 345.93811037763953, 345.93811037763953, 345.8821426257491, 345.8821426257491, 345.8090575430542, 345.8090575430542, 345.72967900149524, 345.72967900149524, 345.69145312719047, 345.69145312719047, 345.6522080041468, 345.6522080041468, 345.5984480474144, 345.5984480474144, 345.5423227548599, 345.5423227548599, 345.45176833868027, 345.45176833868027, 345.39940762892365, 345.39940762892365, 345.31555421091616, 345.31555421091616, 345.2643140871078, 345.2643140871078, 345.1911527942866, 345.1911527942866, 345.13029925338924, 345.13029925338924, 345.1027375459671, 345.1027375459671, 345.0394083391875, 345.0394083391875, 345.0045654233545, 345.0045654233545, 344.94209050759673, 344.94209050759673, 344.8539720904082, 344.8539720904082, 344.806176006794, 344.806176006794, 344.73277496546507, 344.73277496546507, 344.691384466365, 344.691384466365, 344.6523929666728, 344.6523929666728, 344.6143047977239], "a_moves_left": [39, 39, 38, 38, 37, 37, 36, 36, 35, 35, 34, 34, 33, 33, 32, 32, 31, 31, 30, 30, 29, 29, 28, 28, 27, 27, 26, 26, 25, 25, 24, 24, 23, 23, 22, 22, 21, 21, 20, 20, 19, 19, 18, 18, 17, 17, 16, 16, 15, 15, 14, 14, 13, 13, 12, 12, 11, 11, 10, 10, 9, 9, 8, 8, 7, 7, 6, 6, 5, 5, 4, 4, 3, 3, 2, 2, 1, 1, 0, 0], "b_moves_left": [40, 39, 39, 38, 38, 37, 37, 36, 36, 35, 35, 34, 34, 33, 33, 32, 32, 31, 31, 30, 30, 29, 29, 28, 28, 27, 27, 26, 26, 25, 25, 24, 24, 23, 23, 22, 22, 21, 21, 20, 20, 19, 19, 18, 18, 17, 17, 16, 16, 15, 15, 14, 14, 13, 13, 12, 12, 11, 11, 10, 10, 9, 9, 8, 8, 7, 7, 6, 6, 5, 5, 4, 4, 3, 3, 2, 2, 1, 1, 0], "trapdoor_triggered": [0, 0, 0, 0, 0, 0, 0, 0, 0, 0, 0, 0, 0, 0, 0, 0, 0, 0, 0, 0, 0, 0, 0, 0, 0, 0, 0, 0, 0, 0, 0, 0, 0, 0, 0, 0, 0, 0, 0, 0, 0, 0, 0, 0, 0, 0, 0, 0, 0, 0, 0, 0, 0, 0, 0, 0, 0, 0, 0, 0, 0, 0, 0, 0, 0, 0, 0, 0, 0, 0, 0, 0, 0, 0, 0, 0, 0, 0, 0, 0], "left_behind": ["egg", "egg", "plain", "plain", "egg", "egg", "plain", "turd", "plain", "egg", "plain", "turd", "egg", "egg", "plain", "turd", "egg", "egg", "plain", "turd", "turd", "egg", "plain", "turd", "egg", "egg", "plain", "plain", "egg", "egg", "plain", "plain", "egg", "egg", "plain", "plain", "egg", "egg", "plain", "plain", "egg", "egg", "plain", "plain", "egg", "plain", "plain", "plain", "egg", "egg", "plain", "plain", "egg", "egg", "plain", "plain", "plain", "egg", "plain", "plain", "egg", "plain", "plain", "plain", "egg", "plain", "plain", "plain", "plain", "plain", "plain", "plain", "egg", "egg", "plain", "plain", "egg", "plain", "plain", "plain"], "errlog_a": "", "errlog_b": "", "start_time": 360, "start_moves": 40, "turn_count": 80, "result": 0, "reason": "EGGS_LAID", "trapdoors": [[5, 3], [3, 4]], "spawn_a": [0, 6], "spawn_b": [7, 6]}