{"pos": [[7, 2], [1, 1], [6, 2], [2, 1], [7, 2], [2, 2], [7, 3], [2, 3], [7, 4], [3, 3], [7, 5], [0, 2], [7, 6], [1, 2], [6, 6], [2, 2], [6, 5], [3, 2], [5, 5], [4, 2], [6, 5], [4, 3], [6, 4], [4, 4], [6, 3], [4, 5], [6, 4], [4, 4], [6, 3], [3, 4], [6, 4], [2, 4], [6, 3], [1, 4], [6, 4], [1, 5], [6, 3], [2, 5], [6, 4], [1, 5], [6, 3], [0, 5], [6, 4], [0, 6], [6, 3], [1, 6], [6, 4], [2, 6], [6, 3], [2, 7], [6, 4], [2, 6], [6, 3], [3, 6], [6, 4], [2, 6], [6, 3], [3, 6], [6, 2], [3, 7], [6, 3], [4, 7], [6, 4], [3, 7], [6, 3], [4, 7], [6, 2], [3, 7], [6, 1], [4, 7], [6, 0], [5, 7], [6, 1], [6, 7], [5, 1], [5, 7], [5, 0], [6, 7], [4, 0], [7, 7]], "a_eggs_laid": [1, 1, 1, 1, 2, 2, 2, 2, 3, 3, 7, 7, 8, 8, 8, 8, 9, 9, 9, 9, 10, 10, 10, 10, 11, 11, 11, 11, 11, 11, 11, 11, 11, 11, 11, 11, 11, 11, 11, 11, 11, 11, 11, 11, 11, 11, 11, 11, 11, 11, 11, 11, 11, 11, 11, 11, 11, 11, 11, 11, 11, 11, 11, 11, 11, 11, 11, 11, 11, 11, 11, 11, 12, 12, 12, 12, 13, 13, 13, 13], "b_eggs_laid": [0, 1, 1, 1, 1, 2, 2, 2, 2, 3, 3, 3, 3, 3, 3, 4, 4, 4, 4, 5, 5, 5, 5, 6, 6, 6, 6, 7, 7, 7, 7, 8, 8, 8, 8, 9, 9, 9, 9, 10, 10, 10, 10, 11, 11, 11, 11, 12, 12, 12, 12, 13, 13, 13, 13, 14, 14, 14, 14, 14, 14, 14, 14, 15, 15, 15, 15, 15, 15, 15, 15, 15, 15, 15, 15, 16, 16, 16, 16, 16], "a_turds_left": [5, 5, 5, 5, 5, 5, 5, 5, 5, 5, 5, 5, 5, 5, 5, 5, 5, 5, 5, 5, 5, 5, 5, 5, 5, 5, 5, 5, 5, 5, 5, 5, 5, 5, 5, 5, 5, 5, 5, 5, 5, 5, 5, 5, 5, 5, 5, 5, 5, 5, 5, 5, 5, 5, 5, 5, 5, 5, 5, 5, 5, 5, 5, 5, 5, 5, 5, 5, 5, 5, 5, 5, 5, 5, 5, 5, 5, 5, 5, 5], "b_turds_left": [5, 5, 5, 5, 5, 5, 5, 4, 4, 4, 4, 4, 4, 4, 4, 4, 4, 4, 4, 4, 4, 3, 3, 3, 3, 2, 2, 2, 2, 2, 2, 2, 2, 1, 1, 1, 1, 1, 1, 1, 1, 1, 1, 1, 1, 1, 1, 1, 1, 1, 1, 1, 1, 1, 1, 1, 1, 1, 1, 1, 1, 1, 1, 1, 1, 1, 1, 1, 1, 1, 1, 1, 1, 1, 1, 1, 1, 1, 1, 1], "a_time_left": [359.35939545556903, 359.35939545556903, 358.292961999774, 358.292961999774, 357.67691512592137, 357.67691512592137, 357.2129071261734, 357.2129071261734, 356.92065983451903, 356.92065983451903, 356.34104749932885, 356.34104749932885, 355.5900359991938, 355.5900359991938, 354.01723533309996, 354.01723533309996, 353.13747270964086, 353.13747270964086, 351.28659891709685, 351.28659891709685, 350.4676670432091, 350.4676670432091, 349.9805072918534, 349.9805072918534, 349.7214024178684, 349.7214024178684, 349.17816804535687, 349.17816804535687, 348.69028921052814, 348.69028921052814, 348.0138779580593, 348.0138779580593, 347.16947329230607, 347.16947329230607, 346.5565367080271, 346.5565367080271, 345.69334499910474, 345.69334499910474, 344.8363964166492, 344.8363964166492, 344.02666833251715, 344.02666833251715, 343.418247833848, 343.418247833848, 342.9100384172052, 342.9100384172052, 342.0742970854044, 342.0742970854044, 341.3026969600469, 341.3026969600469, 340.8540252521634, 340.8540252521634, 340.10137842036784, 340.10137842036784, 339.4245036691427, 339.4245036691427, 338.80431383661926, 338.80431383661926, 338.1946090888232, 338.1946090888232, 337.87137775681913, 337.87137775681913, 337.5889124646783, 337.5889124646783, 337.24054492264986, 337.24054492264986, 336.9869517572224, 336.9869517572224, 336.81336696632206, 336.81336696632206, 336.6326786354184, 336.6326786354184, 336.5338473431766, 336.5338473431766, 336.4507506787777, 336.4507506787777, 336.35460784472525, 336.35460784472525, 336.31735067628324, 336.31735067628324], "b_time_left": [360, 359.7997288350016, 359.7997288350016, 358.8465928770602, 358.8465928770602, 357.31958583556116, 357.31958583556116, 355.44582958333194, 355.44582958333194, 352.92094745859504, 352.92094745859504, 352.5576592516154, 352.5576592516154, 352.1048768348992, 352.1048768348992, 351.383603958413, 351.383603958413, 349.0144820827991, 349.0144820827991, 348.094558916986, 348.094558916986, 346.7917825821787, 346.7917825821787, 346.3887388724834, 346.3887388724834, 345.3160419538617, 345.3160419538617, 344.60371432825923, 344.60371432825923, 343.93030124530196, 343.93030124530196, 343.60971495322883, 343.60971495322883, 342.90733020193875, 342.90733020193875, 342.6869188249111, 342.6869188249111, 342.1279981583357, 342.1279981583357, 341.745273033157, 341.745273033157, 341.32259682379663, 341.32259682379663, 341.15603615902364, 341.15603615902364, 340.8158269505948, 340.8158269505948, 340.5222385339439, 340.5222385339439, 339.9341715760529, 339.9341715760529, 339.52012491226196, 339.52012491226196, 338.8486003689468, 338.8486003689468, 338.52809257619083, 338.52809257619083, 337.904178077355, 337.904178077355, 337.34570041298866, 337.34570041298866, 336.9504669960588, 336.9504669960588, 336.70385166443884, 336.70385166443884, 336.27923253923655, 336.27923253923655, 336.0203933734447, 336.0203933734447, 335.7448134571314, 335.7448134571314, 335.57380970939994, 335.57380970939994, 335.3449825439602, 335.3449825439602, 335.3039030879736, 335.3039030879736, 335.2128088399768, 335.2128088399768, 335.1884885057807], "a_moves_left": [39, 39, 38, 38, 37, 37, 36, 36, 35, 35, 34, 34, 33, 33, 32, 32, 31, 31, 30, 30, 29, 29, 28, 28, 27, 27, 26, 26, 25, 25, 24, 24, 23, 23, 22, 22, 21, 21, 20, 20, 19, 19, 18, 18, 17, 17, 16, 16, 15, 15, 14, 14, 13, 13, 12, 12, 11, 11, 10, 10, 9, 9, 8, 8, 7, 7, 6, 6, 5, 5, 4, 4, 3, 3, 2, 2, 1, 1, 0, 0], "b_moves_left": [40, 39, 39, 38, 38, 37, 37, 36, 36, 35, 35, 34, 34, 33, 33, 32, 32, 31, 31, 30, 30, 29, 29, 28, 28, 27, 27, 26, 26, 25, 25, 24, 24, 23, 23, 22, 22, 21, 21, 20, 20, 19, 19, 18, 18, 17, 17, 16, 16, 15, 15, 14, 14, 13, 13, 12, 12, 11, 11, 10, 10, 9, 9, 8, 8, 7, 7, 6, 6, 5, 5, 4, 4, 3, 3, 2, 2, 1, 1, 0], "trapdoor_triggered": [0, 0, 0, 0, 0, 0, 0, 0, 0, 1, 0, 0, 0, 0, 0, 0, 0, 0, 0, 0, 0, 0, 0, 0, 0, 0, 0, 0, 0, 0, 0, 0, 0, 0, 0, 0, 0, 0, 0, 0, 0, 0, 0, 0, 0, 0, 0, 0, 0, 0, 0, 0, 0, 0, 0, 0, 0, 0, 0, 0, 0, 0, 0, 0, 0, 0, 0, 0, 0, 0, 0, 0, 0, 0, 0, 0, 0, 0, 0, 0], "left_behind": ["egg", "egg", "plain", "plain", "egg", "egg", "plain", "turd", "egg", "egg", "plain", "plain", "egg", "plain", "plain", "egg", "egg", "plain", "plain", "egg", "egg", "turd", "plain", "egg", "egg", "turd", "plain", "egg", "plain", "plain", "plain", "egg", "plain", "turd", "plain", "egg", "plain", "plain", "plain", "egg", "plain", "plain", "plain", "egg", "plain", "plain", "plain", "egg", "plain", "plain", "plain", "egg", "plain", "plain", "plain", "egg", "plain", "plain", "plain", "plain", "plain", "plain", "plain", "egg", "plain", "plain", "plain", "plain", "plain", "plain", "plain", "plain", "egg", "plain", "plain", "egg", "egg", "plain", "plain", "plain"], "errlog_a": "", "errlog_b": "", "start_time": 360, "start_moves": 40, "turn_count": 80, "result": 1, "reason": "EGGS_LAID", "trapdoors": [[3, 3], [5, 2]], "spawn_a": [7, 1], "spawn_b": [0, 1]}