{"pos": [[0, 5], [6, 6], [1, 5], [6, 5], [1, 6], [5, 5], [1, 7], [4, 5], [1, 6], [3, 5], [2, 6], [6, 6], [1, 6], [5, 6], [1, 5], [5, 5], [0, 5], [5, 4], [0, 4], [4, 4], [0, 3], [4, 3], [0, 2], [3, 3], [0, 1], [3, 2], [1, 1], [3, 1], [2, 1], [3, 0], [3, 1], [2, 0], [2, 1]], "a_eggs_laid": [1, 1, 1, 1, 2, 2, 2, 2, 3, 3, 7, 7, 8, 8, 8, 8, 8, 8, 8, 8, 9, 9, 9, 9, 10, 10, 10, 10, 11, 11, 11, 11, 11], "b_eggs_laid": [0, 1, 1, 1, 1, 2, 2, 2, 2, 3, 3, 3, 3, 3, 3, 4, 4, 4, 4, 5, 5, 5, 5, 6, 6, 6, 6, 7, 7, 7, 7, 8, 8], "a_turds_left": [5, 5, 5, 5, 5, 5, 5, 5, 5, 5, 5, 5, 5, 5, 5, 5, 5, 5, 5, 5, 5, 5, 5, 5, 5, 5, 5, 5, 5, 5, 5, 5, 4], "b_turds_left": [5, 5, 5, 5, 5, 5, 5, 5, 5, 5, 5, 5, 5, 4, 4, 4, 4, 4, 4, 4, 4, 3, 3, 3, 3, 2, 2, 2, 2, 2, 2, 2, 2], "a_time_left": [359.34606095962226, 359.34606095962226, 358.2784802932292, 358.2784802932292, 356.8012473769486, 356.8012473769486, 354.0038494616747, 354.0038494616747, 353.40842712670565, 353.40842712670565, 352.097675209865, 352.097675209865, 351.12605366669595, 351.12605366669595, 350.6613571662456, 350.6613571662456, 350.26588533073664, 350.26588533073664, 349.79785311967134, 349.79785311967134, 349.28894157893956, 349.28894157893956, 347.49482707865536, 347.49482707865536, 346.6183372437954, 346.6183372437954, 345.00689545460045, 345.00689545460045, 343.3124085366726, 343.3124085366726, 342.98924641124904, 342.98924641124904, 342.8759779520333], "b_time_left": [360, 359.00673791766167, 359.00673791766167, 352.75831229425967, 352.75831229425967, 346.61269767023623, 346.61269767023623, 343.1086817551404, 343.1086817551404, 339.53725692257285, 339.53725692257285, 338.5785441324115, 338.5785441324115, 337.0442467164248, 337.0442467164248, 336.41527267359197, 336.41527267359197, 335.59563300572336, 335.59563300572336, 333.9115965459496, 333.9115965459496, 332.5379544645548, 332.5379544645548, 328.82349654845893, 328.82349654845893, 326.22195363231003, 326.22195363231003, 324.2771178409457, 324.2771178409457, 323.5974679682404, 323.5974679682404, 323.46328680217266, 323.46328680217266], "a_moves_left": [39, 39, 38, 38, 37, 37, 36, 36, 35, 35, 34, 34, 33, 33, 32, 32, 31, 31, 30, 30, 29, 29, 28, 28, 27, 27, 26, 26, 25, 25, 24, 24, 23], "b_moves_left": [40, 39, 39, 38, 38, 37, 37, 36, 36, 35, 35, 34, 34, 33, 33, 32, 32, 31, 31, 30, 30, 29, 29, 28, 28, 27, 27, 26, 26, 25, 25, 24, 24], "trapdoor_triggered": [0, 0, 0, 0, 0, 0, 0, 0, 0, 1, 0, 0, 0, 0, 0, 0, 0, 0, 0, 0, 0, 0, 0, 0, 0, 0, 0, 0, 0, 0, 0, 0, 0], "left_behind": ["egg", "egg", "plain", "plain", "egg", "egg", "plain", "plain", "egg", "egg", "plain", "plain", "egg", "turd", "plain", "egg", "plain", "plain", "plain", "egg", "egg", "turd", "plain", "egg", "egg", "turd", "plain", "egg", "egg", "plain", "plain", "egg", "turd"], "errlog_a": "", "errlog_b": "", "start_time": 360, "start_moves": 40, "turn_count": 33, "result": 0, "reason": "CODE_CRASH", "trapdoors": [[3, 5], [3, 4]], "spawn_a": [0, 6], "spawn_b": [7, 6]}