{"pos": [[2, 1], [2, 6], [2, 2], [2, 5], [3, 2], [2, 4], [3, 0], [2, 3], [4, 0], [3, 3], [4, 1], [4, 3], [4, 2], [4, 4], [5, 2], [5, 4], [5, 3], [6, 4], [6, 3], [6, 5], [6, 4], [6, 6], [6, 3], [5, 6], [6, 2], [4, 6], [6, 1], [4, 5], [5, 1], [3, 5], [4, 1], [3, 4], [3, 1], [2, 4], [2, 1], [1, 4], [1, 1], [1, 3], [1, 2], [0, 3], [1, 3], [0, 2], [1, 2]], "a_eggs_laid": [1, 1, 1, 1, 2, 2, 2, 2, 2, 2, 3, 3, 3, 3, 4, 4, 4, 4, 5, 5, 5, 5, 6, 6, 6, 6, 7, 7, 7, 7, 8, 8, 8, 8, 9, 9, 9, 9, 10, 10, 10, 10, 10], "b_eggs_laid": [0, 1, 1, 1, 1, 6, 6, 6, 6, 7, 7, 7, 7, 8, 8, 8, 8, 9, 9, 9, 9, 10, 10, 10, 10, 11, 11, 11, 11, 12, 12, 12, 12, 13, 13, 13, 13, 14, 14, 14, 14, 15, 15], "a_turds_left": [5, 5, 5, 5, 5, 5, 5, 5, 5, 5, 5, 5, 5, 5, 5, 5, 5, 5, 5, 5, 5, 5, 5, 5, 5, 5, 5, 5, 4, 4, 4, 4, 4, 4, 4, 4, 4, 4, 4, 4, 4, 4, 3], "b_turds_left": [5, 5, 5, 5, 5, 5, 5, 5, 5, 5, 5, 4, 4, 4, 4, 4, 4, 4, 4, 4, 4, 4, 4, 4, 4, 4, 4, 4, 4, 4, 4, 3, 3, 3, 3, 3, 3, 3, 3, 3, 3, 3, 3], "a_time_left": [359.48385945893824, 359.48385945893824, 356.19572746008635, 356.19572746008635, 350.25105433538556, 350.25105433538556, 345.9968554172665, 345.9968554172665, 342.1085714586079, 342.1085714586079, 341.52010216750205, 341.52010216750205, 340.6782019585371, 340.6782019585371, 339.1224538758397, 339.1224538758397, 336.94997633621097, 336.94997633621097, 335.55712362751365, 335.55712362751365, 333.989563960582, 333.989563960582, 333.3489812929183, 333.3489812929183, 332.1985705457628, 332.1985705457628, 331.29735121130943, 331.29735121130943, 329.7176831662655, 329.7176831662655, 328.28218553960323, 328.28218553960323, 326.49957595579326, 326.49957595579326, 325.03672241419554, 325.03672241419554, 324.23349728807807, 324.23349728807807, 323.36516653746367, 323.36516653746367, 323.254905289039, 323.254905289039, 323.1993564963341], "b_time_left": [360, 358.7989631257951, 358.7989631257951, 353.74396341852844, 353.74396341852844, 351.75824737362564, 351.75824737362564, 348.1743985004723, 348.1743985004723, 346.49297549948096, 346.49297549948096, 342.6448789574206, 342.6448789574206, 341.7083407510072, 341.7083407510072, 338.72468087635934, 338.72468087635934, 337.874274501577, 337.874274501577, 336.703283585608, 336.703283585608, 336.0240182932466, 336.0240182932466, 333.74485937692225, 333.74485937692225, 332.24858242087066, 332.24858242087066, 330.97459875419736, 330.97459875419736, 328.8869326300919, 328.8869326300919, 326.4839505851269, 326.4839505851269, 324.9096433352679, 324.9096433352679, 323.14537216722965, 323.14537216722965, 322.3723277505487, 322.3723277505487, 321.84082599915564, 321.84082599915564, 321.77976941503584, 321.77976941503584], "a_moves_left": [39, 39, 38, 38, 37, 37, 36, 36, 35, 35, 34, 34, 33, 33, 32, 32, 31, 31, 30, 30, 29, 29, 28, 28, 27, 27, 26, 26, 25, 25, 24, 24, 23, 23, 22, 22, 21, 21, 20, 20, 19, 19, 18], "b_moves_left": [40, 39, 39, 38, 38, 37, 37, 36, 36, 35, 35, 34, 34, 33, 33, 32, 32, 31, 31, 30, 30, 29, 29, 28, 28, 27, 27, 26, 26, 25, 25, 24, 24, 23, 23, 22, 22, 21, 21, 20, 20, 19, 19], "trapdoor_triggered": [0, 0, 0, 0, 1, 0, 0, 0, 0, 0, 0, 0, 0, 0, 0, 0, 0, 0, 0, 0, 0, 0, 0, 0, 0, 0, 0, 0, 0, 0, 0, 0, 0, 0, 0, 0, 0, 0, 0, 0, 0, 0, 0], "left_behind": ["egg", "egg", "plain", "plain", "egg", "egg", "plain", "plain", "plain", "egg", "egg", "turd", "plain", "egg", "egg", "plain", "plain", "egg", "egg", "plain", "plain", "egg", "egg", "plain", "plain", "egg", "egg", "plain", "turd", "egg", "egg", "turd", "plain", "egg", "egg", "plain", "plain", "egg", "egg", "plain", "plain", "egg", "turd"], "errlog_a": "", "errlog_b": "", "start_time": 360, "start_moves": 40, "turn_count": 43, "result": 0, "reason": "CODE_CRASH", "trapdoors": [[5, 5], [3, 2]], "spawn_a": [2, 0], "spawn_b": [2, 7]}