{"pos": [[6, 5], [1, 5], [6, 4], [2, 5], [5, 4], [2, 4], [4, 4], [3, 4], [4, 3], [3, 3], [6, 5], [3, 2], [6, 4], [4, 2], [6, 3], [5, 2], [6, 2], [4, 2], [6, 1], [4, 1], [5, 1], [3, 1], [6, 1], [2, 1], [7, 1], [2, 2], [7, 2], [2, 3], [7, 3], [1, 3], [6, 3], [1, 2], [7, 3], [1, 3], [6, 3], [1, 4], [7, 3], [1, 5], [6, 3], [1, 6], [6, 4], [1, 5], [6, 5], [1, 4], [6, 6], [1, 3], [7, 6], [1, 2], [7, 7], [1, 3], [6, 7], [0, 3], [5, 7], [0, 4], [5, 6], [1, 4], [4, 6], [0, 4], [4, 5], [0, 3], [3, 5], [0, 2], [3, 6], [0, 1], [2, 6], [0, 0], [3, 6], [1, 0], [3, 7], [2, 0], [2, 7], [3, 0], [1, 7], [4, 0], [0, 7], [3, 0], [0, 6], [2, 0], [0, 7], [3, 0]], "a_eggs_laid": [1, 1, 1, 1, 2, 2, 2, 2, 3, 3, 3, 3, 3, 3, 3, 3, 3, 3, 4, 4, 4, 4, 5, 5, 5, 5, 6, 6, 6, 6, 7, 7, 7, 7, 7, 7, 7, 7, 7, 7, 7, 7, 7, 7, 7, 7, 8, 8, 8, 8, 11, 11, 11, 11, 12, 12, 12, 12, 13, 13, 13, 13, 14, 14, 14, 14, 15, 15, 15, 15, 16, 16, 16, 16, 17, 17, 17, 17, 18, 18], "b_eggs_laid": [0, 1, 1, 1, 1, 2, 2, 2, 2, 7, 7, 7, 7, 8, 8, 8, 8, 9, 9, 9, 9, 10, 10, 10, 10, 11, 11, 11, 11, 12, 12, 12, 12, 13, 13, 13, 13, 14, 14, 14, 14, 15, 15, 15, 15, 15, 15, 15, 15, 15, 15, 15, 15, 16, 16, 16, 16, 16, 16, 16, 16, 16, 16, 16, 16, 17, 17, 17, 17, 18, 18, 18, 18, 19, 19, 19, 19, 19, 19, 19], "a_turds_left": [5, 5, 5, 5, 5, 5, 5, 5, 5, 5, 5, 5, 4, 4, 4, 4, 4, 4, 4, 4, 4, 4, 4, 4, 3, 3, 3, 3, 3, 3, 3, 3, 3, 3, 3, 3, 3, 3, 3, 3, 3, 3, 3, 3, 3, 3, 3, 3, 3, 3, 3, 3, 3, 3, 3, 3, 3, 3, 3, 3, 3, 3, 3, 3, 3, 3, 3, 3, 3, 3, 3, 3, 3, 3, 3, 3, 3, 3, 3, 3], "b_turds_left": [5, 5, 5, 5, 5, 5, 5, 4, 4, 4, 4, 3, 3, 3, 3, 2, 2, 2, 2, 2, 2, 2, 2, 2, 2, 2, 2, 1, 1, 1, 1, 1, 1, 1, 1, 1, 1, 1, 1, 1, 1, 1, 1, 1, 1, 1, 1, 1, 1, 1, 1, 1, 1, 1, 1, 1, 1, 1, 1, 1, 1, 1, 1, 1, 1, 1, 1, 1, 1, 1, 1, 1, 1, 1, 1, 1, 1, 1, 1, 1], "a_time_left": [357.24518479034305, 357.24518479034305, 348.9430027063936, 348.9430027063936, 337.4443750809878, 337.4443750809878, 313.5581807475537, 313.5581807475537, 312.2165932916105, 312.2165932916105, 310.68788441829383, 310.68788441829383, 308.03401637636125, 308.03401637636125, 306.7394204605371, 306.7394204605371, 305.1779847070575, 305.1779847070575, 304.6635546255857, 304.6635546255857, 303.9767916686833, 303.9767916686833, 303.4577332492918, 303.4577332492918, 302.6922855004668, 302.6922855004668, 302.2309475839138, 302.2309475839138, 301.79689350165427, 301.79689350165427, 301.282198254019, 301.282198254019, 300.27647783607244, 300.27647783607244, 299.6587326284498, 299.6587326284498, 298.88813192024827, 298.88813192024827, 298.39888617023826, 298.39888617023826, 297.5114380456507, 297.5114380456507, 296.78950808756053, 296.78950808756053, 296.34013133868575, 296.34013133868575, 295.7620421703905, 295.7620421703905, 295.4877285063267, 295.4877285063267, 295.21694575436413, 295.21694575436413, 295.0095547121018, 295.0095547121018, 294.7961476724595, 294.7961476724595, 294.14518575556576, 294.14518575556576, 293.76626575551927, 293.76626575551927, 293.4355020876974, 293.4355020876974, 293.14561479724944, 293.14561479724944, 292.7745363805443, 292.7745363805443, 292.6078985892236, 292.6078985892236, 292.27380446344614, 292.27380446344614, 292.14420450665057, 292.14420450665057, 292.0541103836149, 292.0541103836149, 292.04025284200907, 292.04025284200907, 292.02348154969513, 292.02348154969513, 292.00888379849494, 292.00888379849494], "b_time_left": [360, 359.46774008497596, 359.46774008497596, 358.33780587650836, 358.33780587650836, 353.9360292945057, 353.9360292945057, 352.75702658481896, 352.75702658481896, 351.5761362500489, 351.5761362500489, 349.23110587336123, 349.23110587336123, 347.57440945506096, 347.57440945506096, 346.7305365372449, 346.7305365372449, 346.6331530380994, 346.6331530380994, 346.50302612036467, 346.50302612036467, 346.44895641319454, 346.44895641319454, 346.0658257044852, 346.0658257044852, 345.6211860794574, 345.6211860794574, 344.89837841689587, 344.89837841689587, 344.61615520715714, 344.61615520715714, 344.3378261681646, 344.3378261681646, 344.15466733276844, 344.15466733276844, 343.7344221249223, 343.7344221249223, 343.46452012471855, 343.46452012471855, 343.00980191491544, 343.00980191491544, 342.5686026252806, 342.5686026252806, 342.3475082088262, 342.3475082088262, 341.94764900021255, 341.94764900021255, 341.49784191697836, 341.49784191697836, 341.3081120438874, 341.3081120438874, 341.02510641887784, 341.02510641887784, 340.73471054434776, 340.73471054434776, 340.35835975408554, 340.35835975408554, 340.21726191975176, 340.21726191975176, 340.0663198772818, 340.0663198772818, 339.85182246007025, 339.85182246007025, 339.4987872932106, 339.4987872932106, 339.21835046075284, 339.21835046075284, 338.9441509190947, 338.9441509190947, 338.8273195028305, 338.8273195028305, 338.70878550224006, 338.70878550224006, 338.6670762952417, 338.6670762952417, 338.6301952935755, 338.6301952935755, 338.5807377528399, 338.5807377528399, 338.50344837643206], "a_moves_left": [39, 39, 38, 38, 37, 37, 36, 36, 35, 35, 34, 34, 33, 33, 32, 32, 31, 31, 30, 30, 29, 29, 28, 28, 27, 27, 26, 26, 25, 25, 24, 24, 23, 23, 22, 22, 21, 21, 20, 20, 19, 19, 18, 18, 17, 17, 16, 16, 15, 15, 14, 14, 13, 13, 12, 12, 11, 11, 10, 10, 9, 9, 8, 8, 7, 7, 6, 6, 5, 5, 4, 4, 3, 3, 2, 2, 1, 1, 0, 0], "b_moves_left": [40, 39, 39, 38, 38, 37, 37, 36, 36, 35, 35, 34, 34, 33, 33, 32, 32, 31, 31, 30, 30, 29, 29, 28, 28, 27, 27, 26, 26, 25, 25, 24, 24, 23, 23, 22, 22, 21, 21, 20, 20, 19, 19, 18, 18, 17, 17, 16, 16, 15, 15, 14, 14, 13, 13, 12, 12, 11, 11, 10, 10, 9, 9, 8, 8, 7, 7, 6, 6, 5, 5, 4, 4, 3, 3, 2, 2, 1, 1, 0], "trapdoor_triggered": [0, 0, 0, 0, 0, 0, 0, 0, 1, 0, 0, 0, 0, 0, 0, 0, 0, 0, 0, 0, 0, 0, 0, 0, 0, 0, 0, 0, 0, 0, 0, 0, 0, 0, 0, 0, 0, 0, 0, 0, 0, 0, 0, 0, 0, 0, 0, 0, 0, 0, 0, 0, 0, 0, 0, 0, 0, 0, 0, 0, 0, 0, 0, 0, 0, 0, 0, 0, 0, 0, 0, 0, 0, 0, 0, 0, 0, 0, 0, 0], "left_behind": ["egg", "egg", "plain", "plain", "egg", "egg", "plain", "turd", "egg", "egg", "plain", "turd", "turd", "egg", "plain", "turd", "plain", "egg", "egg", "plain", "plain", "egg", "egg", "plain", "turd", "egg", "egg", "turd", "plain", "egg", "egg", "plain", "plain", "egg", "plain", "plain", "plain", "egg", "plain", "plain", "plain", "egg", "plain", "plain", "plain", "plain", "egg", "plain", "plain", "plain", "egg", "plain", "plain", "egg", "egg", "plain", "plain", "plain", "egg", "plain", "plain", "plain", "egg", "plain", "plain", "egg", "egg", "plain", "plain", "egg", "egg", "plain", "plain", "egg", "egg", "plain", "plain", "plain", "egg", "plain"], "errlog_a": "", "errlog_b": "", "start_time": 360, "start_moves": 40, "turn_count": 80, "result": 1, "reason": "EGGS_LAID", "trapdoors": [[5, 5], [4, 3]], "spawn_a": [7, 5], "spawn_b": [0, 5]}