{"pos": [[0, 7], [7, 7], [1, 7], [6, 7], [2, 7], [5, 7], [2, 6], [4, 7], [2, 5], [4, 6], [2, 4], [4, 5], [2, 3], [4, 4], [2, 2], [4, 3], [3, 2], [4, 2], [3, 1], [3, 2], [4, 1], [4, 2], [4, 0], [4, 1], [5, 0], [5, 1], [6, 0], [5, 0], [7, 0], [5, 1], [7, 1], [6, 1], [7, 2], [6, 2], [7, 3], [7, 2], [6, 3], [6, 2], [6, 4], [6, 3], [5, 4], [5, 3], [6, 4], [5, 2], [7, 4], [6, 2], [7, 3], [7, 2], [7, 4], [6, 2], [7, 5], [6, 3], [6, 5], [5, 3], [6, 4], [5, 2], [7, 4], [6, 2], [7, 3], [7, 2], [7, 4], [6, 2], [7, 5], [6, 3], [6, 5], [5, 3], [6, 4], [5, 2], [7, 4], [6, 2], [7, 3], [7, 2], [7, 4], [6, 2], [7, 5], [6, 3], [6, 5], [5, 3], [6, 4], [5, 2]], "a_eggs_laid": [1, 1, 1, 1, 2, 2, 2, 2, 3, 3, 3, 3, 3, 3, 3, 3, 3, 3, 3, 3, 4, 4, 4, 4, 5, 5, 5, 5, 6, 6, 6, 6, 7, 7, 7, 7, 8, 8, 8, 8, 9, 9, 9, 9, 9, 9, 9, 9, 9, 9, 9, 9, 10, 10, 10, 10, 10, 10, 10, 10, 10, 10, 10, 10, 10, 10, 10, 10, 10, 10, 10, 10, 10, 10, 10, 10, 10, 10, 10, 10], "b_eggs_laid": [0, 1, 1, 1, 1, 2, 2, 2, 2, 3, 3, 3, 3, 3, 3, 3, 3, 3, 3, 3, 3, 3, 3, 3, 3, 4, 4, 4, 4, 5, 5, 5, 5, 6, 6, 6, 6, 7, 7, 7, 7, 8, 8, 8, 8, 9, 9, 9, 9, 9, 9, 9, 9, 9, 9, 9, 9, 9, 9, 9, 9, 9, 9, 9, 9, 9, 9, 9, 9, 9, 9, 9, 9, 9, 9, 9, 9, 9, 9, 9], "a_turds_left": [5, 5, 4, 4, 4, 4, 3, 3, 3, 3, 2, 2, 2, 2, 1, 1, 1, 1, 1, 1, 1, 1, 1, 1, 1, 1, 1, 1, 1, 1, 1, 1, 1, 1, 1, 1, 1, 1, 1, 1, 1, 1, 1, 1, 1, 1, 1, 1, 1, 1, 1, 1, 1, 1, 1, 1, 1, 1, 1, 1, 1, 1, 1, 1, 1, 1, 1, 1, 1, 1, 1, 1, 1, 1, 1, 1, 1, 1, 1, 1], "b_turds_left": [5, 5, 5, 4, 4, 4, 4, 4, 4, 4, 4, 3, 3, 2, 2, 2, 2, 2, 2, 2, 2, 1, 1, 1, 1, 1, 1, 1, 1, 1, 1, 1, 1, 1, 1, 1, 1, 1, 1, 1, 1, 1, 1, 0, 0, 0, 0, 0, 0, 0, 0, 0, 0, 0, 0, 0, 0, 0, 0, 0, 0, 0, 0, 0, 0, 0, 0, 0, 0, 0, 0, 0, 0, 0, 0, 0, 0, 0, 0, 0], "a_time_left": [353.8244864605367, 353.8244864605367, 351.2458368334919, 351.2458368334919, 344.2983286231756, 344.2983286231756, 332.99934929050505, 332.99934929050505, 320.3476955834776, 320.3476955834776, 292.8816265836358, 292.8816265836358, 284.39959250018, 284.39959250018, 279.0779631268233, 279.0779631268233, 277.824659794569, 277.824659794569, 277.28885079547763, 277.28885079547763, 276.98718412965536, 276.98718412965536, 276.6940416302532, 276.6940416302532, 276.57977600581944, 276.57977600581944, 276.4485932160169, 276.4485932160169, 276.3232248388231, 276.3232248388231, 276.17049371264875, 276.17049371264875, 275.99835325591266, 275.99835325591266, 275.93710084073246, 275.93710084073246, 275.69997013174, 275.69997013174, 275.5730837546289, 275.5730837546289, 275.49804196320474, 275.49804196320474, 275.48159154877067, 275.48159154877067, 275.4468692559749, 275.4468692559749, 275.4188415892422, 275.4188415892422, 275.3999411743134, 275.3999411743134, 275.37181171774864, 275.37181171774864, 275.3520798832178, 275.3520798832178, 275.32539034076035, 275.32539034076035, 275.3019410073757, 275.3019410073757, 275.2738901749253, 275.2738901749253, 275.25489625893533, 275.25489625893533, 275.22725250571966, 275.22725250571966, 275.2076447121799, 275.2076447121799, 275.18057442083955, 275.18057442083955, 275.15943929739296, 275.15943929739296, 275.13153759017587, 275.13153759017587, 275.1124445088208, 275.1124445088208, 275.0846942998469, 275.0846942998469, 275.06494205258787, 275.06494205258787, 275.03787017799914, 275.03787017799914], "b_time_left": [360, 353.70026149973273, 353.70026149973273, 351.1400526240468, 351.1400526240468, 343.8429212067276, 343.8429212067276, 337.64419812336564, 337.64419812336564, 333.3211238756776, 333.3211238756776, 315.8440081682056, 315.8440081682056, 298.32307671010494, 298.32307671010494, 293.5844971667975, 293.5844971667975, 289.89640999771655, 289.89640999771655, 283.6721518281847, 283.6721518281847, 280.4234395381063, 280.4234395381063, 276.05439308285713, 276.05439308285713, 275.4725241214037, 275.4725241214037, 273.1414510793984, 273.1414510793984, 272.5512391626835, 272.5512391626835, 271.00164537131786, 271.00164537131786, 270.6383929550648, 270.6383929550648, 270.16787249594927, 270.16787249594927, 270.0481632873416, 270.0481632873416, 269.4548668283969, 269.4548668283969, 269.37338257953525, 269.37338257953525, 268.4222607463598, 268.4222607463598, 268.328247576952, 268.328247576952, 268.27219970338047, 268.27219970338047, 268.23584153689444, 268.23584153689444, 268.13861878588796, 268.13861878588796, 268.096371660009, 268.096371660009, 267.90898132510483, 267.90898132510483, 267.8561363257468, 267.8561363257468, 267.7950262017548, 267.7950262017548, 267.76115203276277, 267.76115203276277, 267.67853874340653, 267.67853874340653, 267.6363539509475, 267.6363539509475, 267.48614811711013, 267.48614811711013, 267.43530586734414, 267.43530586734414, 267.3744884505868, 267.3744884505868, 267.3423270341009, 267.3423270341009, 267.2595515344292, 267.2595515344292, 267.21714190766215, 267.21714190766215, 267.0655977819115], "a_moves_left": [39, 39, 38, 38, 37, 37, 36, 36, 35, 35, 34, 34, 33, 33, 32, 32, 31, 31, 30, 30, 29, 29, 28, 28, 27, 27, 26, 26, 25, 25, 24, 24, 23, 23, 22, 22, 21, 21, 20, 20, 19, 19, 18, 18, 17, 17, 16, 16, 15, 15, 14, 14, 13, 13, 12, 12, 11, 11, 10, 10, 9, 9, 8, 8, 7, 7, 6, 6, 5, 5, 4, 4, 3, 3, 2, 2, 1, 1, 0, 0], "b_moves_left": [40, 39, 39, 38, 38, 37, 37, 36, 36, 35, 35, 34, 34, 33, 33, 32, 32, 31, 31, 30, 30, 29, 29, 28, 28, 27, 27, 26, 26, 25, 25, 24, 24, 23, 23, 22, 22, 21, 21, 20, 20, 19, 19, 18, 18, 17, 17, 16, 16, 15, 15, 14, 14, 13, 13, 12, 12, 11, 11, 10, 10, 9, 9, 8, 8, 7, 7, 6, 6, 5, 5, 4, 4, 3, 3, 2, 2, 1, 1, 0], "trapdoor_triggered": [0, 0, 0, 0, 0, 0, 0, 0, 0, 0, 0, 0, 0, 0, 0, 0, 0, 0, 0, 0, 0, 0, 0, 0, 0, 0, 0, 0, 0, 0, 0, 0, 0, 0, 0, 0, 0, 0, 0, 0, 0, 0, 0, 0, 0, 0, 0, 0, 0, 0, 0, 0, 0, 0, 0, 0, 0, 0, 0, 0, 0, 0, 0, 0, 0, 0, 0, 0, 0, 0, 0, 0, 0, 0, 0, 0, 0, 0, 0, 0], "left_behind": ["egg", "egg", "turd", "turd", "egg", "egg", "turd", "plain", "egg", "egg", "turd", "turd", "plain", "turd", "turd", "plain", "plain", "plain", "plain", "plain", "egg", "turd", "plain", "plain", "egg", "egg", "plain", "plain", "egg", "egg", "plain", "plain", "egg", "egg", "plain", "plain", "egg", "egg", "plain", "plain", "egg", "egg", "plain", "turd", "plain", "egg", "plain", "plain", "plain", "plain", "plain", "plain", "egg", "plain", "plain", "plain", "plain", "plain", "plain", "plain", "plain", "plain", "plain", "plain", "plain", "plain", "plain", "plain", "plain", "plain", "plain", "plain", "plain", "plain", "plain", "plain", "plain", "plain", "plain", "plain"], "errlog_a": "", "errlog_b": "", "start_time": 360, "start_moves": 40, "turn_count": 80, "result": 0, "reason": "EGGS_LAID", "trapdoors": [[3, 3], [3, 4]], "spawn_a": [0, 6], "spawn_b": [7, 6]}