{"pos": [[7, 4], [1, 5], [6, 4], [1, 4], [5, 4], [2, 4], [7, 6], [2, 5], [6, 6], [3, 5], [5, 6], [4, 5], [4, 6], [4, 4], [3, 6], [3, 4], [3, 5], [3, 3], [3, 6], [4, 3], [2, 6], [5, 3], [1, 6], [6, 3], [1, 5], [7, 3], [1, 6], [7, 4], [0, 6], [7, 3], [1, 6], [7, 2], [1, 7], [6, 2], [2, 7], [5, 2], [3, 7], [6, 2], [4, 7], [6, 1], [5, 7], [7, 1], [5, 6], [7, 0], [5, 5], [6, 0], [6, 5], [5, 0], [7, 5], [5, 1], [7, 6], [4, 1], [7, 5], [4, 0], [7, 6], [3, 0], [7, 5], [3, 1], [7, 6], [3, 2], [7, 5], [3, 1], [7, 6], [2, 1], [7, 5], [2, 0], [7, 6], [1, 0], [7, 5], [1, 1], [7, 6], [1, 2], [7, 5], [1, 1], [7, 6], [0, 1], [7, 5], [0, 2], [7, 6], [0, 3]], "a_eggs_laid": [1, 1, 1, 1, 2, 2, 2, 2, 2, 2, 3, 3, 3, 3, 4, 4, 4, 4, 5, 5, 5, 5, 6, 6, 6, 6, 7, 7, 7, 7, 8, 8, 8, 8, 9, 9, 9, 9, 10, 10, 10, 10, 11, 11, 11, 11, 12, 12, 12, 12, 12, 12, 12, 12, 12, 12, 12, 12, 12, 12, 12, 12, 12, 12, 12, 12, 12, 12, 12, 12, 12, 12, 12, 12, 12, 12, 12, 12, 12, 12], "b_eggs_laid": [0, 1, 1, 1, 1, 6, 6, 6, 6, 7, 7, 7, 7, 8, 8, 8, 8, 9, 9, 9, 9, 10, 10, 10, 10, 11, 11, 11, 11, 12, 12, 12, 12, 13, 13, 13, 13, 14, 14, 14, 14, 15, 15, 15, 15, 18, 18, 18, 18, 19, 19, 19, 19, 20, 20, 20, 20, 21, 21, 21, 21, 22, 22, 22, 22, 23, 23, 23, 23, 24, 24, 24, 24, 25, 25, 25, 25, 26, 26, 26], "a_turds_left": [5, 5, 5, 5, 5, 5, 5, 5, 5, 5, 5, 5, 4, 4, 4, 4, 4, 4, 4, 4, 4, 4, 4, 4, 4, 4, 4, 4, 4, 4, 4, 4, 4, 4, 4, 4, 4, 4, 4, 4, 4, 4, 4, 4, 4, 4, 4, 4, 4, 4, 4, 4, 4, 4, 4, 4, 4, 4, 4, 4, 4, 4, 4, 4, 4, 4, 4, 4, 4, 4, 4, 4, 4, 4, 4, 4, 4, 4, 4, 4], "b_turds_left": [5, 5, 5, 5, 5, 5, 5, 5, 5, 5, 5, 5, 5, 5, 5, 5, 5, 5, 5, 5, 5, 5, 5, 5, 5, 5, 5, 5, 5, 5, 5, 5, 5, 5, 5, 5, 5, 5, 5, 5, 5, 5, 5, 5, 5, 5, 5, 5, 5, 5, 5, 5, 5, 5, 5, 5, 5, 5, 5, 5, 5, 5, 5, 5, 5, 5, 5, 5, 5, 5, 5, 5, 5, 5, 5, 5, 5, 5, 5, 5], "a_time_left": [357.58949220739305, 357.58949220739305, 352.4274546224624, 352.4274546224624, 341.4783693701029, 341.4783693701029, 336.86816832982004, 336.86816832982004, 333.67038774490356, 333.67038774490356, 328.9973140358925, 328.9973140358925, 327.87069061771035, 327.87069061771035, 325.98566003516316, 325.98566003516316, 325.6593806203455, 325.6593806203455, 324.7331194970757, 324.7331194970757, 324.02647720463574, 324.02647720463574, 323.2358209118247, 323.2358209118247, 323.0127313695848, 323.0127313695848, 322.92432082630694, 322.92432082630694, 322.81060053408146, 322.81060053408146, 322.6782645341009, 322.6782645341009, 322.3833059500903, 322.3833059500903, 321.9480579905212, 321.9480579905212, 321.40272157453, 321.40272157453, 321.1179990749806, 321.1179990749806, 320.91765328496695, 320.91765328496695, 320.8371309097856, 320.8371309097856, 320.67798724398017, 320.67798724398017, 320.4312644917518, 320.4312644917518, 320.17323699221015, 320.17323699221015, 319.9172698240727, 319.9172698240727, 319.69817040860653, 319.69817040860653, 319.55777599290013, 319.55777599290013, 319.4226316176355, 319.4226316176355, 319.1141805332154, 319.1141805332154, 318.8521409947425, 318.8521409947425, 318.59021682851017, 318.59021682851017, 318.38769111968577, 318.38769111968577, 318.2171555776149, 318.2171555776149, 318.1050558295101, 318.1050558295101, 317.89189491420984, 317.89189491420984, 317.70215474814177, 317.70215474814177, 317.51971545629203, 317.51971545629203, 317.4159861654043, 317.4159861654043, 317.3570499997586, 317.3570499997586], "b_time_left": [360, 358.52509920857847, 358.52509920857847, 347.12492004036903, 347.12492004036903, 343.6546689160168, 343.6546689160168, 337.2264291681349, 337.2264291681349, 332.0129871238023, 332.0129871238023, 329.7504767049104, 329.7504767049104, 329.050627078861, 329.050627078861, 328.28248587064445, 328.28248587064445, 327.74035882763565, 327.74035882763565, 326.52013041079044, 326.52013041079044, 325.7932957019657, 325.7932957019657, 325.43480261974037, 325.43480261974037, 324.95168778672814, 324.95168778672814, 324.8000637870282, 324.8000637870282, 324.7211814559996, 324.7211814559996, 324.4159177877009, 324.4159177877009, 323.97470949590206, 323.97470949590206, 322.8219582475722, 322.8219582475722, 321.6140332464129, 321.6140332464129, 321.1553118303418, 321.1553118303418, 320.88242720626295, 320.88242720626295, 320.7961232904345, 320.7961232904345, 320.7042334135622, 320.7042334135622, 320.4440759960562, 320.4440759960562, 320.3057470805943, 320.3057470805943, 320.0701026208699, 320.0701026208699, 319.7592392042279, 319.7592392042279, 319.64964074641466, 319.64964074641466, 319.5120904967189, 319.5120904967189, 319.3142375368625, 319.3142375368625, 319.07460678741336, 319.07460678741336, 318.9019159954041, 318.9019159954041, 318.74065282940865, 318.74065282940865, 318.6579054966569, 318.6579054966569, 318.56363549642265, 318.56363549642265, 318.43658486939967, 318.43658486939967, 318.27669849433005, 318.27669849433005, 318.1508747022599, 318.1508747022599, 318.0773788280785, 318.0773788280785, 318.0107702445239], "a_moves_left": [39, 39, 38, 38, 37, 37, 36, 36, 35, 35, 34, 34, 33, 33, 32, 32, 31, 31, 30, 30, 29, 29, 28, 28, 27, 27, 26, 26, 25, 25, 24, 24, 23, 23, 22, 22, 21, 21, 20, 20, 19, 19, 18, 18, 17, 17, 16, 16, 15, 15, 14, 14, 13, 13, 12, 12, 11, 11, 10, 10, 9, 9, 8, 8, 7, 7, 6, 6, 5, 5, 4, 4, 3, 3, 2, 2, 1, 1, 0, 0], "b_moves_left": [40, 39, 39, 38, 38, 37, 37, 36, 36, 35, 35, 34, 34, 33, 33, 32, 32, 31, 31, 30, 30, 29, 29, 28, 28, 27, 27, 26, 26, 25, 25, 24, 24, 23, 23, 22, 22, 21, 21, 20, 20, 19, 19, 18, 18, 17, 17, 16, 16, 15, 15, 14, 14, 13, 13, 12, 12, 11, 11, 10, 10, 9, 9, 8, 8, 7, 7, 6, 6, 5, 5, 4, 4, 3, 3, 2, 2, 1, 1, 0], "trapdoor_triggered": [0, 0, 0, 0, 1, 0, 0, 0, 0, 0, 0, 0, 0, 0, 0, 0, 0, 0, 0, 0, 0, 0, 0, 0, 0, 0, 0, 0, 0, 0, 0, 0, 0, 0, 0, 0, 0, 0, 0, 0, 0, 0, 0, 0, 0, 0, 0, 0, 0, 0, 0, 0, 0, 0, 0, 0, 0, 0, 0, 0, 0, 0, 0, 0, 0, 0, 0, 0, 0, 0, 0, 0, 0, 0, 0, 0, 0, 0, 0, 0], "left_behind": ["egg", "egg", "plain", "plain", "egg", "egg", "plain", "plain", "plain", "egg", "egg", "plain", "turd", "egg", "egg", "plain", "plain", "egg", "egg", "plain", "plain", "egg", "egg", "plain", "plain", "egg", "egg", "plain", "plain", "egg", "egg", "plain", "plain", "egg", "egg", "plain", "plain", "egg", "egg", "plain", "plain", "egg", "egg", "plain", "plain", "egg", "egg", "plain", "plain", "egg", "plain", "plain", "plain", "egg", "plain", "plain", "plain", "egg", "plain", "plain", "plain", "egg", "plain", "plain", "plain", "egg", "plain", "plain", "plain", "egg", "plain", "plain", "plain", "egg", "plain", "plain", "plain", "egg", "plain", "plain"], "errlog_a": "", "errlog_b": "", "start_time": 360, "start_moves": 40, "turn_count": 80, "result": 1, "reason": "EGGS_LAID", "trapdoors": [[2, 2], [5, 4]], "spawn_a": [7, 5], "spawn_b": [0, 5]}