{"pos": [[0, 5], [6, 6], [1, 5], [5, 6], [1, 4], [5, 5], [1, 3], [4, 5], [2, 3], [4, 4], [2, 2], [7, 5], [2, 3], [7, 4], [3, 3], [7, 3], [4, 3], [7, 2], [5, 3], [7, 3], [5, 2], [7, 4], [5, 1], [7, 5], [6, 1], [6, 5], [6, 2], [5, 5], [6, 1], [4, 5], [6, 0], [3, 5], [5, 0], [2, 5], [4, 0], [6, 6], [4, 1], [6, 7], [3, 1], [5, 7], [2, 1], [4, 7], [1, 1], [3, 7], [1, 2], [2, 7], [0, 2], [2, 6], [0, 3], [3, 6], [0, 4], [2, 6], [1, 4], [1, 6], [1, 5], [1, 7], [1, 4], [0, 7], [2, 4], [1, 7], [2, 3], [0, 7], [2, 2], [1, 7], [2, 1], [0, 7], [2, 0], [1, 7], [1, 0], [2, 7], [2, 0], [3, 7], [1, 0], [4, 7], [2, 0], [5, 7], [1, 0], [6, 7], [2, 0], [7, 7]], "a_eggs_laid": [1, 1, 1, 1, 2, 2, 2, 2, 3, 3, 7, 7, 8, 8, 8, 8, 9, 9, 9, 9, 9, 9, 9, 9, 10, 10, 10, 10, 11, 11, 11, 11, 12, 12, 16, 16, 17, 17, 17, 17, 18, 18, 18, 18, 19, 19, 19, 19, 20, 20, 20, 20, 21, 21, 21, 21, 21, 21, 21, 21, 22, 22, 22, 22, 22, 22, 22, 22, 23, 23, 23, 23, 23, 23, 23, 23, 23, 23, 23, 23], "b_eggs_laid": [0, 1, 1, 1, 1, 2, 2, 2, 2, 3, 3, 3, 3, 3, 3, 4, 4, 4, 4, 5, 5, 5, 5, 5, 5, 5, 5, 6, 6, 6, 6, 6, 6, 6, 6, 6, 6, 6, 6, 7, 7, 7, 7, 8, 8, 8, 8, 9, 9, 9, 9, 10, 10, 10, 10, 11, 11, 11, 11, 14, 14, 14, 14, 14, 14, 14, 14, 14, 14, 14, 14, 14, 14, 14, 14, 14, 14, 14, 14, 14], "a_turds_left": [5, 5, 5, 5, 5, 5, 5, 5, 5, 5, 5, 5, 5, 5, 5, 5, 5, 5, 5, 5, 4, 4, 4, 4, 4, 4, 4, 4, 4, 4, 4, 4, 4, 4, 4, 4, 4, 4, 4, 4, 4, 4, 4, 4, 4, 4, 4, 4, 4, 4, 4, 4, 4, 4, 4, 4, 4, 4, 4, 4, 4, 4, 4, 4, 4, 4, 4, 4, 4, 4, 4, 4, 4, 4, 4, 4, 4, 4, 4, 4], "b_turds_left": [5, 5, 5, 5, 5, 5, 5, 4, 4, 4, 4, 4, 4, 4, 4, 4, 4, 3, 3, 3, 3, 3, 3, 3, 3, 3, 3, 3, 3, 3, 3, 3, 3, 2, 2, 2, 2, 2, 2, 2, 2, 2, 2, 2, 2, 2, 2, 2, 2, 2, 2, 2, 2, 2, 2, 2, 2, 2, 2, 2, 2, 2, 2, 2, 2, 2, 2, 2, 2, 2, 2, 2, 2, 2, 2, 2, 2, 2, 2, 2], "a_time_left": [358.4534724596888, 358.4534724596888, 354.66226258315146, 354.66226258315146, 351.7058117482811, 351.7058117482811, 342.4368746653199, 342.4368746653199, 335.2533459570259, 335.2533459570259, 334.2193209156394, 334.2193209156394, 332.8157829605043, 332.8157829605043, 329.19125154428184, 329.19125154428184, 327.38462012819946, 327.38462012819946, 326.59231325238943, 326.59231325238943, 325.28994875214994, 325.28994875214994, 323.2632535453886, 323.2632535453886, 320.184074960649, 320.184074960649, 318.6982502937317, 318.6982502937317, 317.5793961696327, 317.5793961696327, 316.39906862936914, 316.39906862936914, 315.94714516960084, 315.94714516960084, 315.2659222949296, 315.2659222949296, 314.0797065421939, 314.0797065421939, 312.53347287513316, 312.53347287513316, 310.6912125404924, 310.6912125404924, 309.98764816485345, 309.98764816485345, 309.6899264976382, 309.6899264976382, 309.4473344553262, 309.4473344553262, 309.3189287893474, 309.3189287893474, 309.1538766231388, 309.1538766231388, 308.8225616235286, 308.8225616235286, 308.54903699830174, 308.54903699830174, 308.44947875104845, 308.44947875104845, 308.34737625159323, 308.34737625159323, 308.21968754194677, 308.21968754194677, 308.08449412696064, 308.08449412696064, 307.94505742006004, 307.94505742006004, 307.8013438805938, 307.8013438805938, 307.7146278396249, 307.7146278396249, 307.6380526330322, 307.6380526330322, 307.5456377174705, 307.5456377174705, 307.4380853828043, 307.4380853828043, 307.19043575786054, 307.19043575786054, 307.1079087164253, 307.1079087164253], "b_time_left": [360, 359.8046718351543, 359.8046718351543, 358.8586680032313, 358.8586680032313, 355.43090479262173, 355.43090479262173, 352.3159662093967, 352.3159662093967, 346.22023412771523, 346.22023412771523, 343.79712012782693, 343.79712012782693, 342.5668912958354, 342.5668912958354, 340.68861650303006, 340.68861650303006, 338.84967841766775, 338.84967841766775, 337.9822090845555, 337.9822090845555, 337.43241708539426, 337.43241708539426, 336.99025216698647, 336.99025216698647, 336.275217955932, 336.275217955932, 336.1281111240387, 336.1281111240387, 335.69817824847996, 335.69817824847996, 335.5679624993354, 335.5679624993354, 335.1730899568647, 335.1730899568647, 334.99836695566773, 334.99836695566773, 334.61589362472296, 334.61589362472296, 334.53093099966645, 334.53093099966645, 334.3944446220994, 334.3944446220994, 334.30141345597804, 334.30141345597804, 334.113975873217, 334.113975873217, 334.00562337227166, 334.00562337227166, 333.7978494539857, 333.7978494539857, 333.4795724544674, 333.4795724544674, 333.1927847471088, 333.1927847471088, 333.1122389975935, 333.1122389975935, 332.90633620508015, 332.90633620508015, 332.79137024469674, 332.79137024469674, 332.49213141202927, 332.49213141202927, 332.3842357452959, 332.3842357452959, 332.20471316203475, 332.20471316203475, 332.12155037373304, 332.12155037373304, 332.02789208106697, 332.02789208106697, 331.942576456815, 331.942576456815, 331.8407321255654, 331.8407321255654, 331.759806253016, 331.759806253016, 331.61488137952983, 331.61488137952983, 331.54603987932205], "a_moves_left": [39, 39, 38, 38, 37, 37, 36, 36, 35, 35, 34, 34, 33, 33, 32, 32, 31, 31, 30, 30, 29, 29, 28, 28, 27, 27, 26, 26, 25, 25, 24, 24, 23, 23, 22, 22, 21, 21, 20, 20, 19, 19, 18, 18, 17, 17, 16, 16, 15, 15, 14, 14, 13, 13, 12, 12, 11, 11, 10, 10, 9, 9, 8, 8, 7, 7, 6, 6, 5, 5, 4, 4, 3, 3, 2, 2, 1, 1, 0, 0], "b_moves_left": [40, 39, 39, 38, 38, 37, 37, 36, 36, 35, 35, 34, 34, 33, 33, 32, 32, 31, 31, 30, 30, 29, 29, 28, 28, 27, 27, 26, 26, 25, 25, 24, 24, 23, 23, 22, 22, 21, 21, 20, 20, 19, 19, 18, 18, 17, 17, 16, 16, 15, 15, 14, 14, 13, 13, 12, 12, 11, 11, 10, 10, 9, 9, 8, 8, 7, 7, 6, 6, 5, 5, 4, 4, 3, 3, 2, 2, 1, 1, 0], "trapdoor_triggered": [0, 0, 0, 0, 0, 0, 0, 0, 0, 1, 0, 0, 0, 0, 0, 0, 0, 0, 0, 0, 0, 0, 0, 0, 0, 0, 0, 0, 0, 0, 0, 0, 0, 1, 0, 0, 0, 0, 0, 0, 0, 0, 0, 0, 0, 0, 0, 0, 0, 0, 0, 0, 0, 0, 0, 0, 0, 0, 0, 0, 0, 0, 0, 0, 0, 0, 0, 0, 0, 0, 0, 0, 0, 0, 0, 0, 0, 0, 0, 0], "left_behind": ["egg", "egg", "plain", "plain", "egg", "egg", "plain", "turd", "egg", "egg", "plain", "plain", "egg", "plain", "plain", "egg", "egg", "turd", "plain", "egg", "turd", "plain", "plain", "plain", "egg", "plain", "plain", "egg", "egg", "plain", "plain", "plain", "egg", "turd", "plain", "plain", "egg", "plain", "plain", "egg", "egg", "plain", "plain", "egg", "egg", "plain", "plain", "egg", "egg", "plain", "plain", "egg", "egg", "plain", "plain", "egg", "plain", "plain", "plain", "egg", "egg", "plain", "plain", "plain", "plain", "plain", "plain", "plain", "egg", "plain", "plain", "plain", "plain", "plain", "plain", "plain", "plain", "plain", "plain", "plain"], "errlog_a": "", "errlog_b": "", "start_time": 360, "start_moves": 40, "turn_count": 80, "result": 0, "reason": "EGGS_LAID", "trapdoors": [[4, 4], [2, 5]], "spawn_a": [0, 6], "spawn_b": [7, 6]}