{"pos": [[7, 4], [0, 4], [6, 4], [1, 4], [6, 3], [1, 3], [5, 3], [2, 3], [4, 3], [2, 4], [4, 4], [2, 5], [4, 5], [2, 6], [5, 5], [1, 6], [6, 5], [1, 5], [6, 6], [0, 5], [6, 5], [0, 4], [6, 4], [0, 3], [6, 3], [0, 2], [6, 2], [1, 2], [6, 1], [1, 1], [5, 1], [2, 1], [5, 0], [2, 0], [4, 0], [1, 0], [4, 1], [2, 0], [3, 1], [2, 1], [4, 1], [2, 2], [5, 1], [2, 1], [5, 0], [2, 0], [6, 0], [2, 1], [7, 0], [2, 0], [7, 1], [2, 1], [7, 0], [2, 0], [7, 1], [3, 0], [7, 0], [2, 0], [7, 1], [2, 1], [7, 0], [2, 2], [7, 1], [2, 1], [7, 0], [2, 2], [7, 1], [2, 1], [7, 0], [2, 2], [7, 1], [2, 1], [7, 0], [2, 2], [7, 1], [2, 1], [7, 0], [2, 2], [7, 1], [2, 1]], "a_eggs_laid": [1, 1, 1, 1, 2, 2, 2, 2, 3, 3, 3, 3, 4, 4, 4, 4, 5, 5, 5, 5, 6, 6, 6, 6, 6, 6, 6, 6, 7, 7, 7, 7, 8, 8, 8, 8, 9, 9, 9, 9, 10, 10, 10, 10, 10, 10, 10, 10, 11, 11, 11, 11, 12, 12, 12, 12, 12, 12, 12, 12, 12, 12, 12, 12, 12, 12, 12, 12, 12, 12, 12, 12, 12, 12, 12, 12, 12, 12, 12, 12], "b_eggs_laid": [0, 1, 1, 1, 1, 2, 2, 2, 2, 2, 2, 2, 2, 3, 3, 3, 3, 4, 4, 4, 4, 5, 5, 5, 5, 5, 5, 5, 5, 6, 6, 6, 6, 7, 7, 7, 7, 8, 8, 8, 8, 8, 8, 8, 8, 8, 8, 8, 8, 8, 8, 8, 8, 8, 8, 8, 8, 9, 9, 9, 9, 9, 9, 9, 9, 9, 9, 9, 9, 9, 9, 9, 9, 9, 9, 9, 9, 9, 9, 9], "a_turds_left": [5, 5, 5, 5, 5, 5, 5, 5, 5, 5, 4, 4, 4, 4, 3, 3, 3, 3, 3, 3, 3, 3, 3, 3, 3, 3, 3, 3, 3, 3, 3, 3, 3, 3, 3, 3, 3, 3, 3, 3, 3, 3, 3, 3, 3, 3, 3, 3, 3, 3, 3, 3, 3, 3, 3, 3, 3, 3, 3, 3, 3, 3, 3, 3, 3, 3, 3, 3, 3, 3, 3, 3, 3, 3, 3, 3, 3, 3, 3, 3], "b_turds_left": [5, 5, 5, 5, 5, 5, 5, 5, 5, 4, 4, 4, 4, 4, 4, 3, 3, 3, 3, 3, 3, 3, 3, 3, 3, 3, 3, 3, 3, 3, 3, 3, 3, 3, 3, 3, 3, 3, 3, 3, 3, 3, 3, 3, 3, 3, 3, 3, 3, 3, 3, 3, 3, 3, 3, 3, 3, 3, 3, 3, 3, 3, 3, 3, 3, 3, 3, 3, 3, 3, 3, 3, 3, 3, 3, 3, 3, 3, 3, 3], "a_time_left": [356.8035428356379, 356.8035428356379, 352.8491377532482, 352.8491377532482, 344.1958981696516, 344.1958981696516, 327.0411160439253, 327.0411160439253, 313.0723437126726, 313.0723437126726, 306.4679699204862, 306.4679699204862, 304.33657321333885, 304.33657321333885, 302.17772063054144, 302.17772063054144, 301.35106121376157, 301.35106121376157, 300.67781300470233, 300.67781300470233, 300.29047912731767, 300.29047912731767, 299.9693402107805, 299.9693402107805, 299.72966904193163, 299.72966904193163, 299.3011621683836, 299.3011621683836, 298.3826892953366, 298.3826892953366, 296.99608717113733, 296.99608717113733, 296.2122978400439, 296.2122978400439, 295.9469965491444, 295.9469965491444, 295.77223446406424, 295.77223446406424, 295.4693602565676, 295.4693602565676, 295.31874367408454, 295.31874367408454, 294.9984325915575, 294.9984325915575, 294.8323175497353, 294.8323175497353, 294.7862989678979, 294.7862989678979, 294.72118159383535, 294.72118159383535, 294.68852809257805, 294.68852809257805, 294.634344259277, 294.634344259277, 294.5994343031198, 294.5994343031198, 294.5035888887942, 294.5035888887942, 294.4438489731401, 294.4438489731401, 294.2653229739517, 294.2653229739517, 294.1541588474065, 294.1541588474065, 293.9759675562382, 293.9759675562382, 293.86439105682075, 293.86439105682075, 293.68585264123976, 293.68585264123976, 293.57463155686855, 293.57463155686855, 293.395933765918, 293.395933765918, 293.28438105620444, 293.28438105620444, 293.10422655567527, 293.10422655567527, 292.98957643285394, 292.98957643285394], "b_time_left": [360, 357.05865200050175, 357.05865200050175, 348.0169521253556, 348.0169521253556, 333.01682045683265, 333.01682045683265, 312.52416687458754, 312.52416687458754, 301.61666316725314, 301.61666316725314, 299.55960350111127, 299.55960350111127, 296.87869258224964, 296.87869258224964, 294.9396895002574, 294.9396895002574, 294.3993247076869, 294.3993247076869, 293.7766316663474, 293.7766316663474, 293.4866073746234, 293.4866073746234, 293.3068449590355, 293.3068449590355, 292.99869279004633, 292.99869279004633, 292.3704688306898, 292.3704688306898, 291.69682316482067, 291.69682316482067, 290.9123802483082, 290.9123802483082, 290.2960375826806, 290.2960375826806, 290.1222349163145, 290.1222349163145, 289.81876541674137, 289.81876541674137, 289.70019408129156, 289.70019408129156, 289.4768574554473, 289.4768574554473, 289.3228756636381, 289.3228756636381, 289.2528087031096, 289.2528087031096, 289.1809536200017, 289.1809536200017, 289.1068052444607, 289.1068052444607, 289.03912311792374, 289.03912311792374, 288.97563603520393, 288.97563603520393, 288.91056515835226, 288.91056515835226, 288.88957919739187, 288.88957919739187, 288.77873944863677, 288.77873944863677, 288.6842649485916, 288.6842649485916, 288.4428802803159, 288.4428802803159, 288.3483444452286, 288.3483444452286, 288.10645177960396, 288.10645177960396, 288.01197223737836, 288.01197223737836, 287.76933548785746, 287.76933548785746, 287.67408611252904, 287.67408611252904, 287.4254754874855, 287.4254754874855, 287.32776986435056, 287.32776986435056, 287.06006649136543], "a_moves_left": [39, 39, 38, 38, 37, 37, 36, 36, 35, 35, 34, 34, 33, 33, 32, 32, 31, 31, 30, 30, 29, 29, 28, 28, 27, 27, 26, 26, 25, 25, 24, 24, 23, 23, 22, 22, 21, 21, 20, 20, 19, 19, 18, 18, 17, 17, 16, 16, 15, 15, 14, 14, 13, 13, 12, 12, 11, 11, 10, 10, 9, 9, 8, 8, 7, 7, 6, 6, 5, 5, 4, 4, 3, 3, 2, 2, 1, 1, 0, 0], "b_moves_left": [40, 39, 39, 38, 38, 37, 37, 36, 36, 35, 35, 34, 34, 33, 33, 32, 32, 31, 31, 30, 30, 29, 29, 28, 28, 27, 27, 26, 26, 25, 25, 24, 24, 23, 23, 22, 22, 21, 21, 20, 20, 19, 19, 18, 18, 17, 17, 16, 16, 15, 15, 14, 14, 13, 13, 12, 12, 11, 11, 10, 10, 9, 9, 8, 8, 7, 7, 6, 6, 5, 5, 4, 4, 3, 3, 2, 2, 1, 1, 0], "trapdoor_triggered": [0, 0, 0, 0, 0, 0, 0, 0, 0, 0, 0, 0, 0, 0, 0, 0, 0, 0, 0, 0, 0, 0, 0, 0, 0, 0, 0, 0, 0, 0, 0, 0, 0, 0, 0, 0, 0, 0, 0, 0, 0, 0, 0, 0, 0, 0, 0, 0, 0, 0, 0, 0, 0, 0, 0, 0, 0, 0, 0, 0, 0, 0, 0, 0, 0, 0, 0, 0, 0, 0, 0, 0, 0, 0, 0, 0, 0, 0, 0, 0], "left_behind": ["egg", "egg", "plain", "plain", "egg", "egg", "plain", "plain", "egg", "turd", "turd", "plain", "egg", "egg", "turd", "turd", "egg", "egg", "plain", "plain", "egg", "egg", "plain", "plain", "plain", "plain", "plain", "plain", "egg", "egg", "plain", "plain", "egg", "egg", "plain", "plain", "egg", "egg", "plain", "plain", "egg", "plain", "plain", "plain", "plain", "plain", "plain", "plain", "egg", "plain", "plain", "plain", "egg", "plain", "plain", "plain", "plain", "egg", "plain", "plain", "plain", "plain", "plain", "plain", "plain", "plain", "plain", "plain", "plain", "plain", "plain", "plain", "plain", "plain", "plain", "plain", "plain", "plain", "plain", "plain"], "errlog_a": "", "errlog_b": "", "start_time": 360, "start_moves": 40, "turn_count": 80, "result": 0, "reason": "EGGS_LAID", "trapdoors": [[3, 3], [5, 4]], "spawn_a": [7, 3], "spawn_b": [0, 3]}