{"pos": [[7, 4], [1, 5], [6, 4], [1, 6], [5, 4], [2, 6], [5, 3], [2, 5], [4, 3], [2, 4], [3, 3], [2, 3], [3, 2], [0, 4], [3, 1], [1, 4], [2, 1], [2, 4], [2, 0], [3, 4], [2, 1], [3, 5], [2, 2], [4, 5], [1, 2], [4, 6], [1, 3], [5, 6], [0, 3], [6, 6], [0, 4], [6, 5], [0, 3], [6, 6], [0, 2], [7, 6], [1, 2], [6, 6], [1, 1], [6, 5], [1, 0], [6, 6], [1, 1], [6, 5], [1, 0], [6, 6], [1, 1], [6, 5], [1, 0], [6, 6], [1, 1], [6, 5], [1, 0], [6, 6], [1, 1], [6, 5], [1, 0], [6, 6], [1, 1], [6, 5], [1, 0], [6, 6], [1, 1], [6, 5], [1, 0], [6, 6], [1, 1], [6, 5], [1, 0], [6, 6], [1, 1], [6, 5], [1, 0], [6, 6], [1, 1], [6, 5], [1, 0], [6, 6], [1, 1], [6, 5]], "a_eggs_laid": [1, 1, 1, 1, 2, 2, 2, 2, 3, 3, 3, 3, 8, 8, 8, 8, 9, 9, 9, 9, 10, 10, 10, 10, 11, 11, 11, 11, 12, 12, 12, 12, 13, 13, 13, 13, 14, 14, 14, 14, 15, 15, 15, 15, 15, 15, 15, 15, 15, 15, 15, 15, 15, 15, 15, 15, 15, 15, 15, 15, 15, 15, 15, 15, 15, 15, 15, 15, 15, 15, 15, 15, 15, 15, 15, 15, 15, 15, 15, 15], "b_eggs_laid": [0, 1, 1, 1, 1, 2, 2, 2, 2, 3, 3, 3, 3, 3, 3, 3, 3, 4, 4, 4, 4, 5, 5, 5, 5, 6, 6, 6, 6, 7, 7, 7, 7, 8, 8, 8, 8, 9, 9, 9, 9, 9, 9, 9, 9, 9, 9, 9, 9, 9, 9, 9, 9, 9, 9, 9, 9, 9, 9, 9, 9, 9, 9, 9, 9, 9, 9, 9, 9, 9, 9, 9, 9, 9, 9, 9, 9, 9, 9, 9], "a_turds_left": [5, 5, 5, 5, 5, 5, 4, 4, 4, 4, 4, 4, 4, 4, 4, 4, 4, 4, 4, 4, 4, 4, 4, 4, 4, 4, 4, 4, 4, 4, 4, 4, 4, 4, 4, 4, 4, 4, 4, 4, 4, 4, 4, 4, 4, 4, 4, 4, 4, 4, 4, 4, 4, 4, 4, 4, 4, 4, 4, 4, 4, 4, 4, 4, 4, 4, 4, 4, 4, 4, 4, 4, 4, 4, 4, 4, 4, 4, 4, 4], "b_turds_left": [5, 5, 5, 5, 5, 5, 5, 5, 5, 5, 5, 4, 4, 4, 4, 4, 4, 4, 4, 4, 4, 4, 4, 3, 3, 3, 3, 3, 3, 3, 3, 3, 3, 3, 3, 3, 3, 3, 3, 3, 3, 3, 3, 3, 3, 3, 3, 3, 3, 3, 3, 3, 3, 3, 3, 3, 3, 3, 3, 3, 3, 3, 3, 3, 3, 3, 3, 3, 3, 3, 3, 3, 3, 3, 3, 3, 3, 3, 3, 3], "a_time_left": [357.60615274868906, 357.60615274868906, 352.49691708385944, 352.49691708385944, 345.93617600016296, 345.93617600016296, 337.9152941238135, 337.9152941238135, 332.1730732899159, 332.1730732899159, 324.79429549723864, 324.79429549723864, 324.10082395747304, 324.10082395747304, 323.1142869591713, 323.1142869591713, 321.9367850404233, 321.9367850404233, 320.81662457995117, 320.81662457995117, 320.57779424637556, 320.57779424637556, 319.50365883111954, 319.50365883111954, 319.04027508199215, 319.04027508199215, 318.6254362463951, 318.6254362463951, 318.4804132897407, 318.4804132897407, 318.4089617058635, 318.4089617058635, 318.37551995553076, 318.37551995553076, 318.2018173728138, 318.2018173728138, 318.0131778344512, 318.0131778344512, 317.51603004336357, 317.51603004336357, 317.29610583372414, 317.29610583372414, 317.09366904199123, 317.09366904199123, 316.95835037902, 316.95835037902, 316.7556826714426, 316.7556826714426, 316.62051204778254, 316.62051204778254, 316.41798725537956, 316.41798725537956, 316.2828036304563, 316.2828036304563, 316.0801187567413, 316.0801187567413, 315.94481658935547, 315.94481658935547, 315.7423088401556, 315.7423088401556, 315.6069441307336, 315.6069441307336, 315.4040237572044, 315.4040237572044, 315.26771858893335, 315.26771858893335, 315.062224380672, 315.062224380672, 314.9247005917132, 314.9247005917132, 314.71892250701785, 314.71892250701785, 314.58266500756145, 314.58266500756145, 314.37959525734186, 314.37959525734186, 314.2441823389381, 314.2441823389381, 314.04132421314716, 314.04132421314716], "b_time_left": [360, 359.82286229357123, 359.82286229357123, 358.7943554595113, 358.7943554595113, 357.26488925144076, 357.26488925144076, 354.46918387524784, 354.46918387524784, 352.31373845785856, 352.31373845785856, 351.4759143758565, 351.4759143758565, 350.55743683315814, 350.55743683315814, 349.9882033765316, 349.9882033765316, 349.1969522945583, 349.1969522945583, 349.0196209587157, 349.0196209587157, 348.4146124981344, 348.4146124981344, 347.97057333029807, 347.97057333029807, 347.7817647475749, 347.7817647475749, 347.52153970487416, 347.52153970487416, 347.37452699802816, 347.37452699802816, 347.2911497876048, 347.2911497876048, 347.2185750398785, 347.2185750398785, 346.88424441590905, 346.88424441590905, 346.6465733759105, 346.6465733759105, 346.32214616797864, 346.32214616797864, 346.26364412903786, 346.26364412903786, 345.939878212288, 345.939878212288, 345.88138512708247, 345.88138512708247, 345.55727791786194, 345.55727791786194, 345.49894979409873, 345.49894979409873, 345.174945211038, 345.174945211038, 345.1164706684649, 345.1164706684649, 344.7922368776053, 344.7922368776053, 344.7336696702987, 344.7336696702987, 344.4091772958636, 344.4091772958636, 344.35064775310457, 344.35064775310457, 344.02040541917086, 344.02040541917086, 343.96118896082044, 343.96118896082044, 343.63425512984395, 343.63425512984395, 343.5746027547866, 343.5746027547866, 343.24682646244764, 343.24682646244764, 343.18824416957796, 343.18824416957796, 342.86365983635187, 342.86365983635187, 342.8050130046904, 342.8050130046904, 342.4809716306627], "a_moves_left": [39, 39, 38, 38, 37, 37, 36, 36, 35, 35, 34, 34, 33, 33, 32, 32, 31, 31, 30, 30, 29, 29, 28, 28, 27, 27, 26, 26, 25, 25, 24, 24, 23, 23, 22, 22, 21, 21, 20, 20, 19, 19, 18, 18, 17, 17, 16, 16, 15, 15, 14, 14, 13, 13, 12, 12, 11, 11, 10, 10, 9, 9, 8, 8, 7, 7, 6, 6, 5, 5, 4, 4, 3, 3, 2, 2, 1, 1, 0, 0], "b_moves_left": [40, 39, 39, 38, 38, 37, 37, 36, 36, 35, 35, 34, 34, 33, 33, 32, 32, 31, 31, 30, 30, 29, 29, 28, 28, 27, 27, 26, 26, 25, 25, 24, 24, 23, 23, 22, 22, 21, 21, 20, 20, 19, 19, 18, 18, 17, 17, 16, 16, 15, 15, 14, 14, 13, 13, 12, 12, 11, 11, 10, 10, 9, 9, 8, 8, 7, 7, 6, 6, 5, 5, 4, 4, 3, 3, 2, 2, 1, 1, 0], "trapdoor_triggered": [0, 0, 0, 0, 0, 0, 0, 0, 0, 0, 0, 1, 0, 0, 0, 0, 0, 0, 0, 0, 0, 0, 0, 0, 0, 0, 0, 0, 0, 0, 0, 0, 0, 0, 0, 0, 0, 0, 0, 0, 0, 0, 0, 0, 0, 0, 0, 0, 0, 0, 0, 0, 0, 0, 0, 0, 0, 0, 0, 0, 0, 0, 0, 0, 0, 0, 0, 0, 0, 0, 0, 0, 0, 0, 0, 0, 0, 0, 0, 0], "left_behind": ["egg", "egg", "plain", "plain", "egg", "egg", "turd", "plain", "egg", "egg", "plain", "turd", "egg", "plain", "plain", "plain", "egg", "egg", "plain", "plain", "egg", "egg", "plain", "turd", "egg", "egg", "plain", "plain", "egg", "egg", "plain", "plain", "egg", "egg", "plain", "plain", "egg", "egg", "plain", "plain", "egg", "plain", "plain", "plain", "plain", "plain", "plain", "plain", "plain", "plain", "plain", "plain", "plain", "plain", "plain", "plain", "plain", "plain", "plain", "plain", "plain", "plain", "plain", "plain", "plain", "plain", "plain", "plain", "plain", "plain", "plain", "plain", "plain", "plain", "plain", "plain", "plain", "plain", "plain", "plain"], "errlog_a": "", "errlog_b": "", "start_time": 360, "start_moves": 40, "turn_count": 80, "result": 0, "reason": "EGGS_LAID", "trapdoors": [[5, 5], [2, 3]], "spawn_a": [7, 5], "spawn_b": [0, 5]}