{"pos": [[0, 3], [6, 2], [1, 3], [5, 2], [2, 3], [5, 3], [2, 2], [4, 3], [2, 1], [3, 3], [1, 1], [3, 4], [1, 2], [4, 4], [1, 3], [5, 4], [1, 4], [7, 1], [1, 5], [7, 0], [1, 6], [6, 0], [2, 6], [5, 0], [3, 6], [5, 1], [4, 6], [4, 1], [3, 6], [4, 2], [3, 5], [3, 2], [3, 6], [3, 3], [3, 7], [2, 3], [4, 7], [3, 3], [5, 7], [4, 3], [5, 6], [5, 3], [5, 5], [6, 3], [6, 5], [6, 4], [7, 5], [6, 5], [7, 6], [6, 4], [6, 6], [6, 3], [7, 6], [6, 4], [7, 5], [6, 5], [7, 6], [6, 4], [7, 5], [6, 5], [7, 6], [6, 4], [7, 5], [6, 5], [7, 6], [6, 4], [7, 5], [6, 5], [7, 6], [6, 4], [7, 5], [6, 5], [7, 6], [6, 4], [7, 5], [6, 5], [7, 6], [6, 4], [7, 5], [6, 5]], "a_eggs_laid": [1, 1, 1, 1, 2, 2, 2, 2, 3, 3, 3, 3, 4, 4, 4, 4, 8, 8, 8, 8, 9, 9, 9, 9, 10, 10, 10, 10, 11, 11, 11, 11, 12, 12, 12, 12, 13, 13, 13, 13, 14, 14, 14, 14, 15, 15, 15, 15, 16, 16, 16, 16, 17, 17, 17, 17, 17, 17, 17, 17, 17, 17, 17, 17, 17, 17, 17, 17, 17, 17, 17, 17, 17, 17, 17, 17, 17, 17, 17, 17], "b_eggs_laid": [0, 1, 1, 1, 1, 2, 2, 2, 2, 3, 3, 3, 3, 4, 4, 4, 4, 4, 4, 4, 4, 7, 7, 7, 7, 8, 8, 8, 8, 9, 9, 9, 9, 10, 10, 10, 10, 11, 11, 11, 11, 11, 11, 11, 11, 12, 12, 12, 12, 13, 13, 13, 13, 13, 13, 13, 13, 13, 13, 13, 13, 13, 13, 13, 13, 13, 13, 13, 13, 13, 13, 13, 13, 13, 13, 13, 13, 13, 13, 13], "a_turds_left": [5, 5, 5, 5, 5, 5, 5, 5, 5, 5, 4, 4, 4, 4, 4, 4, 4, 4, 4, 4, 4, 4, 4, 4, 4, 4, 4, 4, 4, 4, 4, 4, 4, 4, 4, 4, 4, 4, 4, 4, 4, 4, 3, 3, 3, 3, 3, 3, 3, 3, 3, 3, 3, 3, 3, 3, 3, 3, 3, 3, 3, 3, 3, 3, 3, 3, 3, 3, 3, 3, 3, 3, 3, 3, 3, 3, 3, 3, 3, 3], "b_turds_left": [5, 5, 5, 5, 5, 5, 5, 4, 4, 4, 4, 3, 3, 3, 3, 2, 2, 2, 2, 2, 2, 2, 2, 2, 2, 2, 2, 2, 2, 2, 2, 1, 1, 1, 1, 1, 1, 1, 1, 1, 1, 1, 1, 1, 1, 1, 1, 1, 1, 1, 1, 1, 1, 1, 1, 1, 1, 1, 1, 1, 1, 1, 1, 1, 1, 1, 1, 1, 1, 1, 1, 1, 1, 1, 1, 1, 1, 1, 1, 1], "a_time_left": [357.6496253311634, 357.6496253311634, 352.2583137881011, 352.2583137881011, 340.2523218728602, 340.2523218728602, 326.4834351222962, 326.4834351222962, 320.8865472897887, 320.8865472897887, 315.692548206076, 315.692548206076, 314.5768636651337, 314.5768636651337, 312.56775045767426, 312.56775045767426, 312.2402629572898, 312.2402629572898, 311.9295849148184, 311.9295849148184, 311.4549487885088, 311.4549487885088, 310.49189033173025, 310.49189033173025, 309.41747233085334, 309.41747233085334, 308.15063466504216, 308.15063466504216, 307.45636558160186, 307.45636558160186, 306.8799137081951, 306.8799137081951, 306.54569379240274, 306.54569379240274, 306.235273623839, 306.235273623839, 306.1223044153303, 306.1223044153303, 305.99084007926285, 305.99084007926285, 305.78684695623815, 305.78684695623815, 305.15999524481595, 305.15999524481595, 304.8796104118228, 304.8796104118228, 304.76650532893836, 304.76650532893836, 304.73665932938457, 304.73665932938457, 304.657360246405, 304.657360246405, 304.5538693703711, 304.5538693703711, 304.4983607046306, 304.4983607046306, 304.47460774332285, 304.47460774332285, 304.4207003265619, 304.4207003265619, 304.396933786571, 304.396933786571, 304.3429959975183, 304.3429959975183, 304.3193513713777, 304.3193513713777, 304.26537816412747, 304.26537816412747, 304.2417109552771, 304.2417109552771, 304.1874979157001, 304.1874979157001, 304.1636351644993, 304.1636351644993, 304.1095067895949, 304.1095067895949, 304.08594854176044, 304.08594854176044, 304.03183070756495, 304.03183070756495], "b_time_left": [360, 359.8243163768202, 359.8243163768202, 358.6992367915809, 358.6992367915809, 354.29546691663563, 354.29546691663563, 350.9438682924956, 350.9438682924956, 348.56771666556597, 348.56771666556597, 347.43830979056656, 347.43830979056656, 345.76497458294034, 345.76497458294034, 345.0040624141693, 345.0040624141693, 344.4492582883686, 344.4492582883686, 344.0059359129518, 344.0059359129518, 343.8742585796863, 343.8742585796863, 343.51110632903874, 343.51110632903874, 342.9007436595857, 342.9007436595857, 342.3354751188308, 342.3354751188308, 341.7296535372734, 341.7296535372734, 341.3345784135163, 341.3345784135163, 341.1463147904724, 341.1463147904724, 341.03883404284716, 341.03883404284716, 340.98487425222993, 340.98487425222993, 340.9273547939956, 340.9273547939956, 340.77358591742814, 340.77358591742814, 340.70215516909957, 340.70215516909957, 340.6288394611329, 340.6288394611329, 340.5827459618449, 340.5827459618449, 340.5268262960017, 340.5268262960017, 340.4387759640813, 340.4387759640813, 340.3271577153355, 340.3271577153355, 340.28454004600644, 340.28454004600644, 340.2291112113744, 340.2291112113744, 340.1863527931273, 340.1863527931273, 340.1311855856329, 340.1311855856329, 340.0883276257664, 340.0883276257664, 340.03297645784914, 340.03297645784914, 339.99032150022686, 339.99032150022686, 339.9349850844592, 339.9349850844592, 339.8921953365207, 339.8921953365207, 339.8367962948978, 339.8367962948978, 339.79407841712236, 339.79407841712236, 339.73866758309305, 339.73866758309305, 339.69598687440157], "a_moves_left": [39, 39, 38, 38, 37, 37, 36, 36, 35, 35, 34, 34, 33, 33, 32, 32, 31, 31, 30, 30, 29, 29, 28, 28, 27, 27, 26, 26, 25, 25, 24, 24, 23, 23, 22, 22, 21, 21, 20, 20, 19, 19, 18, 18, 17, 17, 16, 16, 15, 15, 14, 14, 13, 13, 12, 12, 11, 11, 10, 10, 9, 9, 8, 8, 7, 7, 6, 6, 5, 5, 4, 4, 3, 3, 2, 2, 1, 1, 0, 0], "b_moves_left": [40, 39, 39, 38, 38, 37, 37, 36, 36, 35, 35, 34, 34, 33, 33, 32, 32, 31, 31, 30, 30, 29, 29, 28, 28, 27, 27, 26, 26, 25, 25, 24, 24, 23, 23, 22, 22, 21, 21, 20, 20, 19, 19, 18, 18, 17, 17, 16, 16, 15, 15, 14, 14, 13, 13, 12, 12, 11, 11, 10, 10, 9, 9, 8, 8, 7, 7, 6, 6, 5, 5, 4, 4, 3, 3, 2, 2, 1, 1, 0], "trapdoor_triggered": [0, 0, 0, 0, 0, 0, 0, 0, 0, 0, 0, 0, 0, 0, 0, 1, 0, 0, 0, 0, 0, 0, 0, 0, 0, 0, 0, 0, 0, 0, 0, 0, 0, 0, 0, 0, 0, 0, 0, 0, 0, 0, 0, 0, 0, 0, 0, 0, 0, 0, 0, 0, 0, 0, 0, 0, 0, 0, 0, 0, 0, 0, 0, 0, 0, 0, 0, 0, 0, 0, 0, 0, 0, 0, 0, 0, 0, 0, 0, 0], "left_behind": ["egg", "egg", "plain", "plain", "egg", "egg", "plain", "turd", "egg", "egg", "turd", "turd", "egg", "egg", "plain", "turd", "plain", "plain", "plain", "plain", "egg", "egg", "plain", "plain", "egg", "egg", "plain", "plain", "egg", "egg", "plain", "turd", "egg", "egg", "plain", "plain", "egg", "egg", "plain", "plain", "egg", "plain", "turd", "plain", "egg", "egg", "plain", "plain", "egg", "egg", "plain", "plain", "egg", "plain", "plain", "plain", "plain", "plain", "plain", "plain", "plain", "plain", "plain", "plain", "plain", "plain", "plain", "plain", "plain", "plain", "plain", "plain", "plain", "plain", "plain", "plain", "plain", "plain", "plain", "plain"], "errlog_a": "", "errlog_b": "", "start_time": 360, "start_moves": 40, "turn_count": 80, "result": 0, "reason": "EGGS_LAID", "trapdoors": [[2, 4], [5, 4]], "spawn_a": [0, 2], "spawn_b": [7, 2]}