{"pos": [[6, 1], [5, 7], [6, 2], [5, 6], [6, 3], [5, 5]], "a_eggs_laid": [1, 1, 1, 1, 2, 2], "b_eggs_laid": [0, 1, 1, 1, 1, 2], "a_turds_left": [5, 5, 5, 5, 5, 5], "b_turds_left": [5, 5, 5, 5, 5, 5], "a_time_left": [359.5142112504691, 359.5142112504691, 357.74038637429476, 357.74038637429476, 352.5037291646004, 352.5037291646004], "b_time_left": [360, 358.9658417478204, 358.9658417478204, 357.111244995147, 357.111244995147, 353.0090741645545], "a_moves_left": [39, 39, 38, 38, 37, 37], "b_moves_left": [40, 39, 39, 38, 38, 37], "trapdoor_triggered": [0, 0, 0, 0, 0, 0], "left_behind": ["egg", "egg", "plain", "plain", "egg", "egg"], "errlog_a": "Timeout", "errlog_b": "", "start_time": 360, "start_moves": 40, "turn_count": 6, "result": 1, "reason": "CODE_CRASH", "trapdoors": [[3, 3], [4, 3]], "spawn_a": [6, 0], "spawn_b": [6, 7]}