{"pos": [[6, 1], [6, 6], [6, 2], [6, 5], [5, 2], [5, 5]], "a_eggs_laid": [1, 1, 1, 1, 2, 2], "b_eggs_laid": [0, 1, 1, 1, 1, 2], "a_turds_left": [5, 5, 5, 5, 5, 5], "b_turds_left": [5, 5, 5, 5, 5, 5], "a_time_left": [359.4933594148606, 359.4933594148606, 356.36451570503414, 356.36451570503414, 350.0777903739363, 350.0777903739363], "b_time_left": [360, 358.47522066533566, 358.47522066533566, 354.4303187895566, 354.4303187895566, 343.86995470523834], "a_moves_left": [39, 39, 38, 38, 37, 37], "b_moves_left": [40, 39, 39, 38, 38, 37], "trapdoor_triggered": [0, 0, 0, 0, 0, 0], "left_behind": ["egg", "egg", "plain", "plain", "egg", "egg"], "errlog_a": "Timeout", "errlog_b": "", "start_time": 360, "start_moves": 40, "turn_count": 6, "result": 1, "reason": "CODE_CRASH", "trapdoors": [[2, 4], [4, 3]], "spawn_a": [6, 0], "spawn_b": [6, 7]}