{"pos": [[2, 1], [2, 6], [2, 2], [2, 5], [3, 2], [3, 5], [3, 3], [4, 5], [3, 0], [4, 4], [4, 0], [4, 3], [5, 0], [2, 6], [5, 1], [2, 5], [5, 2], [2, 4], [5, 3], [3, 4], [5, 4], [4, 4], [5, 5], [4, 5], [6, 5], [4, 6], [6, 4], [5, 6], [6, 3], [5, 7], [6, 2], [4, 7], [5, 2], [4, 6], [4, 2], [3, 6], [4, 1], [2, 6], [3, 1], [1, 6], [2, 1], [1, 5], [1, 1], [1, 4], [1, 2], [1, 3], [0, 2], [0, 3], [0, 1], [1, 3], [0, 2], [1, 2], [0, 1], [1, 3], [0, 2], [1, 2], [0, 1], [1, 3], [0, 2], [1, 2], [0, 1], [1, 3], [0, 2], [1, 2], [0, 1], [1, 3], [0, 2], [1, 2], [0, 1], [1, 3], [0, 2], [1, 2], [0, 1], [1, 3], [0, 2], [1, 2], [0, 1], [1, 3], [0, 2], [1, 2]], "a_eggs_laid": [1, 1, 1, 1, 2, 2, 2, 2, 2, 2, 2, 2, 7, 7, 7, 7, 8, 8, 8, 8, 9, 9, 9, 9, 10, 10, 10, 10, 11, 11, 11, 11, 12, 12, 12, 12, 13, 13, 13, 13, 14, 14, 14, 14, 15, 15, 15, 15, 16, 16, 16, 16, 16, 16, 16, 16, 16, 16, 16, 16, 16, 16, 16, 16, 16, 16, 16, 16, 16, 16, 16, 16, 16, 16, 16, 16, 16, 16, 16, 16], "b_eggs_laid": [0, 1, 1, 1, 1, 2, 2, 6, 6, 7, 7, 7, 7, 7, 7, 7, 7, 7, 7, 7, 7, 8, 8, 8, 8, 8, 8, 8, 8, 9, 9, 9, 9, 10, 10, 10, 10, 11, 11, 11, 11, 12, 12, 12, 12, 13, 13, 13, 13, 14, 14, 14, 14, 15, 15, 15, 15, 15, 15, 15, 15, 15, 15, 15, 15, 15, 15, 15, 15, 15, 15, 15, 15, 15, 15, 15, 15, 15, 15, 15], "a_turds_left": [5, 5, 5, 5, 5, 5, 4, 4, 4, 4, 4, 4, 4, 4, 4, 4, 4, 4, 4, 4, 4, 4, 4, 4, 4, 4, 3, 3, 3, 3, 3, 3, 3, 3, 3, 3, 3, 3, 3, 3, 3, 3, 3, 3, 3, 3, 3, 3, 3, 3, 3, 3, 3, 3, 3, 3, 3, 3, 3, 3, 3, 3, 3, 3, 3, 3, 3, 3, 3, 3, 3, 3, 3, 3, 3, 3, 3, 3, 3, 3], "b_turds_left": [5, 5, 5, 5, 5, 5, 5, 5, 5, 5, 5, 5, 5, 5, 5, 5, 5, 5, 5, 4, 4, 4, 4, 3, 3, 3, 3, 3, 3, 3, 3, 3, 3, 3, 3, 3, 3, 3, 3, 3, 3, 3, 3, 3, 3, 3, 3, 3, 3, 3, 3, 3, 3, 3, 3, 3, 3, 3, 3, 3, 3, 3, 3, 3, 3, 3, 3, 3, 3, 3, 3, 3, 3, 3, 3, 3, 3, 3, 3, 3], "a_time_left": [359.51043558493257, 359.51043558493257, 356.4289605859667, 356.4289605859667, 350.68839379400015, 350.68839379400015, 344.21618971042335, 344.21618971042335, 340.8290664181113, 340.8290664181113, 338.73465637490153, 338.73465637490153, 338.29585441574454, 338.29585441574454, 337.13645553961396, 337.13645553961396, 334.0664512477815, 334.0664512477815, 328.158747414127, 328.158747414127, 324.737488290295, 324.737488290295, 323.39420758374035, 323.39420758374035, 323.00728296115994, 323.00728296115994, 321.81541121192276, 321.81541121192276, 321.36228221282363, 321.36228221282363, 320.7462215051055, 320.7462215051055, 319.96887167170644, 319.96887167170644, 318.08438221365213, 318.08438221365213, 316.6965958401561, 316.6965958401561, 314.7981986720115, 314.7981986720115, 314.06973200291395, 314.06973200291395, 312.8558920882642, 312.8558920882642, 312.43680779635906, 312.43680779635906, 312.0903846696019, 312.0903846696019, 311.981344377622, 311.981344377622, 311.9093880429864, 311.9093880429864, 311.87882975302637, 311.87882975302637, 311.79585962742567, 311.79585962742567, 311.7732989192009, 311.7732989192009, 311.6899958755821, 311.6899958755821, 311.66760120913386, 311.66760120913386, 311.58450554311275, 311.58450554311275, 311.5621160827577, 311.5621160827577, 311.4786185827106, 311.4786185827106, 311.4562074597925, 311.4562074597925, 311.3734066262841, 311.3734066262841, 311.3511155024171, 311.3511155024171, 311.26768558472395, 311.26768558472395, 311.24505758471787, 311.24505758471787, 311.1619469616562, 311.1619469616562], "b_time_left": [360, 358.83765404112637, 358.83765404112637, 353.78620733320713, 353.78620733320713, 346.56113066896796, 346.56113066896796, 344.5439465865493, 344.5439465865493, 342.90606858581305, 342.90606858581305, 341.778880501166, 341.778880501166, 341.2325289603323, 341.2325289603323, 338.66909408569336, 338.66909408569336, 335.9990440439433, 335.9990440439433, 329.4513225853443, 329.4513225853443, 326.8129430003464, 326.8129430003464, 325.3759791664779, 325.3759791664779, 324.33873479254544, 324.33873479254544, 323.28440646082163, 323.28440646082163, 322.60293566808105, 322.60293566808105, 321.9432655852288, 321.9432655852288, 321.1174504607916, 321.1174504607916, 320.05205066874623, 320.05205066874623, 318.3928670864552, 318.3928670864552, 317.287554750219, 317.287554750219, 316.41967137530446, 316.41967137530446, 315.6998697500676, 315.6998697500676, 314.97401212342083, 314.97401212342083, 314.8008597046137, 314.8008597046137, 314.75910045579076, 314.75910045579076, 314.68094928748906, 314.68094928748906, 314.6325455773622, 314.6325455773622, 314.5270900763571, 314.5270900763571, 314.49472091160715, 314.49472091160715, 314.389358535409, 314.389358535409, 314.3566082008183, 314.3566082008183, 314.2509330753237, 314.2509330753237, 314.21824795007706, 314.21824795007706, 314.11251482367516, 314.11251482367516, 314.08005382306874, 314.08005382306874, 313.97454428113997, 313.97454428113997, 313.9420672394335, 313.9420672394335, 313.83644286356866, 313.83644286356866, 313.80392619781196, 313.80392619781196, 313.6961109060794], "a_moves_left": [39, 39, 38, 38, 37, 37, 36, 36, 35, 35, 34, 34, 33, 33, 32, 32, 31, 31, 30, 30, 29, 29, 28, 28, 27, 27, 26, 26, 25, 25, 24, 24, 23, 23, 22, 22, 21, 21, 20, 20, 19, 19, 18, 18, 17, 17, 16, 16, 15, 15, 14, 14, 13, 13, 12, 12, 11, 11, 10, 10, 9, 9, 8, 8, 7, 7, 6, 6, 5, 5, 4, 4, 3, 3, 2, 2, 1, 1, 0, 0], "b_moves_left": [40, 39, 39, 38, 38, 37, 37, 36, 36, 35, 35, 34, 34, 33, 33, 32, 32, 31, 31, 30, 30, 29, 29, 28, 28, 27, 27, 26, 26, 25, 25, 24, 24, 23, 23, 22, 22, 21, 21, 20, 20, 19, 19, 18, 18, 17, 17, 16, 16, 15, 15, 14, 14, 13, 13, 12, 12, 11, 11, 10, 10, 9, 9, 8, 8, 7, 7, 6, 6, 5, 5, 4, 4, 3, 3, 2, 2, 1, 1, 0], "trapdoor_triggered": [0, 0, 0, 0, 0, 0, 1, 0, 0, 0, 0, 1, 0, 0, 0, 0, 0, 0, 0, 0, 0, 0, 0, 0, 0, 0, 0, 0, 0, 0, 0, 0, 0, 0, 0, 0, 0, 0, 0, 0, 0, 0, 0, 0, 0, 0, 0, 0, 0, 0, 0, 0, 0, 0, 0, 0, 0, 0, 0, 0, 0, 0, 0, 0, 0, 0, 0, 0, 0, 0, 0, 0, 0, 0, 0, 0, 0, 0, 0, 0], "left_behind": ["egg", "egg", "plain", "plain", "egg", "egg", "turd", "plain", "plain", "egg", "plain", "plain", "egg", "plain", "plain", "plain", "egg", "plain", "plain", "turd", "egg", "egg", "plain", "turd", "egg", "plain", "turd", "plain", "egg", "egg", "plain", "plain", "egg", "egg", "plain", "plain", "egg", "egg", "plain", "plain", "egg", "egg", "plain", "plain", "egg", "egg", "plain", "plain", "egg", "egg", "plain", "plain", "plain", "egg", "plain", "plain", "plain", "plain", "plain", "plain", "plain", "plain", "plain", "plain", "plain", "plain", "plain", "plain", "plain", "plain", "plain", "plain", "plain", "plain", "plain", "plain", "plain", "plain", "plain", "plain"], "errlog_a": "", "errlog_b": "", "start_time": 360, "start_moves": 40, "turn_count": 80, "result": 0, "reason": "EGGS_LAID", "trapdoors": [[3, 3], [4, 3]], "spawn_a": [2, 0], "spawn_b": [2, 7]}