{"pos": [[1, 6], [6, 6], [2, 6], [6, 5], [3, 6], [6, 6], [3, 5], [5, 6], [3, 4], [5, 5], [3, 3], [5, 4], [3, 2], [5, 3], [4, 2], [6, 3], [3, 2], [6, 2], [3, 3], [6, 1], [3, 2], [5, 1], [3, 3], [5, 0], [3, 2], [6, 0], [2, 2], [6, 1], [2, 1], [5, 1], [1, 1], [6, 1], [2, 1], [5, 1], [3, 1], [4, 1], [2, 1], [4, 0], [2, 0], [5, 0], [1, 0], [6, 0], [0, 0], [7, 0], [0, 1], [7, 1], [0, 2], [7, 0], [1, 2], [7, 1], [1, 3], [7, 0], [2, 3], [7, 1], [1, 3], [7, 0], [1, 4], [7, 1], [0, 4], [7, 0], [1, 4], [7, 1], [1, 5], [7, 2], [1, 6], [7, 1], [1, 7], [6, 1], [2, 7], [5, 1], [3, 7], [5, 2], [3, 6], [5, 1], [4, 6], [6, 1], [4, 7], [5, 1], [5, 7], [6, 1]], "a_eggs_laid": [1, 1, 1, 1, 2, 2, 2, 2, 3, 3, 3, 3, 3, 3, 3, 3, 4, 4, 4, 4, 4, 4, 4, 4, 4, 4, 4, 4, 5, 5, 5, 5, 6, 6, 6, 6, 7, 7, 7, 7, 8, 8, 8, 8, 11, 11, 11, 11, 12, 12, 12, 12, 13, 13, 13, 13, 13, 13, 13, 13, 14, 14, 14, 14, 15, 15, 15, 15, 16, 16, 16, 16, 17, 17, 17, 17, 18, 18, 18, 18], "b_eggs_laid": [0, 1, 1, 1, 1, 2, 2, 2, 2, 3, 3, 3, 3, 4, 4, 4, 4, 5, 5, 5, 5, 6, 6, 6, 6, 7, 7, 7, 7, 7, 7, 7, 7, 7, 7, 7, 7, 8, 8, 8, 8, 8, 8, 8, 8, 11, 11, 11, 11, 11, 11, 11, 11, 11, 11, 11, 11, 11, 11, 11, 11, 11, 11, 11, 11, 12, 12, 12, 12, 12, 12, 12, 12, 13, 13, 13, 13, 13, 13, 13], "a_turds_left": [5, 5, 5, 5, 5, 5, 5, 5, 5, 5, 5, 5, 4, 4, 4, 4, 4, 4, 4, 4, 4, 4, 3, 3, 3, 3, 3, 3, 3, 3, 3, 3, 3, 3, 3, 3, 3, 3, 3, 3, 3, 3, 3, 3, 3, 3, 3, 3, 3, 3, 3, 3, 3, 3, 3, 3, 3, 3, 3, 3, 3, 3, 3, 3, 3, 3, 3, 3, 3, 3, 3, 3, 3, 3, 3, 3, 3, 3, 3, 3], "b_turds_left": [5, 5, 5, 5, 5, 5, 5, 5, 5, 5, 5, 4, 4, 4, 4, 3, 3, 3, 3, 3, 3, 3, 3, 3, 3, 3, 3, 3, 3, 3, 3, 3, 3, 3, 3, 3, 3, 3, 3, 3, 3, 3, 3, 3, 3, 3, 3, 3, 3, 3, 3, 3, 3, 3, 3, 3, 3, 3, 3, 3, 3, 3, 3, 3, 3, 3, 3, 3, 3, 3, 3, 3, 3, 3, 3, 3, 3, 3, 3, 3], "a_time_left": [354.9506716262549, 354.9506716262549, 339.3764750454575, 339.3764750454575, 315.1680434215814, 315.1680434215814, 303.593081003055, 303.593081003055, 294.0586768388748, 294.0586768388748, 276.1560912132263, 276.1560912132263, 254.76381471194327, 254.76381471194327, 239.3299759607762, 239.3299759607762, 233.71111583523452, 233.71111583523452, 216.74136229604483, 216.74136229604483, 212.10159942135215, 212.10159942135215, 198.30178000219166, 198.30178000219166, 195.76829808577895, 195.76829808577895, 194.1735824625939, 194.1735824625939, 190.8188357129693, 190.8188357129693, 185.404001256451, 185.404001256451, 183.56879571266472, 183.56879571266472, 178.8876996282488, 178.8876996282488, 177.92993021011353, 177.92993021011353, 176.40207079425454, 176.40207079425454, 176.00874041952193, 176.00874041952193, 175.75751942023635, 175.75751942023635, 175.66423725523055, 175.66423725523055, 175.43773383833468, 175.43773383833468, 175.1544823385775, 175.1544823385775, 174.24930563010275, 174.24930563010275, 173.4092102535069, 173.4092102535069, 172.7207728791982, 172.7207728791982, 172.30995221436024, 172.30995221436024, 171.75329092517495, 171.75329092517495, 171.49128959141672, 171.49128959141672, 170.71086801029742, 170.71086801029742, 169.6029162183404, 169.6029162183404, 168.68405042774975, 168.68405042774975, 167.7092073019594, 167.7092073019594, 166.65114980190992, 166.65114980190992, 166.0812070518732, 166.0812070518732, 165.28185609541833, 165.28185609541833, 165.03771230205894, 165.03771230205894, 164.829694384709, 164.829694384709], "b_time_left": [360, 359.1180974151939, 359.1180974151939, 350.24032783322036, 350.24032783322036, 343.4398339167237, 343.4398339167237, 333.3805664591491, 333.3805664591491, 324.2804175019264, 324.2804175019264, 316.05388308689, 316.05388308689, 309.4669872112572, 309.4669872112572, 308.7722124606371, 308.7722124606371, 307.7596455421299, 307.7596455421299, 304.76331637613475, 304.76331637613475, 303.8241447918117, 303.8241447918117, 301.897780418396, 301.897780418396, 301.3273455426097, 301.3273455426097, 299.0105152502656, 299.0105152502656, 298.4405366256833, 298.4405366256833, 297.65622066520154, 297.65622066520154, 296.89756624773145, 296.89756624773145, 296.48990403674543, 296.48990403674543, 296.23522420041263, 296.23522420041263, 296.1005092840642, 296.1005092840642, 295.73626207746565, 295.73626207746565, 295.28542187064886, 295.28542187064886, 294.79894428886473, 294.79894428886473, 294.1733402069658, 294.1733402069658, 293.52108279056847, 293.52108279056847, 292.6227041222155, 292.6227041222155, 291.4133691228926, 291.4133691228926, 290.5156607888639, 290.5156607888639, 289.5723904129118, 289.5723904129118, 288.8095881231129, 288.8095881231129, 287.81716929003596, 287.81716929003596, 287.20954374969006, 287.20954374969006, 286.31713358312845, 286.31713358312845, 285.63283104263246, 285.63283104263246, 284.7091307900846, 284.7091307900846, 283.930954746902, 283.930954746902, 282.7660463731736, 282.7660463731736, 282.5433870796114, 282.5433870796114, 282.06413778848946, 282.06413778848946, 281.8681297469884], "a_moves_left": [39, 39, 38, 38, 37, 37, 36, 36, 35, 35, 34, 34, 33, 33, 32, 32, 31, 31, 30, 30, 29, 29, 28, 28, 27, 27, 26, 26, 25, 25, 24, 24, 23, 23, 22, 22, 21, 21, 20, 20, 19, 19, 18, 18, 17, 17, 16, 16, 15, 15, 14, 14, 13, 13, 12, 12, 11, 11, 10, 10, 9, 9, 8, 8, 7, 7, 6, 6, 5, 5, 4, 4, 3, 3, 2, 2, 1, 1, 0, 0], "b_moves_left": [40, 39, 39, 38, 38, 37, 37, 36, 36, 35, 35, 34, 34, 33, 33, 32, 32, 31, 31, 30, 30, 29, 29, 28, 28, 27, 27, 26, 26, 25, 25, 24, 24, 23, 23, 22, 22, 21, 21, 20, 20, 19, 19, 18, 18, 17, 17, 16, 16, 15, 15, 14, 14, 13, 13, 12, 12, 11, 11, 10, 10, 9, 9, 8, 8, 7, 7, 6, 6, 5, 5, 4, 4, 3, 3, 2, 2, 1, 1, 0], "trapdoor_triggered": [0, 0, 0, 0, 0, 0, 0, 0, 0, 0, 0, 0, 0, 0, 0, 0, 0, 0, 0, 0, 0, 0, 0, 0, 0, 0, 0, 0, 0, 0, 0, 0, 0, 0, 0, 0, 0, 0, 0, 0, 0, 0, 0, 0, 0, 0, 0, 0, 0, 0, 0, 0, 0, 0, 0, 0, 0, 0, 0, 0, 0, 0, 0, 0, 0, 0, 0, 0, 0, 0, 0, 0, 0, 0, 0, 0, 0, 0, 0, 0], "left_behind": ["egg", "egg", "plain", "plain", "egg", "egg", "plain", "plain", "egg", "egg", "plain", "turd", "turd", "egg", "plain", "turd", "egg", "egg", "plain", "plain", "plain", "egg", "turd", "plain", "plain", "egg", "plain", "plain", "egg", "plain", "plain", "plain", "egg", "plain", "plain", "plain", "egg", "egg", "plain", "plain", "egg", "plain", "plain", "plain", "egg", "egg", "plain", "plain", "egg", "plain", "plain", "plain", "egg", "plain", "plain", "plain", "plain", "plain", "plain", "plain", "egg", "plain", "plain", "plain", "egg", "egg", "plain", "plain", "egg", "plain", "plain", "plain", "egg", "egg", "plain", "plain", "egg", "plain", "plain", "plain"], "errlog_a": "", "errlog_b": "", "start_time": 360, "start_moves": 40, "turn_count": 80, "result": 0, "reason": "EGGS_LAID", "trapdoors": [[2, 4], [4, 3]], "spawn_a": [0, 6], "spawn_b": [7, 6]}