{"pos": [[3, 6], [3, 1], [3, 5], [3, 2], [3, 4], [3, 3], [2, 4], [4, 3], [2, 7], [3, 3], [1, 7], [3, 4], [1, 6], [4, 4], [1, 5], [5, 4], [1, 4], [5, 3], [0, 4], [5, 2], [0, 5], [3, 1], [0, 6], [4, 1], [1, 6], [5, 1], [2, 6], [6, 1], [3, 6], [6, 2], [4, 6], [6, 3], [5, 6], [6, 4], [6, 6], [7, 4], [6, 5], [7, 5], [5, 5], [7, 6], [5, 6], [7, 7], [5, 7], [6, 7], [5, 6], [7, 7], [5, 5], [7, 6], [6, 5], [7, 5], [6, 6], [7, 4], [6, 5], [7, 5], [6, 6], [7, 4], [6, 5], [7, 5], [6, 6], [7, 4], [6, 5], [7, 5], [6, 6], [7, 4], [6, 5], [7, 5], [6, 6], [7, 4], [6, 5], [7, 5], [6, 6], [7, 4], [6, 5], [7, 5], [6, 6], [7, 4], [6, 5], [7, 5], [6, 6], [7, 4]], "a_eggs_laid": [1, 1, 1, 1, 2, 2, 2, 2, 2, 2, 2, 2, 3, 3, 3, 3, 4, 4, 4, 4, 9, 9, 9, 9, 10, 10, 10, 10, 11, 11, 11, 11, 12, 12, 12, 12, 13, 13, 13, 13, 14, 14, 14, 14, 15, 15, 15, 15, 15, 15, 15, 15, 15, 15, 15, 15, 15, 15, 15, 15, 15, 15, 15, 15, 15, 15, 15, 15, 15, 15, 15, 15, 15, 15, 15, 15, 15, 15, 15, 15], "b_eggs_laid": [0, 1, 1, 1, 1, 2, 2, 6, 6, 7, 7, 7, 7, 8, 8, 8, 8, 9, 9, 9, 9, 9, 9, 9, 9, 10, 10, 10, 10, 11, 11, 11, 11, 12, 12, 12, 12, 13, 13, 13, 13, 14, 14, 14, 14, 15, 15, 15, 15, 15, 15, 15, 15, 15, 15, 15, 15, 15, 15, 15, 15, 15, 15, 15, 15, 15, 15, 15, 15, 15, 15, 15, 15, 15, 15, 15, 15, 15, 15, 15], "a_turds_left": [5, 5, 5, 5, 5, 5, 5, 5, 5, 5, 5, 5, 5, 5, 5, 5, 5, 5, 5, 5, 5, 5, 5, 5, 5, 5, 5, 5, 5, 5, 5, 5, 5, 5, 5, 5, 5, 5, 5, 5, 5, 5, 5, 5, 5, 5, 5, 5, 5, 5, 5, 5, 5, 5, 5, 5, 5, 5, 5, 5, 5, 5, 5, 5, 5, 5, 5, 5, 5, 5, 5, 5, 5, 5, 5, 5, 5, 5, 5, 5], "b_turds_left": [5, 5, 5, 5, 5, 5, 5, 5, 5, 5, 5, 4, 4, 4, 4, 3, 3, 3, 3, 3, 3, 3, 3, 2, 2, 2, 2, 2, 2, 2, 2, 2, 2, 2, 2, 2, 2, 2, 2, 2, 2, 2, 2, 2, 2, 2, 2, 2, 2, 2, 2, 2, 2, 2, 2, 2, 2, 2, 2, 2, 2, 2, 2, 2, 2, 2, 2, 2, 2, 2, 2, 2, 2, 2, 2, 2, 2, 2, 2, 2], "a_time_left": [359.52845879271626, 359.52845879271626, 357.5527273770422, 357.5527273770422, 354.8700257539749, 354.8700257539749, 353.84352192282677, 353.84352192282677, 350.13409704715014, 350.13409704715014, 348.6455931738019, 348.6455931738019, 348.3555627577007, 348.3555627577007, 345.7101115081459, 345.7101115081459, 343.8539105504751, 343.8539105504751, 342.98340592347085, 342.98340592347085, 342.0661023389548, 342.0661023389548, 340.60370042175055, 340.60370042175055, 339.8010628391057, 339.8010628391057, 338.6835335046053, 338.6835335046053, 337.6660647969693, 337.6660647969693, 336.38907125778496, 336.38907125778496, 335.346278173849, 335.346278173849, 334.6632097978145, 334.6632097978145, 334.3302316721529, 334.3302316721529, 334.18301258794963, 334.18301258794963, 334.1052315440029, 334.1052315440029, 334.03878454491496, 334.03878454491496, 334.01114237867296, 334.01114237867296, 333.92148867063224, 333.92148867063224, 333.85128733702004, 333.85128733702004, 333.8040087111294, 333.8040087111294, 333.754170127213, 333.754170127213, 333.71266558766365, 333.71266558766365, 333.66333796083927, 333.66333796083927, 333.6219735443592, 333.6219735443592, 333.57275991886854, 333.57275991886854, 333.53117479383945, 333.53117479383945, 333.4822322539985, 333.4822322539985, 333.44094663113356, 333.44094663113356, 333.39202471263707, 333.39202471263707, 333.35069379769266, 333.35069379769266, 333.30114142410457, 333.30114142410457, 333.2595910485834, 333.2595910485834, 333.2108898423612, 333.2108898423612, 333.16945196688175, 333.16945196688175], "b_time_left": [360, 358.25894179195166, 358.25894179195166, 356.23275866545737, 356.23275866545737, 353.01463904231787, 353.01463904231787, 350.7944600433111, 350.7944600433111, 348.5852798335254, 348.5852798335254, 347.074267834425, 347.074267834425, 346.1710904184729, 346.1710904184729, 343.93424271047115, 343.93424271047115, 342.9392984993756, 342.9392984993756, 341.94305945932865, 341.94305945932865, 341.0746677927673, 341.0746677927673, 338.2565902918577, 338.2565902918577, 336.8426994588226, 336.8426994588226, 336.1540000401437, 336.1540000401437, 335.0024389140308, 335.0024389140308, 333.95458457805216, 333.95458457805216, 333.4876992851496, 333.4876992851496, 333.1934583671391, 333.1934583671391, 332.95827795006335, 332.95827795006335, 332.8812142405659, 332.8812142405659, 332.72550420090556, 332.72550420090556, 332.67183611914515, 332.67183611914515, 332.6403773277998, 332.6403773277998, 332.6137982457876, 332.6137982457876, 332.56654807925224, 332.56654807925224, 332.50880349613726, 332.50880349613726, 332.4536387883127, 332.4536387883127, 332.3969023730606, 332.3969023730606, 332.343175040558, 332.343175040558, 332.2869452070445, 332.2869452070445, 332.2337587065995, 332.2337587065995, 332.17772462405264, 332.17772462405264, 332.12403650023043, 332.12403650023043, 332.06770316697657, 332.06770316697657, 332.0142004992813, 332.0142004992813, 331.95775283128023, 331.95775283128023, 331.90404074825346, 331.90404074825346, 331.84745095670223, 331.84745095670223, 331.7935844566673, 331.7935844566673, 331.7372042071074], "a_moves_left": [39, 39, 38, 38, 37, 37, 36, 36, 35, 35, 34, 34, 33, 33, 32, 32, 31, 31, 30, 30, 29, 29, 28, 28, 27, 27, 26, 26, 25, 25, 24, 24, 23, 23, 22, 22, 21, 21, 20, 20, 19, 19, 18, 18, 17, 17, 16, 16, 15, 15, 14, 14, 13, 13, 12, 12, 11, 11, 10, 10, 9, 9, 8, 8, 7, 7, 6, 6, 5, 5, 4, 4, 3, 3, 2, 2, 1, 1, 0, 0], "b_moves_left": [40, 39, 39, 38, 38, 37, 37, 36, 36, 35, 35, 34, 34, 33, 33, 32, 32, 31, 31, 30, 30, 29, 29, 28, 28, 27, 27, 26, 26, 25, 25, 24, 24, 23, 23, 22, 22, 21, 21, 20, 20, 19, 19, 18, 18, 17, 17, 16, 16, 15, 15, 14, 14, 13, 13, 12, 12, 11, 11, 10, 10, 9, 9, 8, 8, 7, 7, 6, 6, 5, 5, 4, 4, 3, 3, 2, 2, 1, 1, 0], "trapdoor_triggered": [0, 0, 0, 0, 0, 0, 1, 0, 0, 0, 0, 0, 0, 0, 0, 0, 0, 0, 0, 1, 0, 0, 0, 0, 0, 0, 0, 0, 0, 0, 0, 0, 0, 0, 0, 0, 0, 0, 0, 0, 0, 0, 0, 0, 0, 0, 0, 0, 0, 0, 0, 0, 0, 0, 0, 0, 0, 0, 0, 0, 0, 0, 0, 0, 0, 0, 0, 0, 0, 0, 0, 0, 0, 0, 0, 0, 0, 0, 0, 0], "left_behind": ["egg", "egg", "plain", "plain", "egg", "egg", "plain", "plain", "plain", "egg", "plain", "turd", "egg", "egg", "plain", "turd", "egg", "egg", "plain", "plain", "egg", "plain", "plain", "turd", "egg", "egg", "plain", "plain", "egg", "egg", "plain", "plain", "egg", "egg", "plain", "plain", "egg", "egg", "plain", "plain", "egg", "egg", "plain", "plain", "egg", "egg", "plain", "plain", "plain", "plain", "plain", "plain", "plain", "plain", "plain", "plain", "plain", "plain", "plain", "plain", "plain", "plain", "plain", "plain", "plain", "plain", "plain", "plain", "plain", "plain", "plain", "plain", "plain", "plain", "plain", "plain", "plain", "plain", "plain", "plain"], "errlog_a": "", "errlog_b": "", "start_time": 360, "start_moves": 40, "turn_count": 80, "result": 2, "reason": "EGGS_LAID", "trapdoors": [[2, 4], [5, 2]], "spawn_a": [3, 7], "spawn_b": [3, 0]}