{"pos": [[6, 1], [6, 6], [5, 1], [6, 5], [4, 1], [6, 4], [3, 1], [5, 4], [2, 1], [5, 3], [1, 1], [4, 3], [1, 2], [4, 4], [0, 2], [3, 4], [1, 2], [6, 6], [1, 3], [7, 6], [1, 4], [7, 5], [0, 4], [7, 4], [0, 5], [7, 3], [0, 6], [7, 2], [0, 5], [6, 2], [1, 5], [5, 2], [1, 6], [4, 2], [1, 7], [3, 2], [2, 7], [3, 3], [3, 7], [2, 3], [3, 6], [2, 4], [2, 6], [2, 5], [3, 6], [3, 5], [4, 6], [3, 6], [5, 6], [3, 5], [6, 6], [2, 5], [5, 6], [3, 5], [6, 6], [4, 5], [5, 6], [4, 4], [6, 6], [4, 3], [5, 6], [4, 2], [6, 6], [4, 1], [5, 6], [4, 0], [6, 6], [5, 0], [5, 6], [4, 0], [6, 6], [3, 0], [5, 6], [2, 0], [6, 6], [2, 1], [5, 6], [2, 2], [6, 6], [2, 1]], "a_eggs_laid": [1, 1, 1, 1, 2, 2, 2, 2, 3, 3, 3, 3, 4, 4, 4, 4, 9, 9, 9, 9, 10, 10, 10, 10, 11, 11, 11, 11, 12, 12, 12, 12, 13, 13, 13, 13, 14, 14, 14, 14, 15, 15, 15, 15, 16, 16, 16, 16, 17, 17, 17, 17, 18, 18, 18, 18, 18, 18, 18, 18, 18, 18, 18, 18, 18, 18, 18, 18, 18, 18, 18, 18, 18, 18, 18, 18, 18, 18, 18, 18], "b_eggs_laid": [0, 1, 1, 1, 1, 2, 2, 2, 2, 3, 3, 3, 3, 4, 4, 4, 4, 4, 4, 4, 4, 5, 5, 5, 5, 6, 6, 6, 6, 7, 7, 7, 7, 8, 8, 8, 8, 9, 9, 9, 9, 10, 10, 10, 10, 11, 11, 11, 11, 12, 12, 12, 12, 12, 12, 12, 12, 13, 13, 13, 13, 13, 13, 13, 13, 14, 14, 14, 14, 15, 15, 15, 15, 16, 16, 16, 16, 17, 17, 17], "a_turds_left": [5, 5, 5, 5, 5, 5, 5, 5, 5, 5, 5, 5, 5, 5, 5, 5, 5, 5, 5, 5, 5, 5, 5, 5, 5, 5, 5, 5, 5, 5, 5, 5, 5, 5, 5, 5, 5, 5, 5, 5, 5, 5, 5, 5, 5, 5, 5, 5, 5, 5, 5, 5, 5, 5, 5, 5, 5, 5, 5, 5, 5, 5, 5, 5, 5, 5, 5, 5, 5, 5, 5, 5, 5, 5, 5, 5, 5, 5, 5, 5], "b_turds_left": [5, 5, 5, 5, 5, 5, 5, 5, 5, 5, 5, 4, 4, 4, 4, 4, 4, 4, 4, 4, 4, 4, 4, 4, 4, 4, 4, 4, 4, 4, 4, 4, 4, 4, 4, 4, 4, 4, 4, 4, 4, 4, 4, 4, 4, 4, 4, 4, 4, 4, 4, 4, 4, 4, 4, 4, 4, 4, 4, 4, 4, 4, 4, 4, 4, 4, 4, 4, 4, 4, 4, 4, 4, 4, 4, 4, 4, 4, 4, 4], "a_time_left": [359.6235602479428, 359.6235602479428, 358.34790332987905, 358.34790332987905, 356.96813628822565, 356.96813628822565, 356.2643084526062, 356.2643084526062, 355.9592629931867, 355.9592629931867, 355.5362828671932, 355.5362828671932, 355.22015036828816, 355.22015036828816, 354.6125570349395, 354.6125570349395, 353.6848825365305, 353.6848825365305, 351.7470954954624, 351.7470954954624, 350.4865488708019, 350.4865488708019, 349.02843658067286, 349.02843658067286, 348.5752519983798, 348.5752519983798, 348.0000194143504, 348.0000194143504, 347.4147845823318, 347.4147845823318, 346.5557180419564, 346.5557180419564, 346.04569587670267, 346.04569587670267, 344.51339358463883, 344.51339358463883, 344.2274145837873, 344.2274145837873, 343.86090629175305, 343.86090629175305, 343.6934058330953, 343.6934058330953, 343.3982034958899, 343.3982034958899, 343.2503384947777, 343.2503384947777, 343.03902311995625, 343.03902311995625, 342.9796491600573, 342.9796491600573, 342.89237187057734, 342.89237187057734, 342.84125878475606, 342.84125878475606, 342.7658901605755, 342.7658901605755, 342.71845395118, 342.71845395118, 342.60786745138466, 342.60786745138466, 342.509155491367, 342.509155491367, 342.372545491904, 342.372545491904, 342.30829541012645, 342.30829541012645, 342.25164299272, 342.25164299272, 342.2341478690505, 342.2341478690505, 342.15757328644395, 342.15757328644395, 342.13579824380577, 342.13579824380577, 342.0669964104891, 342.0669964104891, 342.0103921610862, 342.0103921610862, 341.84648103639483, 341.84648103639483], "b_time_left": [360, 358.45181395858526, 358.45181395858526, 356.1964743323624, 356.1964743323624, 353.90070129185915, 353.90070129185915, 349.39499708265066, 349.39499708265066, 345.2869602907449, 345.2869602907449, 340.12650204077363, 340.12650204077363, 337.1495324987918, 337.1495324987918, 334.270663164556, 334.270663164556, 333.023949412629, 333.023949412629, 330.51041153632104, 330.51041153632104, 329.7931428719312, 329.7931428719312, 329.56990582868457, 329.56990582868457, 328.6793507877737, 328.6793507877737, 328.04537941515446, 328.04537941515446, 327.13307741470635, 327.13307741470635, 324.6402629967779, 324.6402629967779, 323.3399176225066, 323.3399176225066, 322.2691786233336, 322.2691786233336, 321.9488678313792, 321.9488678313792, 321.7272839155048, 321.7272839155048, 321.398229541257, 321.398229541257, 321.05495970882475, 321.05495970882475, 320.8078742902726, 320.8078742902726, 320.62423229031265, 320.62423229031265, 320.5663310382515, 320.5663310382515, 320.47983462177217, 320.47983462177217, 320.3742537871003, 320.3742537871003, 320.3011306207627, 320.3011306207627, 320.23138678632677, 320.23138678632677, 320.1001234538853, 320.1001234538853, 319.9663541633636, 319.9663541633636, 319.83768299780786, 319.83768299780786, 319.75208933092654, 319.75208933092654, 319.72809503786266, 319.72809503786266, 319.6951547898352, 319.6951547898352, 319.66620804183185, 319.66620804183185, 319.63673316687346, 319.63673316687346, 319.5945857912302, 319.5945857912302, 319.4987960010767, 319.4987960010767, 319.3854310847819], "a_moves_left": [39, 39, 38, 38, 37, 37, 36, 36, 35, 35, 34, 34, 33, 33, 32, 32, 31, 31, 30, 30, 29, 29, 28, 28, 27, 27, 26, 26, 25, 25, 24, 24, 23, 23, 22, 22, 21, 21, 20, 20, 19, 19, 18, 18, 17, 17, 16, 16, 15, 15, 14, 14, 13, 13, 12, 12, 11, 11, 10, 10, 9, 9, 8, 8, 7, 7, 6, 6, 5, 5, 4, 4, 3, 3, 2, 2, 1, 1, 0, 0], "b_moves_left": [40, 39, 39, 38, 38, 37, 37, 36, 36, 35, 35, 34, 34, 33, 33, 32, 32, 31, 31, 30, 30, 29, 29, 28, 28, 27, 27, 26, 26, 25, 25, 24, 24, 23, 23, 22, 22, 21, 21, 20, 20, 19, 19, 18, 18, 17, 17, 16, 16, 15, 15, 14, 14, 13, 13, 12, 12, 11, 11, 10, 10, 9, 9, 8, 8, 7, 7, 6, 6, 5, 5, 4, 4, 3, 3, 2, 2, 1, 1, 0], "trapdoor_triggered": [0, 0, 0, 0, 0, 0, 0, 0, 0, 0, 0, 0, 0, 0, 0, 1, 0, 0, 0, 0, 0, 0, 0, 0, 0, 0, 0, 0, 0, 0, 0, 0, 0, 0, 0, 0, 0, 0, 0, 0, 0, 0, 0, 0, 0, 0, 0, 0, 0, 0, 0, 0, 0, 0, 0, 0, 0, 0, 0, 0, 0, 0, 0, 0, 0, 0, 0, 0, 0, 0, 0, 0, 0, 0, 0, 0, 0, 0, 0, 0], "left_behind": ["egg", "egg", "plain", "plain", "egg", "egg", "plain", "plain", "egg", "egg", "plain", "turd", "egg", "egg", "plain", "plain", "egg", "plain", "plain", "plain", "egg", "egg", "plain", "plain", "egg", "egg", "plain", "plain", "egg", "egg", "plain", "plain", "egg", "egg", "plain", "plain", "egg", "egg", "plain", "plain", "egg", "egg", "plain", "plain", "egg", "egg", "plain", "plain", "egg", "egg", "plain", "plain", "egg", "plain", "plain", "plain", "plain", "egg", "plain", "plain", "plain", "plain", "plain", "plain", "plain", "egg", "plain", "plain", "plain", "egg", "plain", "plain", "plain", "egg", "plain", "plain", "plain", "egg", "plain", "plain"], "errlog_a": "", "errlog_b": "", "start_time": 360, "start_moves": 40, "turn_count": 80, "result": 0, "reason": "EGGS_LAID", "trapdoors": [[5, 5], [3, 4]], "spawn_a": [6, 0], "spawn_b": [6, 7]}