{"pos": [[0, 5], [6, 6], [1, 5], [6, 5], [1, 6], [6, 4], [2, 6], [5, 4], [2, 5], [4, 4], [3, 5], [3, 4], [4, 5], [7, 5], [4, 4], [7, 4], [4, 3], [7, 3], [4, 2], [7, 2], [5, 2], [6, 2], [5, 1], [6, 3], [5, 0], [5, 3], [6, 0], [4, 3], [7, 0], [3, 3], [7, 1], [3, 2], [7, 0], [3, 1], [7, 1], [3, 0], [7, 0], [4, 0], [7, 1], [5, 0], [7, 0], [4, 0], [7, 1], [4, 1], [7, 0], [3, 1], [7, 1], [2, 1], [7, 0], [2, 0], [7, 1], [1, 0], [7, 0], [1, 1], [7, 1], [1, 2], [7, 0], [1, 3], [7, 1], [2, 3], [7, 0], [2, 4], [7, 1], [2, 5], [7, 0], [2, 4], [7, 1], [1, 4], [7, 0], [1, 3], [7, 1], [0, 3], [7, 0], [0, 4], [7, 1], [0, 3], [7, 0], [0, 4], [7, 1], [0, 3]], "a_eggs_laid": [1, 1, 1, 1, 2, 2, 2, 2, 3, 3, 3, 3, 8, 8, 8, 8, 9, 9, 9, 9, 10, 10, 10, 10, 11, 11, 11, 11, 12, 12, 12, 12, 13, 13, 13, 13, 13, 13, 13, 13, 13, 13, 13, 13, 13, 13, 13, 13, 13, 13, 13, 13, 13, 13, 13, 13, 13, 13, 13, 13, 13, 13, 13, 13, 13, 13, 13, 13, 13, 13, 13, 13, 13, 13, 13, 13, 13, 13, 13, 13], "b_eggs_laid": [0, 1, 1, 1, 1, 2, 2, 2, 2, 3, 3, 3, 3, 3, 3, 3, 3, 4, 4, 4, 4, 5, 5, 5, 5, 6, 6, 6, 6, 7, 7, 7, 7, 8, 8, 8, 8, 9, 9, 9, 9, 10, 10, 10, 10, 11, 11, 11, 11, 12, 12, 12, 12, 13, 13, 13, 13, 14, 14, 14, 14, 15, 15, 15, 15, 16, 16, 16, 16, 17, 17, 17, 17, 18, 18, 18, 18, 18, 18, 18], "a_turds_left": [5, 5, 5, 5, 5, 5, 5, 5, 5, 5, 5, 5, 5, 5, 5, 5, 5, 5, 5, 5, 5, 5, 5, 5, 5, 5, 5, 5, 5, 5, 5, 5, 5, 5, 5, 5, 5, 5, 5, 5, 5, 5, 5, 5, 5, 5, 5, 5, 5, 5, 5, 5, 5, 5, 5, 5, 5, 5, 5, 5, 5, 5, 5, 5, 5, 5, 5, 5, 5, 5, 5, 5, 5, 5, 5, 5, 5, 5, 5, 5], "b_turds_left": [5, 5, 5, 5, 5, 5, 5, 5, 5, 5, 5, 5, 5, 5, 5, 5, 5, 5, 5, 5, 5, 5, 5, 4, 4, 4, 4, 4, 4, 4, 4, 4, 4, 4, 4, 4, 4, 4, 4, 4, 4, 4, 4, 4, 4, 4, 4, 4, 4, 4, 4, 4, 4, 4, 4, 4, 4, 4, 4, 4, 4, 4, 4, 4, 4, 4, 4, 4, 4, 4, 4, 4, 4, 4, 4, 4, 4, 4, 4, 4], "a_time_left": [359.6532682925463, 359.6532682925463, 358.21353112719953, 358.21353112719953, 356.5928394589573, 356.5928394589573, 354.3486185427755, 354.3486185427755, 352.53413100354373, 352.53413100354373, 350.59131246060133, 350.59131246060133, 350.0977943763137, 350.0977943763137, 349.5604120027274, 349.5604120027274, 349.0818857513368, 349.0818857513368, 348.2177516669035, 348.2177516669035, 347.2924963757396, 347.2924963757396, 346.82955008372664, 346.82955008372664, 346.58944683521986, 346.58944683521986, 346.41484958678484, 346.41484958678484, 346.3503349609673, 346.3503349609673, 346.29815333522856, 346.29815333522856, 346.25340249948204, 346.25340249948204, 346.19951899908483, 346.19951899908483, 346.17890404351056, 346.17890404351056, 346.16534312814474, 346.16534312814474, 346.16083800420165, 346.16083800420165, 346.1435937117785, 346.1435937117785, 346.1152547542006, 346.1152547542006, 346.0627467986196, 346.0627467986196, 346.01634242385626, 346.01634242385626, 345.9902543835342, 345.9902543835342, 345.9706005062908, 345.9706005062908, 345.915542088449, 345.915542088449, 345.86179129593074, 345.86179129593074, 345.79875812865794, 345.79875812865794, 345.74712504446507, 345.74712504446507, 345.708339208737, 345.708339208737, 345.6905532479286, 345.6905532479286, 345.65228274837136, 345.65228274837136, 345.6154953315854, 345.6154953315854, 345.57101487368345, 345.57101487368345, 345.5567052923143, 345.5567052923143, 345.54753254167736, 345.54753254167736, 345.53303920663893, 345.53303920663893, 345.52409266494215, 345.52409266494215], "b_time_left": [360, 358.05405275151134, 358.05405275151134, 350.09171929210424, 350.09171929210424, 345.3349779583514, 345.3349779583514, 339.2212417088449, 339.2212417088449, 331.78539387509227, 331.78539387509227, 328.91109395958483, 328.91109395958483, 328.60093275271356, 328.60093275271356, 328.2007485013455, 328.2007485013455, 327.06251754425466, 327.06251754425466, 324.98284441791475, 324.98284441791475, 323.4643214624375, 323.4643214624375, 320.635270005092, 320.635270005092, 320.1496454626322, 320.1496454626322, 319.8405477106571, 319.8405477106571, 319.741191919893, 319.741191919893, 319.5603165049106, 319.5603165049106, 319.4758470878005, 319.4758470878005, 319.38515462726355, 319.38515462726355, 319.3484764583409, 319.3484764583409, 319.3258028309792, 319.3258028309792, 319.318116415292, 319.318116415292, 319.2940007057041, 319.2940007057041, 319.2435060814023, 319.2435060814023, 319.1691682897508, 319.1691682897508, 319.0846941228956, 319.0846941228956, 319.05831316486, 319.05831316486, 319.0231577884406, 319.0231577884406, 318.9400819540024, 318.9400819540024, 318.8380680382252, 318.8380680382252, 318.7364555373788, 318.7364555373788, 318.6431494113058, 318.6431494113058, 318.58618632890284, 318.58618632890284, 318.5545772872865, 318.5545772872865, 318.50315941125154, 318.50315941125154, 318.4379785358906, 318.4379785358906, 318.3840710800141, 318.3840710800141, 318.3547512050718, 318.3547512050718, 318.3406452871859, 318.3406452871859, 318.3114714547992, 318.3114714547992, 318.297168828547], "a_moves_left": [39, 39, 38, 38, 37, 37, 36, 36, 35, 35, 34, 34, 33, 33, 32, 32, 31, 31, 30, 30, 29, 29, 28, 28, 27, 27, 26, 26, 25, 25, 24, 24, 23, 23, 22, 22, 21, 21, 20, 20, 19, 19, 18, 18, 17, 17, 16, 16, 15, 15, 14, 14, 13, 13, 12, 12, 11, 11, 10, 10, 9, 9, 8, 8, 7, 7, 6, 6, 5, 5, 4, 4, 3, 3, 2, 2, 1, 1, 0, 0], "b_moves_left": [40, 39, 39, 38, 38, 37, 37, 36, 36, 35, 35, 34, 34, 33, 33, 32, 32, 31, 31, 30, 30, 29, 29, 28, 28, 27, 27, 26, 26, 25, 25, 24, 24, 23, 23, 22, 22, 21, 21, 20, 20, 19, 19, 18, 18, 17, 17, 16, 16, 15, 15, 14, 14, 13, 13, 12, 12, 11, 11, 10, 10, 9, 9, 8, 8, 7, 7, 6, 6, 5, 5, 4, 4, 3, 3, 2, 2, 1, 1, 0], "trapdoor_triggered": [0, 0, 0, 0, 0, 0, 0, 0, 0, 0, 0, 1, 0, 0, 0, 0, 0, 0, 0, 0, 0, 0, 0, 0, 0, 0, 0, 0, 0, 0, 0, 0, 0, 0, 0, 0, 0, 0, 0, 0, 0, 0, 0, 0, 0, 0, 0, 0, 0, 0, 0, 0, 0, 0, 0, 0, 0, 0, 0, 0, 0, 0, 0, 0, 0, 0, 0, 0, 0, 0, 0, 0, 0, 0, 0, 0, 0, 0, 0, 0], "left_behind": ["egg", "egg", "plain", "plain", "egg", "egg", "plain", "plain", "egg", "egg", "plain", "plain", "egg", "plain", "plain", "plain", "egg", "egg", "plain", "plain", "egg", "egg", "plain", "turd", "egg", "egg", "plain", "plain", "egg", "egg", "plain", "plain", "egg", "egg", "plain", "plain", "plain", "egg", "plain", "plain", "plain", "egg", "plain", "plain", "plain", "egg", "plain", "plain", "plain", "egg", "plain", "plain", "plain", "egg", "plain", "plain", "plain", "egg", "plain", "plain", "plain", "egg", "plain", "plain", "plain", "egg", "plain", "plain", "plain", "egg", "plain", "plain", "plain", "egg", "plain", "plain", "plain", "plain", "plain", "plain"], "errlog_a": "", "errlog_b": "", "start_time": 360, "start_moves": 40, "turn_count": 80, "result": 1, "reason": "EGGS_LAID", "trapdoors": [[2, 2], [3, 4]], "spawn_a": [0, 6], "spawn_b": [7, 6]}