{"pos": [[1, 6], [2, 0], [1, 5], [3, 0], [1, 4], [4, 0], [2, 4], [5, 0], [3, 4], [6, 0], [4, 4], [7, 0], [5, 4], [7, 1], [5, 3], [7, 0], [5, 2], [7, 1], [5, 1], [7, 2], [5, 2], [7, 3], [5, 3], [7, 2], [5, 4], [7, 3], [6, 4], [7, 4], [6, 5], [7, 5], [6, 6], [7, 4], [7, 6], [7, 5], [7, 7], [7, 4], [6, 7], [7, 5], [5, 7], [7, 4], [5, 6], [7, 5], [5, 5], [7, 4], [5, 6], [7, 5], [4, 6], [7, 4], [4, 5], [7, 5], [3, 5], [7, 4], [3, 6], [7, 5], [3, 7], [7, 4], [3, 6], [7, 5], [2, 6], [7, 4], [1, 6], [7, 5], [0, 6], [7, 4], [0, 5], [7, 5], [0, 4], [7, 4], [0, 3], [7, 5], [0, 2], [7, 4], [0, 1], [7, 5], [0, 0], [7, 4], [0, 1], [7, 5], [1, 1], [7, 4]], "a_eggs_laid": [1, 1, 1, 1, 2, 2, 2, 2, 3, 3, 3, 3, 4, 4, 4, 4, 5, 5, 5, 5, 6, 6, 6, 6, 6, 6, 6, 6, 7, 7, 7, 7, 8, 8, 8, 8, 11, 11, 11, 11, 12, 12, 12, 12, 13, 13, 13, 13, 14, 14, 14, 14, 15, 15, 15, 15, 16, 16, 16, 16, 17, 17, 17, 17, 18, 18, 18, 18, 19, 19, 19, 19, 20, 20, 20, 20, 23, 23, 23, 23], "b_eggs_laid": [0, 1, 1, 1, 1, 2, 2, 2, 2, 3, 3, 3, 3, 6, 6, 6, 6, 6, 6, 6, 6, 7, 7, 7, 7, 7, 7, 7, 7, 8, 8, 8, 8, 8, 8, 8, 8, 8, 8, 8, 8, 8, 8, 8, 8, 8, 8, 8, 8, 8, 8, 8, 8, 8, 8, 8, 8, 8, 8, 8, 8, 8, 8, 8, 8, 8, 8, 8, 8, 8, 8, 8, 8, 8, 8, 8, 8, 8, 8, 8], "a_turds_left": [5, 5, 5, 5, 5, 5, 4, 4, 4, 4, 4, 4, 4, 4, 3, 3, 3, 3, 2, 2, 2, 2, 2, 2, 2, 2, 2, 2, 2, 2, 2, 2, 2, 2, 2, 2, 2, 2, 2, 2, 2, 2, 2, 2, 2, 2, 2, 2, 2, 2, 2, 2, 2, 2, 2, 2, 2, 2, 2, 2, 2, 2, 2, 2, 2, 2, 2, 2, 2, 2, 2, 2, 2, 2, 2, 2, 2, 2, 2, 2], "b_turds_left": [5, 5, 5, 4, 4, 4, 4, 3, 3, 3, 3, 2, 2, 2, 2, 1, 1, 1, 1, 1, 1, 1, 1, 0, 0, 0, 0, 0, 0, 0, 0, 0, 0, 0, 0, 0, 0, 0, 0, 0, 0, 0, 0, 0, 0, 0, 0, 0, 0, 0, 0, 0, 0, 0, 0, 0, 0, 0, 0, 0, 0, 0, 0, 0, 0, 0, 0, 0, 0, 0, 0, 0, 0, 0, 0, 0, 0, 0, 0, 0], "a_time_left": [358.43699491769075, 358.43699491769075, 353.6743917912245, 353.6743917912245, 348.3114879578352, 348.3114879578352, 339.7322528306395, 339.7322528306395, 333.4542676638812, 333.4542676638812, 328.9009233303368, 328.9009233303368, 326.10794849693775, 326.10794849693775, 320.14651462063193, 320.14651462063193, 319.0425109528005, 319.0425109528005, 317.9372458253056, 317.9372458253056, 317.7162952441722, 317.7162952441722, 317.2490277029574, 317.2490277029574, 316.9725827034563, 316.9725827034563, 316.4827284552157, 316.4827284552157, 316.1641055364162, 316.1641055364162, 315.32996736839414, 315.32996736839414, 314.37817345000803, 314.37817345000803, 314.2026571575552, 314.2026571575552, 314.03229382261634, 314.03229382261634, 313.6442473642528, 313.6442473642528, 313.0418226569891, 313.0418226569891, 311.4244475737214, 311.4244475737214, 310.6279414072633, 310.6279414072633, 309.45487553440034, 309.45487553440034, 308.5492963679135, 308.5492963679135, 307.16012790985405, 307.16012790985405, 306.1356431990862, 306.1356431990862, 304.8891949057579, 304.8891949057579, 304.5106294453144, 304.5106294453144, 303.318751944229, 303.318751944229, 302.6469214037061, 302.6469214037061, 301.9987323191017, 301.9987323191017, 301.8612786922604, 301.8612786922604, 301.63579306565225, 301.63579306565225, 301.45942602679133, 301.45942602679133, 301.10143607109785, 301.10143607109785, 300.852018404752, 300.852018404752, 300.64810590445995, 300.64810590445995, 300.59287648648024, 300.59287648648024, 300.3861826527864, 300.3861826527864], "b_time_left": [360, 359.9998825415969, 359.9998825415969, 359.99978670850396, 359.99978670850396, 359.9990500006825, 359.9990500006825, 359.99896308220923, 359.99896308220923, 359.9972058739513, 359.9972058739513, 359.9971180818975, 359.9971180818975, 359.9970260821283, 359.9970260821283, 359.99689837545156, 359.99689837545156, 359.9968182910234, 359.9968182910234, 359.99674037471414, 359.99674037471414, 359.9966447092593, 359.9966447092593, 359.9965604580939, 359.9965604580939, 359.99648074992, 359.99648074992, 359.996404832229, 359.996404832229, 359.99631891585886, 359.99631891585886, 359.9962447080761, 359.9962447080761, 359.9961686246097, 359.9961686246097, 359.996080333367, 359.996080333367, 359.99599658325315, 359.99599658325315, 359.99591974914074, 359.99591974914074, 359.995844790712, 359.995844790712, 359.9957609139383, 359.9957609139383, 359.9953401647508, 359.9953401647508, 359.9952668733895, 359.9952668733895, 359.99519083090127, 359.99519083090127, 359.9951157476753, 359.9951157476753, 359.99503879249096, 359.99503879249096, 359.99495716765523, 359.99495716765523, 359.99489062838256, 359.99489062838256, 359.9948206283152, 359.9948206283152, 359.9947522524744, 359.9947522524744, 359.9946881271899, 359.9946881271899, 359.9946265015751, 359.9946265015751, 359.9945686683059, 359.9945686683059, 359.9945037923753, 359.9945037923753, 359.99444391950965, 359.99444391950965, 359.99438513070345, 359.99438513070345, 359.99432433769107, 359.99432433769107, 359.99426287971437, 359.99426287971437, 359.99419783987105], "a_moves_left": [39, 39, 38, 38, 37, 37, 36, 36, 35, 35, 34, 34, 33, 33, 32, 32, 31, 31, 30, 30, 29, 29, 28, 28, 27, 27, 26, 26, 25, 25, 24, 24, 23, 23, 22, 22, 21, 21, 20, 20, 19, 19, 18, 18, 17, 17, 16, 16, 15, 15, 14, 14, 13, 13, 12, 12, 11, 11, 10, 10, 9, 9, 8, 8, 7, 7, 6, 6, 5, 5, 4, 4, 3, 3, 2, 2, 1, 1, 0, 0], "b_moves_left": [40, 39, 39, 38, 38, 37, 37, 36, 36, 35, 35, 34, 34, 33, 33, 32, 32, 31, 31, 30, 30, 29, 29, 28, 28, 27, 27, 26, 26, 25, 25, 24, 24, 23, 23, 22, 22, 21, 21, 20, 20, 19, 19, 18, 18, 17, 17, 16, 16, 15, 15, 14, 14, 13, 13, 12, 12, 11, 11, 10, 10, 9, 9, 8, 8, 7, 7, 6, 6, 5, 5, 4, 4, 3, 3, 2, 2, 1, 1, 0], "trapdoor_triggered": [0, 0, 0, 0, 0, 0, 0, 0, 0, 0, 0, 0, 0, 0, 0, 0, 0, 0, 0, 0, 0, 0, 0, 0, 0, 0, 0, 0, 0, 0, 0, 0, 0, 0, 0, 0, 0, 0, 0, 0, 0, 0, 0, 0, 0, 0, 0, 0, 0, 0, 0, 0, 0, 0, 0, 0, 0, 0, 0, 0, 0, 0, 0, 0, 0, 0, 0, 0, 0, 0, 0, 0, 0, 0, 0, 0, 0, 0, 0, 0], "left_behind": ["egg", "egg", "plain", "turd", "egg", "egg", "turd", "turd", "egg", "egg", "plain", "turd", "egg", "egg", "turd", "turd", "egg", "plain", "turd", "plain", "egg", "egg", "plain", "turd", "plain", "plain", "plain", "plain", "egg", "egg", "plain", "plain", "egg", "plain", "plain", "plain", "egg", "plain", "plain", "plain", "egg", "plain", "plain", "plain", "egg", "plain", "plain", "plain", "egg", "plain", "plain", "plain", "egg", "plain", "plain", "plain", "egg", "plain", "plain", "plain", "egg", "plain", "plain", "plain", "egg", "plain", "plain", "plain", "egg", "plain", "plain", "plain", "egg", "plain", "plain", "plain", "egg", "plain", "plain", "plain"], "errlog_a": "", "errlog_b": "", "start_time": 360, "start_moves": 40, "turn_count": 80, "result": 0, "reason": "EGGS_LAID", "trapdoors": [[3, 3], [4, 3]], "spawn_a": [1, 7], "spawn_b": [1, 0]}