{"pos": [[2, 1], [2, 6], [1, 1], [3, 6], [2, 1], [4, 6], [3, 1], [4, 5], [4, 1], [4, 4], [5, 1], [4, 3], [6, 1], [3, 3], [5, 1], [3, 2], [6, 1], [3, 3], [6, 2], [3, 4], [6, 3], [4, 4], [7, 3], [5, 4], [7, 2], [5, 3], [7, 1], [5, 2], [7, 0], [4, 2], [7, 1], [4, 1], [7, 0], [4, 0], [6, 0], [5, 0], [6, 1], [4, 0], [6, 0], [5, 0], [7, 0], [4, 0], [7, 1], [5, 0], [7, 0], [4, 0], [7, 1], [5, 0], [7, 0], [4, 0], [7, 1], [5, 0], [7, 0], [4, 0], [7, 1], [5, 0], [7, 0], [4, 0], [7, 1], [5, 0], [7, 0], [4, 0], [7, 1], [5, 0], [7, 0], [4, 0], [7, 1], [5, 0], [7, 0], [4, 0], [7, 1], [5, 0], [7, 0], [4, 0], [7, 1], [5, 0], [7, 0], [4, 0], [7, 1], [5, 0]], "a_eggs_laid": [1, 1, 1, 1, 2, 2, 2, 2, 3, 3, 3, 3, 4, 4, 4, 4, 4, 4, 4, 4, 5, 5, 5, 5, 6, 6, 6, 6, 7, 7, 7, 7, 7, 7, 7, 7, 8, 8, 8, 8, 8, 8, 8, 8, 8, 8, 8, 8, 8, 8, 8, 8, 8, 8, 8, 8, 8, 8, 8, 8, 8, 8, 8, 8, 8, 8, 8, 8, 8, 8, 8, 8, 8, 8, 8, 8, 8, 8, 8, 8], "b_eggs_laid": [0, 1, 1, 1, 1, 2, 2, 2, 2, 3, 3, 3, 3, 4, 4, 4, 4, 5, 5, 5, 5, 6, 6, 6, 6, 7, 7, 7, 7, 8, 8, 8, 8, 9, 9, 9, 9, 10, 10, 10, 10, 10, 10, 10, 10, 10, 10, 10, 10, 10, 10, 10, 10, 10, 10, 10, 10, 10, 10, 10, 10, 10, 10, 10, 10, 10, 10, 10, 10, 10, 10, 10, 10, 10, 10, 10, 10, 10, 10, 10], "a_turds_left": [5, 5, 5, 5, 5, 5, 5, 5, 5, 5, 5, 5, 5, 5, 5, 5, 5, 5, 5, 5, 5, 5, 5, 5, 5, 5, 5, 5, 5, 5, 5, 5, 5, 5, 5, 5, 5, 5, 5, 5, 5, 5, 5, 5, 5, 5, 5, 5, 5, 5, 5, 5, 5, 5, 5, 5, 5, 5, 5, 5, 5, 5, 5, 5, 5, 5, 5, 5, 5, 5, 5, 5, 5, 5, 5, 5, 5, 5, 5, 5], "b_turds_left": [5, 5, 5, 5, 5, 5, 5, 5, 5, 5, 5, 4, 4, 4, 4, 3, 3, 3, 3, 3, 3, 3, 3, 3, 3, 3, 3, 2, 2, 2, 2, 1, 1, 1, 1, 1, 1, 1, 1, 1, 1, 1, 1, 1, 1, 1, 1, 1, 1, 1, 1, 1, 1, 1, 1, 1, 1, 1, 1, 1, 1, 1, 1, 1, 1, 1, 1, 1, 1, 1, 1, 1, 1, 1, 1, 1, 1, 1, 1, 1], "a_time_left": [359.7468488737941, 359.7468488737941, 359.10093483142555, 359.10093483142555, 358.1689792908728, 358.1689792908728, 357.412192042917, 357.412192042917, 356.91366383619606, 356.91366383619606, 356.7711377106607, 356.7711377106607, 356.5655779596418, 356.5655779596418, 356.306709876284, 356.306709876284, 356.2576581686735, 356.2576581686735, 356.07376354560256, 356.07376354560256, 355.85409842059016, 355.85409842059016, 355.4168092124164, 355.4168092124164, 355.239532712847, 355.239532712847, 355.07695538178086, 355.07695538178086, 355.0196505896747, 355.0196505896747, 354.9550694655627, 354.9550694655627, 354.90893100760877, 354.90893100760877, 354.8895329646766, 354.8895329646766, 354.8504520468414, 354.8504520468414, 354.79404588229954, 354.79404588229954, 354.7544892169535, 354.7544892169535, 354.73354359157383, 354.73354359157383, 354.6806027982384, 354.6806027982384, 354.6579902134836, 354.6579902134836, 354.60651187971234, 354.60651187971234, 354.5855795033276, 354.5855795033276, 354.5342850033194, 354.5342850033194, 354.51335091888905, 354.51335091888905, 354.46204087883234, 354.46204087883234, 354.4410214629024, 354.4410214629024, 354.388261878863, 354.388261878863, 354.3666057959199, 354.3666057959199, 354.31164654530585, 354.31164654530585, 354.29035446047783, 354.29035446047783, 354.23921350203454, 354.23921350203454, 354.21856158412993, 354.21856158412993, 354.167644334957, 354.167644334957, 354.1466168742627, 354.1466168742627, 354.09560308232903, 354.09560308232903, 354.07492949813604, 354.07492949813604], "b_time_left": [360, 357.5378445815295, 357.5378445815295, 356.5553685426712, 356.5553685426712, 354.4545357078314, 354.4545357078314, 351.53603216819465, 351.53603216819465, 347.62607812695205, 347.62607812695205, 343.8750917930156, 343.8750917930156, 341.56480716727674, 341.56480716727674, 340.06079812534153, 340.06079812534153, 339.175711998716, 339.175711998716, 338.6560796648264, 338.6560796648264, 338.2076723314822, 338.2076723314822, 337.920712582767, 337.920712582767, 337.26211237348616, 337.26211237348616, 337.0049507487565, 337.0049507487565, 336.8093115389347, 336.8093115389347, 336.6979314144701, 336.6979314144701, 336.6746556647122, 336.6746556647122, 336.6358021646738, 336.6358021646738, 336.60313545539975, 336.60313545539975, 336.5658347066492, 336.5658347066492, 336.54121141321957, 336.54121141321957, 336.4618655797094, 336.4618655797094, 336.43680474720895, 336.43680474720895, 336.35437866300344, 336.35437866300344, 336.3301958311349, 336.3301958311349, 336.25029437430203, 336.25029437430203, 336.22567979060113, 336.22567979060113, 336.14660653844476, 336.14660653844476, 336.12156766466796, 336.12156766466796, 336.0409456640482, 336.0409456640482, 336.01626120507717, 336.01626120507717, 335.93694224767387, 335.93694224767387, 335.9107688330114, 335.9107688330114, 335.82958395779133, 335.82958395779133, 335.80518495664, 335.80518495664, 335.7259720414877, 335.7259720414877, 335.701711833477, 335.701711833477, 335.5818856228143, 335.5818856228143, 335.5570654999465, 335.5570654999465, 335.4787388332188], "a_moves_left": [39, 39, 38, 38, 37, 37, 36, 36, 35, 35, 34, 34, 33, 33, 32, 32, 31, 31, 30, 30, 29, 29, 28, 28, 27, 27, 26, 26, 25, 25, 24, 24, 23, 23, 22, 22, 21, 21, 20, 20, 19, 19, 18, 18, 17, 17, 16, 16, 15, 15, 14, 14, 13, 13, 12, 12, 11, 11, 10, 10, 9, 9, 8, 8, 7, 7, 6, 6, 5, 5, 4, 4, 3, 3, 2, 2, 1, 1, 0, 0], "b_moves_left": [40, 39, 39, 38, 38, 37, 37, 36, 36, 35, 35, 34, 34, 33, 33, 32, 32, 31, 31, 30, 30, 29, 29, 28, 28, 27, 27, 26, 26, 25, 25, 24, 24, 23, 23, 22, 22, 21, 21, 20, 20, 19, 19, 18, 18, 17, 17, 16, 16, 15, 15, 14, 14, 13, 13, 12, 12, 11, 11, 10, 10, 9, 9, 8, 8, 7, 7, 6, 6, 5, 5, 4, 4, 3, 3, 2, 2, 1, 1, 0], "trapdoor_triggered": [0, 0, 0, 0, 0, 0, 0, 0, 0, 0, 0, 0, 0, 0, 0, 0, 0, 0, 0, 0, 0, 0, 0, 0, 0, 0, 0, 0, 0, 0, 0, 0, 0, 0, 0, 0, 0, 0, 0, 0, 0, 0, 0, 0, 0, 0, 0, 0, 0, 0, 0, 0, 0, 0, 0, 0, 0, 0, 0, 0, 0, 0, 0, 0, 0, 0, 0, 0, 0, 0, 0, 0, 0, 0, 0, 0, 0, 0, 0, 0], "left_behind": ["egg", "egg", "plain", "plain", "egg", "egg", "plain", "plain", "egg", "egg", "plain", "turd", "egg", "egg", "plain", "turd", "plain", "egg", "plain", "plain", "egg", "egg", "plain", "plain", "egg", "egg", "plain", "turd", "egg", "egg", "plain", "turd", "plain", "egg", "plain", "plain", "egg", "egg", "plain", "plain", "plain", "plain", "plain", "plain", "plain", "plain", "plain", "plain", "plain", "plain", "plain", "plain", "plain", "plain", "plain", "plain", "plain", "plain", "plain", "plain", "plain", "plain", "plain", "plain", "plain", "plain", "plain", "plain", "plain", "plain", "plain", "plain", "plain", "plain", "plain", "plain", "plain", "plain", "plain", "plain"], "errlog_a": "", "errlog_b": "", "start_time": 360, "start_moves": 40, "turn_count": 80, "result": 1, "reason": "EGGS_LAID", "trapdoors": [[3, 5], [2, 5]], "spawn_a": [2, 0], "spawn_b": [2, 7]}