{"pos": [[0, 5], [6, 6], [1, 5], [6, 5], [1, 4], [6, 4], [1, 3], [6, 3], [2, 3], [5, 3], [3, 3], [4, 3], [2, 3], [4, 2], [1, 3], [7, 5], [0, 3], [7, 4], [0, 4], [7, 3], [0, 3], [7, 2], [0, 2], [7, 1], [0, 1], [7, 0], [0, 0], [7, 1], [0, 1], [6, 1], [1, 1], [6, 0], [2, 1], [5, 0], [2, 2], [5, 1], [2, 3], [4, 1], [2, 4], [4, 0], [3, 4], [4, 1], [3, 5], [4, 0], [4, 5], [4, 1], [5, 5], [4, 0], [5, 4], [4, 1], [6, 4], [4, 0], [5, 4], [5, 0], [5, 5], [4, 0], [5, 6], [4, 1], [6, 6], [4, 0], [5, 6], [4, 1], [5, 7], [4, 0], [5, 6], [5, 0], [4, 6], [4, 0], [4, 7], [5, 0], [3, 7], [4, 0], [3, 6], [5, 0], [2, 6], [4, 0], [1, 6], [5, 0], [1, 5], [4, 0]], "a_eggs_laid": [1, 1, 1, 1, 2, 2, 2, 2, 3, 3, 3, 3, 4, 4, 8, 8, 8, 8, 8, 8, 9, 9, 9, 9, 10, 10, 10, 10, 13, 13, 13, 13, 14, 14, 14, 14, 15, 15, 15, 15, 16, 16, 16, 16, 17, 17, 17, 17, 18, 18, 18, 18, 19, 19, 19, 19, 19, 19, 19, 19, 20, 20, 20, 20, 21, 21, 21, 21, 22, 22, 22, 22, 23, 23, 23, 23, 24, 24, 24, 24], "b_eggs_laid": [0, 1, 1, 1, 1, 2, 2, 2, 2, 3, 3, 3, 3, 3, 3, 3, 3, 3, 3, 4, 4, 4, 4, 5, 5, 5, 5, 8, 8, 8, 8, 9, 9, 9, 9, 10, 10, 10, 10, 11, 11, 11, 11, 11, 11, 11, 11, 11, 11, 11, 11, 11, 11, 11, 11, 11, 11, 11, 11, 11, 11, 11, 11, 11, 11, 11, 11, 11, 11, 11, 11, 11, 11, 11, 11, 11, 11, 11, 11, 11], "a_turds_left": [5, 5, 5, 5, 5, 5, 5, 5, 5, 5, 5, 5, 5, 5, 5, 5, 5, 5, 5, 5, 5, 5, 5, 5, 5, 5, 5, 5, 5, 5, 5, 5, 5, 5, 4, 4, 4, 4, 4, 4, 4, 4, 4, 4, 4, 4, 4, 4, 4, 4, 4, 4, 4, 4, 4, 4, 4, 4, 4, 4, 4, 4, 4, 4, 4, 4, 4, 4, 4, 4, 4, 4, 4, 4, 4, 4, 4, 4, 4, 4], "b_turds_left": [5, 5, 5, 5, 5, 5, 5, 5, 5, 5, 5, 5, 5, 4, 4, 4, 4, 4, 4, 4, 4, 4, 4, 4, 4, 4, 4, 4, 4, 4, 4, 4, 4, 4, 4, 4, 4, 4, 4, 4, 4, 4, 4, 4, 4, 4, 4, 4, 4, 4, 4, 4, 4, 4, 4, 4, 4, 4, 4, 4, 4, 4, 4, 4, 4, 4, 4, 4, 4, 4, 4, 4, 4, 4, 4, 4, 4, 4, 4, 4], "a_time_left": [358.3294728305191, 358.3294728305191, 354.4476284570992, 354.4476284570992, 343.5478670820594, 343.5478670820594, 329.43657416664064, 329.43657416664064, 311.89439708553255, 311.89439708553255, 284.09822579473257, 284.09822579473257, 278.8099690862, 278.8099690862, 277.58630521036685, 277.58630521036685, 275.9446441717446, 275.9446441717446, 275.31226987950504, 275.31226987950504, 275.00495254807174, 275.00495254807174, 274.46946633793414, 274.46946633793414, 273.6236839219928, 273.6236839219928, 273.1006822139025, 273.1006822139025, 272.69897925667465, 272.69897925667465, 271.2248514238745, 271.2248514238745, 270.06605538353324, 270.06605538353324, 269.3824219238013, 269.3824219238013, 268.64545138180256, 268.64545138180256, 268.09316021576524, 268.09316021576524, 267.46186034195125, 267.46186034195125, 267.18449325859547, 267.18449325859547, 266.62726755067706, 266.62726755067706, 266.12744542583823, 266.12744542583823, 265.79109588079154, 265.79109588079154, 265.6859853807837, 265.6859853807837, 265.6241677161306, 265.6241677161306, 265.4429777562618, 265.4429777562618, 265.1303231716156, 265.1303231716156, 264.6522498782724, 264.6522498782724, 264.43592175096273, 264.43592175096273, 264.0250114593655, 264.0250114593655, 263.7964717093855, 263.7964717093855, 263.3001756705344, 263.3001756705344, 262.70139804668725, 262.70139804668725, 262.42962771095335, 262.42962771095335, 262.18669313006103, 262.18669313006103, 261.6252057980746, 261.6252057980746, 261.12352713011205, 261.12352713011205, 260.61858333833516, 260.61858333833516], "b_time_left": [360, 357.8832930829376, 357.8832930829376, 349.9262135401368, 349.9262135401368, 343.05433570593596, 343.05433570593596, 328.0626665391028, 328.0626665391028, 310.11324624717236, 310.11324624717236, 302.67291337251663, 302.67291337251663, 297.1496706623584, 297.1496706623584, 295.6002978719771, 295.6002978719771, 294.9556714557111, 294.9556714557111, 294.53629132919014, 294.53629132919014, 293.94019124656916, 293.94019124656916, 293.0924035385251, 293.0924035385251, 292.51413066498935, 292.51413066498935, 292.30178570747375, 292.30178570747375, 291.6777494568378, 291.6777494568378, 290.3172209970653, 290.3172209970653, 289.4723557047546, 289.4723557047546, 289.2184802033007, 289.2184802033007, 288.6445425376296, 288.6445425376296, 288.2771634552628, 288.2771634552628, 288.08077974803746, 288.08077974803746, 287.726381206885, 287.726381206885, 287.4385027065873, 287.4385027065873, 287.2206392902881, 287.2206392902881, 287.17234274558723, 287.17234274558723, 287.14080749452114, 287.14080749452114, 287.0333053674549, 287.0333053674549, 286.8481881171465, 286.8481881171465, 286.5486461184919, 286.5486461184919, 286.40975682623684, 286.40975682623684, 286.07301332615316, 286.07301332615316, 285.9157566167414, 285.9157566167414, 285.5450285729021, 285.5450285729021, 285.19056232087314, 285.19056232087314, 285.00766402855515, 285.00766402855515, 284.72467340156436, 284.72467340156436, 284.26671819388866, 284.26671819388866, 283.9098848607391, 283.9098848607391, 283.609542734921, 283.609542734921, 283.3097380269319], "a_moves_left": [39, 39, 38, 38, 37, 37, 36, 36, 35, 35, 34, 34, 33, 33, 32, 32, 31, 31, 30, 30, 29, 29, 28, 28, 27, 27, 26, 26, 25, 25, 24, 24, 23, 23, 22, 22, 21, 21, 20, 20, 19, 19, 18, 18, 17, 17, 16, 16, 15, 15, 14, 14, 13, 13, 12, 12, 11, 11, 10, 10, 9, 9, 8, 8, 7, 7, 6, 6, 5, 5, 4, 4, 3, 3, 2, 2, 1, 1, 0, 0], "b_moves_left": [40, 39, 39, 38, 38, 37, 37, 36, 36, 35, 35, 34, 34, 33, 33, 32, 32, 31, 31, 30, 30, 29, 29, 28, 28, 27, 27, 26, 26, 25, 25, 24, 24, 23, 23, 22, 22, 21, 21, 20, 20, 19, 19, 18, 18, 17, 17, 16, 16, 15, 15, 14, 14, 13, 13, 12, 12, 11, 11, 10, 10, 9, 9, 8, 8, 7, 7, 6, 6, 5, 5, 4, 4, 3, 3, 2, 2, 1, 1, 0], "trapdoor_triggered": [0, 0, 0, 0, 0, 0, 0, 0, 0, 0, 0, 0, 0, 1, 0, 0, 0, 0, 0, 0, 0, 0, 0, 0, 0, 0, 0, 0, 0, 0, 0, 0, 0, 0, 0, 0, 0, 0, 0, 0, 0, 0, 0, 0, 0, 0, 0, 0, 0, 0, 0, 0, 0, 0, 0, 0, 0, 0, 0, 0, 0, 0, 0, 0, 0, 0, 0, 0, 0, 0, 0, 0, 0, 0, 0, 0, 0, 0, 0, 0], "left_behind": ["egg", "egg", "plain", "plain", "egg", "egg", "plain", "plain", "egg", "egg", "plain", "plain", "egg", "turd", "plain", "plain", "plain", "plain", "plain", "egg", "egg", "plain", "plain", "egg", "egg", "plain", "plain", "egg", "egg", "plain", "plain", "egg", "egg", "plain", "turd", "egg", "egg", "plain", "plain", "egg", "egg", "plain", "plain", "plain", "egg", "plain", "plain", "plain", "egg", "plain", "plain", "plain", "egg", "plain", "plain", "plain", "plain", "plain", "plain", "plain", "egg", "plain", "plain", "plain", "egg", "plain", "plain", "plain", "egg", "plain", "plain", "plain", "egg", "plain", "plain", "plain", "egg", "plain", "plain", "plain"], "errlog_a": "", "errlog_b": "", "start_time": 360, "start_moves": 40, "turn_count": 80, "result": 0, "reason": "EGGS_LAID", "trapdoors": [[4, 2], [5, 2]], "spawn_a": [0, 6], "spawn_b": [7, 6]}