{"pos": [[5, 6], [5, 1], [5, 5], [5, 2], [4, 5], [4, 2], [4, 4], [3, 2], [3, 4], [3, 3], [4, 7], [4, 3], [3, 7], [3, 3], [3, 6], [2, 3], [3, 5], [2, 2], [2, 5], [1, 2], [2, 4], [1, 3], [5, 6], [1, 4], [6, 6], [1, 5], [6, 5], [2, 5], [7, 5], [2, 6], [7, 4], [1, 6], [7, 3], [1, 7], [7, 2], [0, 7], [7, 1], [1, 7], [7, 2], [2, 7], [6, 2], [2, 6], [6, 1], [3, 6], [6, 0], [2, 6], [6, 1], [1, 6], [6, 0], [1, 5], [6, 1], [1, 4], [6, 0], [1, 3], [6, 1], [0, 3], [7, 1], [0, 2], [6, 1], [0, 1], [6, 0], [0, 0], [6, 1], [1, 0], [6, 0], [1, 1], [6, 1], [2, 1], [6, 0], [2, 0], [6, 1], [3, 0], [6, 0], [4, 0], [6, 1], [5, 0], [6, 0], [5, 1], [6, 1], [5, 0]], "a_eggs_laid": [1, 1, 1, 1, 2, 2, 2, 2, 3, 3, 3, 3, 3, 3, 4, 4, 4, 4, 5, 5, 5, 5, 5, 5, 5, 5, 6, 6, 6, 6, 7, 7, 7, 7, 8, 8, 8, 8, 9, 9, 9, 9, 10, 10, 10, 10, 11, 11, 11, 11, 11, 11, 11, 11, 11, 11, 11, 11, 11, 11, 11, 11, 11, 11, 11, 11, 11, 11, 11, 11, 11, 11, 11, 11, 11, 11, 11, 11, 11, 11], "b_eggs_laid": [0, 1, 1, 1, 1, 2, 2, 2, 2, 7, 7, 7, 7, 8, 8, 8, 8, 9, 9, 9, 9, 14, 14, 14, 14, 15, 15, 15, 15, 16, 16, 16, 16, 17, 17, 17, 17, 20, 20, 20, 20, 21, 21, 21, 21, 22, 22, 22, 22, 22, 22, 22, 22, 22, 22, 22, 22, 23, 23, 23, 23, 24, 24, 24, 24, 25, 25, 25, 25, 26, 26, 26, 26, 27, 27, 27, 27, 27, 27, 27], "a_turds_left": [5, 5, 5, 5, 5, 5, 4, 4, 4, 4, 4, 4, 4, 4, 4, 4, 4, 4, 4, 4, 4, 4, 4, 4, 4, 4, 4, 4, 4, 4, 4, 4, 4, 4, 4, 4, 4, 4, 4, 4, 4, 4, 4, 4, 4, 4, 4, 4, 4, 4, 4, 4, 4, 4, 4, 4, 4, 4, 4, 4, 4, 4, 4, 4, 4, 4, 4, 4, 4, 4, 4, 4, 4, 4, 4, 4, 4, 4, 4, 4], "b_turds_left": [5, 5, 5, 5, 5, 5, 5, 4, 4, 4, 4, 3, 3, 3, 3, 3, 3, 3, 3, 2, 2, 2, 2, 2, 2, 2, 2, 2, 2, 2, 2, 2, 2, 2, 2, 2, 2, 2, 2, 2, 2, 2, 2, 2, 2, 2, 2, 2, 2, 2, 2, 2, 2, 2, 2, 2, 2, 2, 2, 2, 2, 2, 2, 2, 2, 2, 2, 2, 2, 2, 2, 2, 2, 2, 2, 2, 2, 2, 2, 2], "a_time_left": [359.3626947067678, 359.3626947067678, 355.81458158046007, 355.81458158046007, 347.91519595496356, 347.91519595496356, 341.2420437466353, 341.2420437466353, 338.6630525365472, 338.6630525365472, 336.61100445501506, 336.61100445501506, 334.6524362899363, 334.6524362899363, 333.72027153894305, 333.72027153894305, 332.3627087883651, 332.3627087883651, 329.6954458709806, 329.6954458709806, 327.9025350790471, 327.9025350790471, 327.0848648715764, 327.0848648715764, 325.9178901221603, 325.9178901221603, 325.26009695604444, 325.26009695604444, 324.774885956198, 324.774885956198, 324.3943181242794, 324.3943181242794, 323.9474667906761, 323.9474667906761, 323.39213825017214, 323.39213825017214, 323.2990442086011, 323.2990442086011, 323.1069417092949, 323.1069417092949, 322.90379537642, 322.90379537642, 322.4505450427532, 322.4505450427532, 322.3185703754425, 322.3185703754425, 322.0615250840783, 322.0615250840783, 321.7911282926798, 321.7911282926798, 321.46451829373837, 321.46451829373837, 320.9856718759984, 320.9856718759984, 320.67030449956656, 320.67030449956656, 320.5221997089684, 320.5221997089684, 320.3989958334714, 320.3989958334714, 320.234793625772, 320.234793625772, 320.1377251688391, 320.1377251688391, 319.98451862484217, 319.98451862484217, 319.6303712911904, 319.6303712911904, 319.38145750015974, 319.38145750015974, 319.24605437740684, 319.24605437740684, 319.10847333446145, 319.10847333446145, 318.9993558768183, 318.9993558768183, 318.873003333807, 318.873003333807, 318.6800019592047, 318.6800019592047], "b_time_left": [360, 357.25783679261804, 357.25783679261804, 349.0364634171128, 349.0364634171128, 344.8962092511356, 344.8962092511356, 342.19747791811824, 342.19747791811824, 340.83180037513375, 340.83180037513375, 339.93380075134337, 339.93380075134337, 339.4966096263379, 339.4966096263379, 338.91786887682974, 338.91786887682974, 338.075064919889, 338.075064919889, 337.49931321293116, 337.49931321293116, 337.2580104637891, 337.2580104637891, 336.76152954623103, 336.76152954623103, 336.5054840054363, 336.5054840054363, 335.9447803404182, 335.9447803404182, 335.6546250898391, 335.6546250898391, 335.316883508116, 335.316883508116, 335.1196002177894, 335.1196002177894, 334.93507542461157, 334.93507542461157, 334.87265117652714, 334.87265117652714, 334.70203192718327, 334.70203192718327, 334.61428401246667, 334.61428401246667, 334.4395361766219, 334.4395361766219, 334.41886859200895, 334.41886859200895, 334.3160251751542, 334.3160251751542, 334.24405130185187, 334.24405130185187, 334.0305203013122, 334.0305203013122, 333.9454855490476, 333.9454855490476, 333.71382954902947, 333.71382954902947, 333.59272550977767, 333.59272550977767, 333.3561343420297, 333.3561343420297, 333.18627050705254, 333.18627050705254, 332.9679245073348, 332.9679245073348, 332.7316799238324, 332.7316799238324, 332.32354808971286, 332.32354808971286, 332.12000125832856, 332.12000125832856, 331.84603229910135, 331.84603229910135, 331.63640292547643, 331.63640292547643, 331.3581282570958, 331.3581282570958, 331.2485806308687, 331.2485806308687, 331.0995754208416], "a_moves_left": [39, 39, 38, 38, 37, 37, 36, 36, 35, 35, 34, 34, 33, 33, 32, 32, 31, 31, 30, 30, 29, 29, 28, 28, 27, 27, 26, 26, 25, 25, 24, 24, 23, 23, 22, 22, 21, 21, 20, 20, 19, 19, 18, 18, 17, 17, 16, 16, 15, 15, 14, 14, 13, 13, 12, 12, 11, 11, 10, 10, 9, 9, 8, 8, 7, 7, 6, 6, 5, 5, 4, 4, 3, 3, 2, 2, 1, 1, 0, 0], "b_moves_left": [40, 39, 39, 38, 38, 37, 37, 36, 36, 35, 35, 34, 34, 33, 33, 32, 32, 31, 31, 30, 30, 29, 29, 28, 28, 27, 27, 26, 26, 25, 25, 24, 24, 23, 23, 22, 22, 21, 21, 20, 20, 19, 19, 18, 18, 17, 17, 16, 16, 15, 15, 14, 14, 13, 13, 12, 12, 11, 11, 10, 10, 9, 9, 8, 8, 7, 7, 6, 6, 5, 5, 4, 4, 3, 3, 2, 2, 1, 1, 0], "trapdoor_triggered": [0, 0, 0, 0, 0, 0, 0, 0, 1, 0, 0, 0, 0, 0, 0, 0, 0, 0, 0, 0, 1, 0, 0, 0, 0, 0, 0, 0, 0, 0, 0, 0, 0, 0, 0, 0, 0, 0, 0, 0, 0, 0, 0, 0, 0, 0, 0, 0, 0, 0, 0, 0, 0, 0, 0, 0, 0, 0, 0, 0, 0, 0, 0, 0, 0, 0, 0, 0, 0, 0, 0, 0, 0, 0, 0, 0, 0, 0, 0, 0], "left_behind": ["egg", "egg", "plain", "plain", "egg", "egg", "turd", "turd", "egg", "egg", "plain", "turd", "plain", "egg", "egg", "plain", "plain", "egg", "egg", "turd", "plain", "egg", "plain", "plain", "plain", "egg", "egg", "plain", "plain", "egg", "egg", "plain", "plain", "egg", "egg", "plain", "plain", "egg", "egg", "plain", "plain", "egg", "egg", "plain", "plain", "egg", "egg", "plain", "plain", "plain", "plain", "plain", "plain", "plain", "plain", "plain", "plain", "egg", "plain", "plain", "plain", "egg", "plain", "plain", "plain", "egg", "plain", "plain", "plain", "egg", "plain", "plain", "plain", "egg", "plain", "plain", "plain", "plain", "plain", "plain"], "errlog_a": "", "errlog_b": "", "start_time": 360, "start_moves": 40, "turn_count": 80, "result": 1, "reason": "EGGS_LAID", "trapdoors": [[2, 4], [3, 4]], "spawn_a": [5, 7], "spawn_b": [5, 0]}