{"pos": [[3, 6], [3, 1], [3, 5], [3, 2], [3, 4], [3, 3], [4, 4], [4, 3], [4, 5], [5, 3], [2, 7], [5, 4], [1, 7], [5, 5], [1, 6], [4, 0], [0, 6], [4, 1], [1, 6], [4, 0], [1, 5], [5, 0], [1, 6], [6, 0], [2, 6], [7, 0], [3, 6], [6, 0], [4, 6], [5, 0], [5, 6], [6, 0], [6, 6], [6, 1], [6, 5], [5, 1], [7, 5], [5, 2], [7, 4], [4, 2], [7, 3], [3, 2], [7, 2], [2, 2], [7, 1], [1, 2], [7, 2], [1, 3], [7, 3], [1, 4], [7, 4], [0, 4], [7, 3], [0, 3], [7, 2], [1, 3], [7, 3], [2, 3], [7, 4], [2, 2], [7, 3], [2, 1], [7, 2], [1, 1], [7, 1], [0, 1], [7, 2], [0, 2], [7, 1], [0, 3], [7, 2], [0, 4], [7, 3], [0, 5], [7, 4], [0, 4], [7, 3], [1, 4], [7, 2], [2, 4]], "a_eggs_laid": [1, 1, 1, 1, 2, 2, 2, 2, 3, 3, 3, 3, 3, 3, 8, 8, 8, 8, 9, 9, 9, 9, 10, 10, 10, 10, 11, 11, 11, 11, 12, 12, 12, 12, 13, 13, 13, 13, 14, 14, 14, 14, 15, 15, 15, 15, 16, 16, 16, 16, 16, 16, 16, 16, 16, 16, 16, 16, 16, 16, 16, 16, 16, 16, 16, 16, 16, 16, 16, 16, 16, 16, 16, 16, 16, 16, 16, 16, 16, 16], "b_eggs_laid": [0, 1, 1, 1, 1, 2, 2, 2, 2, 7, 7, 7, 7, 8, 8, 8, 8, 8, 8, 9, 9, 9, 9, 10, 10, 10, 10, 13, 13, 13, 13, 13, 13, 13, 13, 14, 14, 14, 14, 15, 15, 15, 15, 15, 15, 15, 15, 16, 16, 16, 16, 17, 17, 17, 17, 18, 18, 18, 18, 19, 19, 19, 19, 20, 20, 20, 20, 21, 21, 21, 21, 21, 21, 21, 21, 22, 22, 22, 22, 22], "a_turds_left": [5, 5, 5, 5, 5, 5, 5, 5, 5, 5, 5, 5, 5, 5, 5, 5, 5, 5, 5, 5, 5, 5, 5, 5, 5, 5, 5, 5, 5, 5, 5, 5, 5, 5, 5, 5, 5, 5, 5, 5, 5, 5, 5, 5, 5, 5, 5, 5, 5, 5, 5, 5, 5, 5, 5, 5, 5, 5, 5, 5, 5, 5, 5, 5, 5, 5, 5, 5, 5, 5, 5, 5, 5, 5, 5, 5, 5, 5, 5, 5], "b_turds_left": [5, 5, 5, 5, 5, 5, 5, 4, 4, 4, 4, 3, 3, 3, 3, 3, 3, 3, 3, 3, 3, 3, 3, 3, 3, 3, 3, 3, 3, 3, 3, 3, 3, 3, 3, 3, 3, 3, 3, 3, 3, 2, 2, 2, 2, 1, 1, 1, 1, 1, 1, 1, 1, 1, 1, 1, 1, 1, 1, 1, 1, 1, 1, 1, 1, 1, 1, 1, 1, 1, 1, 1, 1, 1, 1, 1, 1, 1, 1, 1], "a_time_left": [359.53046095743775, 359.53046095743775, 357.3502653762698, 357.3502653762698, 354.34246524982154, 354.34246524982154, 351.2444449160248, 351.2444449160248, 350.4453162085265, 350.4453162085265, 347.88010158389807, 347.88010158389807, 347.3689923360944, 347.3689923360944, 346.82543446309865, 346.82543446309865, 344.6563751716167, 344.6563751716167, 342.4232364241034, 342.4232364241034, 341.5647173821926, 341.5647173821926, 340.75439734198153, 340.75439734198153, 340.1536885499954, 340.1536885499954, 339.7669903412461, 339.7669903412461, 339.2499580066651, 339.2499580066651, 338.9077050499618, 338.9077050499618, 338.5927695091814, 338.5927695091814, 338.32895530201495, 338.32895530201495, 338.0366266332567, 338.0366266332567, 337.74461934156716, 337.74461934156716, 337.5930814668536, 337.5930814668536, 337.48013746738434, 337.48013746738434, 337.12485225871205, 337.12485225871205, 337.0128845497966, 337.0128845497966, 336.83268196694553, 336.83268196694553, 336.70008546859026, 336.70008546859026, 336.6064291354269, 336.6064291354269, 336.52245855145156, 336.52245855145156, 336.40774626098573, 336.40774626098573, 336.2761883866042, 336.2761883866042, 336.13894667848945, 336.13894667848945, 336.0238071773201, 336.0238071773201, 335.94002934359014, 335.94002934359014, 335.90175342559814, 335.90175342559814, 335.80967088229954, 335.80967088229954, 335.7595678418875, 335.7595678418875, 335.6839071344584, 335.6839071344584, 335.6554947607219, 335.6554947607219, 335.53444455191493, 335.53444455191493, 335.4218679666519, 335.4218679666519], "b_time_left": [360, 356.44301391765475, 356.44301391765475, 344.35806100070477, 344.35806100070477, 340.78663925267756, 340.78663925267756, 339.3639024607837, 339.3639024607837, 338.04465921223164, 338.04465921223164, 336.85792967118323, 336.85792967118323, 336.2811521310359, 336.2811521310359, 335.5617464222014, 335.5617464222014, 334.8804536703974, 334.8804536703974, 333.7471712548286, 333.7471712548286, 333.1863831318915, 333.1863831318915, 332.7995775472373, 332.7995775472373, 332.1331077553332, 332.1331077553332, 331.6240788400173, 331.6240788400173, 330.4453196749091, 330.4453196749091, 330.2143532577902, 330.2143532577902, 329.9323200080544, 329.9323200080544, 329.55508875474334, 329.55508875474334, 328.9815762117505, 328.9815762117505, 328.4025795869529, 328.4025795869529, 328.18926333636045, 328.18926333636045, 328.02334933541715, 328.02334933541715, 327.72741662710905, 327.72741662710905, 327.55892025120556, 327.55892025120556, 327.38842341676354, 327.38842341676354, 327.2354812901467, 327.2354812901467, 327.1713822502643, 327.1713822502643, 327.0658917911351, 327.0658917911351, 326.8750616237521, 326.8750616237521, 326.51596729271114, 326.51596729271114, 326.4248121678829, 326.4248121678829, 326.29546891897917, 326.29546891897917, 326.15634008497, 326.15634008497, 326.0999882109463, 326.0999882109463, 326.0341069176793, 326.0341069176793, 325.94103691726923, 325.94103691726923, 325.8876402527094, 325.8876402527094, 325.8631408791989, 325.8631408791989, 325.79106675460935, 325.79106675460935, 325.6916810013354], "a_moves_left": [39, 39, 38, 38, 37, 37, 36, 36, 35, 35, 34, 34, 33, 33, 32, 32, 31, 31, 30, 30, 29, 29, 28, 28, 27, 27, 26, 26, 25, 25, 24, 24, 23, 23, 22, 22, 21, 21, 20, 20, 19, 19, 18, 18, 17, 17, 16, 16, 15, 15, 14, 14, 13, 13, 12, 12, 11, 11, 10, 10, 9, 9, 8, 8, 7, 7, 6, 6, 5, 5, 4, 4, 3, 3, 2, 2, 1, 1, 0, 0], "b_moves_left": [40, 39, 39, 38, 38, 37, 37, 36, 36, 35, 35, 34, 34, 33, 33, 32, 32, 31, 31, 30, 30, 29, 29, 28, 28, 27, 27, 26, 26, 25, 25, 24, 24, 23, 23, 22, 22, 21, 21, 20, 20, 19, 19, 18, 18, 17, 17, 16, 16, 15, 15, 14, 14, 13, 13, 12, 12, 11, 11, 10, 10, 9, 9, 8, 8, 7, 7, 6, 6, 5, 5, 4, 4, 3, 3, 2, 2, 1, 1, 0], "trapdoor_triggered": [0, 0, 0, 0, 0, 0, 0, 0, 1, 0, 0, 0, 0, 1, 0, 0, 0, 0, 0, 0, 0, 0, 0, 0, 0, 0, 0, 0, 0, 0, 0, 0, 0, 0, 0, 0, 0, 0, 0, 0, 0, 0, 0, 0, 0, 0, 0, 0, 0, 0, 0, 0, 0, 0, 0, 0, 0, 0, 0, 0, 0, 0, 0, 0, 0, 0, 0, 0, 0, 0, 0, 0, 0, 0, 0, 0, 0, 0, 0, 0], "left_behind": ["egg", "egg", "plain", "plain", "egg", "egg", "plain", "turd", "egg", "egg", "plain", "turd", "plain", "egg", "egg", "plain", "plain", "plain", "egg", "egg", "plain", "plain", "egg", "egg", "plain", "plain", "egg", "egg", "plain", "plain", "egg", "plain", "plain", "plain", "egg", "egg", "plain", "plain", "egg", "egg", "plain", "turd", "egg", "plain", "plain", "turd", "egg", "egg", "plain", "plain", "plain", "egg", "plain", "plain", "plain", "egg", "plain", "plain", "plain", "egg", "plain", "plain", "plain", "egg", "plain", "plain", "plain", "egg", "plain", "plain", "plain", "plain", "plain", "plain", "plain", "egg", "plain", "plain", "plain", "plain"], "errlog_a": "", "errlog_b": "", "start_time": 360, "start_moves": 40, "turn_count": 80, "result": 1, "reason": "EGGS_LAID", "trapdoors": [[5, 5], [4, 5]], "spawn_a": [3, 7], "spawn_b": [3, 0]}