{"pos": [[2, 1], [2, 6], [1, 1], [2, 5], [2, 1], [3, 5], [3, 1], [4, 5], [4, 1], [4, 4], [5, 1], [4, 3], [6, 1], [5, 3], [6, 0], [5, 2], [5, 0], [4, 2], [4, 0], [3, 2], [5, 0], [2, 2], [5, 1], [1, 2], [6, 1], [0, 2], [6, 2], [0, 3], [7, 2], [0, 4], [7, 3], [0, 3], [7, 4], [0, 2], [7, 5], [0, 1], [7, 4], [0, 2], [6, 4], [0, 1], [6, 5], [0, 2], [6, 6], [1, 2], [6, 7], [1, 3], [5, 7], [1, 4], [5, 6], [1, 3], [4, 6], [0, 3], [4, 7], [0, 4], [4, 6], [0, 5], [4, 7], [1, 5], [4, 6], [1, 6], [4, 7], [1, 5], [4, 6], [1, 4], [4, 7], [2, 4], [4, 6], [2, 3], [4, 7], [1, 3], [4, 6], [1, 4], [4, 7], [1, 5], [4, 6], [1, 4], [4, 7], [1, 5], [4, 6], [1, 4]], "a_eggs_laid": [1, 1, 1, 1, 2, 2, 2, 2, 3, 3, 3, 3, 4, 4, 4, 4, 5, 5, 5, 5, 6, 6, 6, 6, 6, 6, 6, 6, 7, 7, 7, 7, 8, 8, 8, 8, 9, 9, 9, 9, 10, 10, 10, 10, 11, 11, 11, 11, 12, 12, 12, 12, 13, 13, 13, 13, 13, 13, 13, 13, 13, 13, 13, 13, 13, 13, 13, 13, 13, 13, 13, 13, 13, 13, 13, 13, 13, 13, 13, 13], "b_eggs_laid": [0, 1, 1, 1, 1, 2, 2, 2, 2, 3, 3, 3, 3, 4, 4, 4, 4, 5, 5, 5, 5, 6, 6, 6, 6, 7, 7, 7, 7, 8, 8, 8, 8, 8, 8, 8, 8, 9, 9, 9, 9, 9, 9, 9, 9, 9, 9, 9, 9, 10, 10, 10, 10, 10, 10, 10, 10, 11, 11, 11, 11, 12, 12, 12, 12, 12, 12, 12, 12, 13, 13, 13, 13, 13, 13, 13, 13, 13, 13, 13], "a_turds_left": [5, 5, 5, 5, 5, 5, 5, 5, 5, 5, 5, 5, 5, 5, 4, 4, 4, 4, 4, 4, 4, 4, 4, 4, 4, 4, 4, 4, 4, 4, 4, 4, 4, 4, 4, 4, 4, 4, 4, 4, 4, 4, 4, 4, 4, 4, 4, 4, 4, 4, 4, 4, 4, 4, 4, 4, 4, 4, 4, 4, 4, 4, 4, 4, 4, 4, 4, 4, 4, 4, 4, 4, 4, 4, 4, 4, 4, 4, 4, 4], "b_turds_left": [5, 5, 5, 5, 5, 5, 5, 4, 4, 4, 4, 3, 3, 3, 3, 2, 2, 2, 2, 1, 1, 1, 1, 0, 0, 0, 0, 0, 0, 0, 0, 0, 0, 0, 0, 0, 0, 0, 0, 0, 0, 0, 0, 0, 0, 0, 0, 0, 0, 0, 0, 0, 0, 0, 0, 0, 0, 0, 0, 0, 0, 0, 0, 0, 0, 0, 0, 0, 0, 0, 0, 0, 0, 0, 0, 0, 0, 0, 0, 0], "a_time_left": [359.71650066785514, 359.71650066785514, 359.0652505438775, 359.0652505438775, 358.2046133801341, 358.2046133801341, 357.0841095075011, 357.0841095075011, 356.50775175727904, 356.50775175727904, 356.2909577973187, 356.2909577973187, 355.81791129894555, 355.81791129894555, 354.9183124229312, 354.9183124229312, 354.81672167405486, 354.81672167405486, 354.67924684099853, 354.67924684099853, 354.66279263421893, 354.66279263421893, 354.56270788423717, 354.56270788423717, 354.503120675683, 354.503120675683, 354.45105355232954, 354.45105355232954, 354.37926851026714, 354.37926851026714, 354.33371551148593, 354.33371551148593, 354.26174671947956, 354.26174671947956, 354.1370566356927, 354.1370566356927, 354.0146653428674, 354.0146653428674, 353.861566092819, 353.861566092819, 353.74871196597815, 353.74871196597815, 353.52734300866723, 353.52734300866723, 353.33788221515715, 353.33788221515715, 353.1585952155292, 353.1585952155292, 352.97502254880965, 352.97502254880965, 352.654275175184, 352.654275175184, 352.51974096521735, 352.51974096521735, 352.37297658994794, 352.37297658994794, 352.21737138181925, 352.21737138181925, 352.05475709214807, 352.05475709214807, 351.85462400875986, 351.85462400875986, 351.73979325965047, 351.73979325965047, 351.63176796771586, 351.63176796771586, 351.58005125820637, 351.58005125820637, 351.4662638437003, 351.4662638437003, 351.36198180168867, 351.36198180168867, 351.2408037185669, 351.2408037185669, 351.10530271939933, 351.10530271939933, 350.98617392778397, 350.98617392778397, 350.8508071769029, 350.8508071769029], "b_time_left": [360, 357.23364145495, 357.23364145495, 353.02522824704647, 353.02522824704647, 350.3177959956229, 350.3177959956229, 348.00676266103983, 348.00676266103983, 345.47734703682363, 345.47734703682363, 344.4219846185297, 344.4219846185297, 342.7732512447983, 342.7732512447983, 342.1518754530698, 342.1518754530698, 341.9024219084531, 341.9024219084531, 341.71852928586304, 341.71852928586304, 341.4167879521847, 341.4167879521847, 341.2936038672924, 341.2936038672924, 341.16812874004245, 341.16812874004245, 341.11574057489634, 341.11574057489634, 340.989268200472, 340.989268200472, 340.94657186977565, 340.94657186977565, 340.89619299583137, 340.89619299583137, 340.8229215350002, 340.8229215350002, 340.77881682664156, 340.77881682664156, 340.6912461183965, 340.6912461183965, 340.5650199931115, 340.5650199931115, 340.39816082827747, 340.39816082827747, 340.2554306201637, 340.2554306201637, 340.12082028388977, 340.12082028388977, 339.87460220232606, 339.87460220232606, 339.77051007933915, 339.77051007933915, 339.6745686195791, 339.6745686195791, 339.5828232448548, 339.5828232448548, 339.44528470374644, 339.44528470374644, 339.31902503594756, 339.31902503594756, 339.19923982955515, 339.19923982955515, 339.119613410905, 339.119613410905, 338.948332618922, 338.948332618922, 338.89001124352217, 338.89001124352217, 338.78777316212654, 338.78777316212654, 338.68961395323277, 338.68961395323277, 338.6160000767559, 338.6160000767559, 338.552115784958, 338.552115784958, 338.4785797037184, 338.4785797037184, 338.4147264510393], "a_moves_left": [39, 39, 38, 38, 37, 37, 36, 36, 35, 35, 34, 34, 33, 33, 32, 32, 31, 31, 30, 30, 29, 29, 28, 28, 27, 27, 26, 26, 25, 25, 24, 24, 23, 23, 22, 22, 21, 21, 20, 20, 19, 19, 18, 18, 17, 17, 16, 16, 15, 15, 14, 14, 13, 13, 12, 12, 11, 11, 10, 10, 9, 9, 8, 8, 7, 7, 6, 6, 5, 5, 4, 4, 3, 3, 2, 2, 1, 1, 0, 0], "b_moves_left": [40, 39, 39, 38, 38, 37, 37, 36, 36, 35, 35, 34, 34, 33, 33, 32, 32, 31, 31, 30, 30, 29, 29, 28, 28, 27, 27, 26, 26, 25, 25, 24, 24, 23, 23, 22, 22, 21, 21, 20, 20, 19, 19, 18, 18, 17, 17, 16, 16, 15, 15, 14, 14, 13, 13, 12, 12, 11, 11, 10, 10, 9, 9, 8, 8, 7, 7, 6, 6, 5, 5, 4, 4, 3, 3, 2, 2, 1, 1, 0], "trapdoor_triggered": [0, 0, 0, 0, 0, 0, 0, 0, 0, 0, 0, 0, 0, 0, 0, 0, 0, 0, 0, 0, 0, 0, 0, 0, 0, 0, 0, 0, 0, 0, 0, 0, 0, 0, 0, 0, 0, 0, 0, 0, 0, 0, 0, 0, 0, 0, 0, 0, 0, 0, 0, 0, 0, 0, 0, 0, 0, 0, 0, 0, 0, 0, 0, 0, 0, 0, 0, 0, 0, 0, 0, 0, 0, 0, 0, 0, 0, 0, 0, 0], "left_behind": ["egg", "egg", "plain", "plain", "egg", "egg", "plain", "turd", "egg", "egg", "plain", "turd", "egg", "egg", "turd", "turd", "egg", "egg", "plain", "turd", "egg", "egg", "plain", "turd", "plain", "egg", "plain", "plain", "egg", "egg", "plain", "plain", "egg", "plain", "plain", "plain", "egg", "egg", "plain", "plain", "egg", "plain", "plain", "plain", "egg", "plain", "plain", "plain", "egg", "egg", "plain", "plain", "egg", "plain", "plain", "plain", "plain", "egg", "plain", "plain", "plain", "egg", "plain", "plain", "plain", "plain", "plain", "plain", "plain", "egg", "plain", "plain", "plain", "plain", "plain", "plain", "plain", "plain", "plain", "plain"], "errlog_a": "", "errlog_b": "", "start_time": 360, "start_moves": 40, "turn_count": 80, "result": 2, "reason": "EGGS_LAID", "trapdoors": [[5, 5], [3, 4]], "spawn_a": [2, 0], "spawn_b": [2, 7]}