{"pos": [[0, 5], [6, 6], [1, 5], [5, 6], [1, 4], [5, 5], [1, 3], [5, 4], [2, 3], [4, 4], [2, 2], [4, 3], [2, 1], [4, 2], [1, 1], [3, 2], [2, 1], [4, 2], [2, 0], [5, 2], [3, 0], [6, 2], [3, 1], [6, 1], [3, 0], [7, 1], [4, 0], [7, 0], [5, 0], [6, 0], [4, 0], [5, 0], [3, 0], [6, 0], [2, 0], [7, 0], [1, 0], [7, 1], [0, 0], [7, 0], [0, 1], [7, 1], [0, 2], [7, 2], [0, 3], [7, 1], [0, 4], [6, 1], [1, 4], [6, 2], [2, 4], [6, 1], [2, 5], [6, 2], [2, 6], [6, 3], [3, 6], [6, 4], [4, 6], [7, 4], [4, 7], [6, 4], [5, 7], [6, 5], [4, 7], [7, 5], [3, 7], [7, 6], [3, 6], [7, 5], [3, 5], [7, 4], [3, 6], [7, 3], [3, 7], [7, 2], [2, 7], [7, 3], [2, 6], [7, 2]], "a_eggs_laid": [1, 1, 1, 1, 2, 2, 2, 2, 3, 3, 3, 3, 4, 4, 4, 4, 5, 5, 5, 5, 6, 6, 6, 6, 7, 7, 7, 7, 8, 8, 8, 8, 8, 8, 8, 8, 8, 8, 8, 8, 11, 11, 11, 11, 12, 12, 12, 12, 13, 13, 13, 13, 14, 14, 14, 14, 15, 15, 15, 15, 16, 16, 16, 16, 17, 17, 17, 17, 18, 18, 18, 18, 19, 19, 19, 19, 19, 19, 19, 19], "b_eggs_laid": [0, 1, 1, 1, 1, 2, 2, 2, 2, 3, 3, 3, 3, 4, 4, 4, 4, 5, 5, 5, 5, 6, 6, 6, 6, 7, 7, 7, 7, 10, 10, 10, 10, 11, 11, 11, 11, 11, 11, 11, 11, 11, 11, 11, 11, 12, 12, 12, 12, 12, 12, 12, 12, 12, 12, 12, 12, 13, 13, 13, 13, 14, 14, 14, 14, 15, 15, 15, 15, 15, 15, 15, 15, 15, 15, 15, 15, 15, 15, 15], "a_turds_left": [5, 5, 5, 5, 5, 5, 5, 5, 5, 5, 4, 4, 4, 4, 3, 3, 3, 3, 3, 3, 3, 3, 3, 3, 3, 3, 3, 3, 3, 3, 3, 3, 3, 3, 3, 3, 3, 3, 3, 3, 3, 3, 3, 3, 3, 3, 3, 3, 3, 3, 3, 3, 3, 3, 3, 3, 3, 3, 3, 3, 3, 3, 3, 3, 3, 3, 3, 3, 3, 3, 3, 3, 3, 3, 3, 3, 3, 3, 3, 3], "b_turds_left": [5, 5, 5, 5, 5, 5, 5, 4, 4, 4, 4, 3, 3, 3, 3, 2, 2, 2, 2, 2, 2, 2, 2, 2, 2, 2, 2, 2, 2, 2, 2, 2, 2, 2, 2, 2, 2, 2, 2, 2, 2, 2, 2, 2, 2, 2, 2, 2, 2, 2, 2, 2, 2, 2, 2, 2, 2, 2, 2, 2, 2, 2, 2, 2, 2, 2, 2, 2, 2, 2, 2, 2, 2, 2, 2, 2, 2, 2, 2, 2], "a_time_left": [358.5626245830208, 358.5626245830208, 355.74025466665626, 355.74025466665626, 352.28695995919406, 352.28695995919406, 343.78879249840975, 343.78879249840975, 329.9727985803038, 329.9727985803038, 316.1577958725393, 316.1577958725393, 313.449794664979, 313.449794664979, 308.8097927905619, 308.8097927905619, 308.5306636225432, 308.5306636225432, 308.07821512408555, 308.07821512408555, 307.25461279042065, 307.25461279042065, 306.8104679994285, 306.8104679994285, 306.3995234183967, 306.3995234183967, 306.24019708670676, 306.24019708670676, 306.19322062656283, 306.19322062656283, 306.15501862578094, 306.15501862578094, 306.1056393329054, 306.1056393329054, 305.9531464148313, 305.9531464148313, 305.8483741246164, 305.8483741246164, 305.72166345641017, 305.72166345641017, 305.6621785815805, 305.6621785815805, 305.57830891385674, 305.57830891385674, 305.41655845567584, 305.41655845567584, 305.10343691520393, 305.10343691520393, 304.67284504137933, 304.67284504137933, 303.64989879354835, 303.64989879354835, 303.1115067489445, 303.1115067489445, 302.00143933296204, 302.00143933296204, 300.7339964583516, 300.7339964583516, 300.3517190422863, 300.3517190422863, 300.1165845002979, 300.1165845002979, 299.8780697081238, 299.8780697081238, 299.7081648334861, 299.7081648334861, 299.6127367503941, 299.6127367503941, 299.4663434997201, 299.4663434997201, 299.1845007892698, 299.1845007892698, 298.9989436622709, 298.9989436622709, 298.8017555382103, 298.8017555382103, 298.5426040813327, 298.5426040813327, 298.3814249970019, 298.3814249970019], "b_time_left": [360, 359.8057411685586, 359.8057411685586, 358.86130829155445, 358.86130829155445, 355.429698375985, 355.429698375985, 352.8230973761529, 352.8230973761529, 348.77719545923173, 348.77719545923173, 341.74705679155886, 341.74705679155886, 339.70043200068176, 339.70043200068176, 338.7836603336036, 338.7836603336036, 338.68781554326415, 338.68781554326415, 338.5222767069936, 338.5222767069936, 338.16228779032826, 338.16228779032826, 337.9245252907276, 337.9245252907276, 337.75031291507185, 337.75031291507185, 337.66279149986804, 337.66279149986804, 337.62876508384943, 337.62876508384943, 337.5571162942797, 337.5571162942797, 337.4998815841973, 337.4998815841973, 337.4032646268606, 337.4032646268606, 337.24829541891813, 337.24829541891813, 337.065670626238, 337.065670626238, 336.8666974194348, 336.8666974194348, 336.63107654452324, 336.63107654452324, 336.424113208428, 336.424113208428, 336.08297950029373, 336.08297950029373, 335.39184962399304, 335.39184962399304, 334.7353092506528, 334.7353092506528, 334.1874396260828, 334.1874396260828, 333.3837705012411, 333.3837705012411, 332.86616837605834, 332.86616837605834, 332.61893491633236, 332.61893491633236, 332.4507946651429, 332.4507946651429, 332.2173769976944, 332.2173769976944, 331.98655870743096, 331.98655870743096, 331.7375049162656, 331.7375049162656, 331.48720808140934, 331.48720808140934, 331.2855147495866, 331.2855147495866, 331.0545140840113, 331.0545140840113, 330.8747021686286, 330.8747021686286, 330.6440304610878, 330.6440304610878, 330.0928250029683], "a_moves_left": [39, 39, 38, 38, 37, 37, 36, 36, 35, 35, 34, 34, 33, 33, 32, 32, 31, 31, 30, 30, 29, 29, 28, 28, 27, 27, 26, 26, 25, 25, 24, 24, 23, 23, 22, 22, 21, 21, 20, 20, 19, 19, 18, 18, 17, 17, 16, 16, 15, 15, 14, 14, 13, 13, 12, 12, 11, 11, 10, 10, 9, 9, 8, 8, 7, 7, 6, 6, 5, 5, 4, 4, 3, 3, 2, 2, 1, 1, 0, 0], "b_moves_left": [40, 39, 39, 38, 38, 37, 37, 36, 36, 35, 35, 34, 34, 33, 33, 32, 32, 31, 31, 30, 30, 29, 29, 28, 28, 27, 27, 26, 26, 25, 25, 24, 24, 23, 23, 22, 22, 21, 21, 20, 20, 19, 19, 18, 18, 17, 17, 16, 16, 15, 15, 14, 14, 13, 13, 12, 12, 11, 11, 10, 10, 9, 9, 8, 8, 7, 7, 6, 6, 5, 5, 4, 4, 3, 3, 2, 2, 1, 1, 0], "trapdoor_triggered": [0, 0, 0, 0, 0, 0, 0, 0, 0, 0, 0, 0, 0, 0, 0, 0, 0, 0, 0, 0, 0, 0, 0, 0, 0, 0, 0, 0, 0, 0, 0, 0, 0, 0, 0, 0, 0, 0, 0, 0, 0, 0, 0, 0, 0, 0, 0, 0, 0, 0, 0, 0, 0, 0, 0, 0, 0, 0, 0, 0, 0, 0, 0, 0, 0, 0, 0, 0, 0, 0, 0, 0, 0, 0, 0, 0, 0, 0, 0, 0], "left_behind": ["egg", "egg", "plain", "plain", "egg", "egg", "plain", "turd", "egg", "egg", "turd", "turd", "egg", "egg", "turd", "turd", "egg", "egg", "plain", "plain", "egg", "egg", "plain", "plain", "egg", "egg", "plain", "plain", "egg", "egg", "plain", "plain", "plain", "egg", "plain", "plain", "plain", "plain", "plain", "plain", "egg", "plain", "plain", "plain", "egg", "egg", "plain", "plain", "egg", "plain", "plain", "plain", "egg", "plain", "plain", "plain", "egg", "egg", "plain", "plain", "egg", "egg", "plain", "plain", "egg", "egg", "plain", "plain", "egg", "plain", "plain", "plain", "egg", "plain", "plain", "plain", "plain", "plain", "plain", "plain"], "errlog_a": "", "errlog_b": "", "start_time": 360, "start_moves": 40, "turn_count": 80, "result": 0, "reason": "EGGS_LAID", "trapdoors": [[3, 3], [4, 5]], "spawn_a": [0, 6], "spawn_b": [7, 6]}