{"pos": [[0, 5], [6, 6], [0, 4], [5, 6], [1, 4]], "a_eggs_laid": [1, 1, 1, 1, 2], "b_eggs_laid": [0, 1, 1, 1, 1], "a_turds_left": [5, 5, 5, 5, 5], "b_turds_left": [5, 5, 5, 5, 5], "a_time_left": [346.73343549855053, 346.73343549855053, 326.8880000412464, 326.8880000412464, 288.4675047080964], "b_time_left": [360, 359.78743762522936, 359.78743762522936, 359.17189333215356, 359.17189333215356], "a_moves_left": [39, 39, 38, 38, 37], "b_moves_left": [40, 39, 39, 38, 38], "trapdoor_triggered": [0, 0, 0, 0, 0], "left_behind": ["egg", "egg", "plain", "plain", "egg"], "errlog_a": "", "errlog_b": "Timeout", "start_time": 360, "start_moves": 40, "turn_count": 5, "result": 0, "reason": "CODE_CRASH", "trapdoors": [[5, 5], [5, 4]], "spawn_a": [0, 6], "spawn_b": [7, 6]}