{"pos": [[1, 6], [2, 0], [1, 5], [2, 1], [1, 4], [2, 2], [2, 4], [3, 2], [3, 4], [4, 2], [3, 5], [4, 3], [3, 6], [5, 3], [4, 6], [5, 4], [5, 6], [5, 5], [6, 6], [4, 5], [7, 6], [2, 0], [7, 5], [2, 1], [7, 4], [2, 2], [7, 3], [2, 3], [7, 2], [2, 2], [7, 1], [1, 2], [7, 2], [0, 2], [6, 2], [0, 3], [6, 1], [0, 2], [5, 1], [0, 1], [5, 0], [1, 1], [6, 0], [2, 1], [5, 0], [3, 1], [4, 0], [2, 1], [5, 0], [2, 2], [6, 0], [3, 2], [7, 0], [4, 2], [7, 1], [5, 2], [7, 2], [5, 3], [7, 1], [5, 4], [7, 0], [6, 4], [7, 1], [7, 4], [7, 2], [6, 4], [7, 3], [6, 5], [7, 2], [6, 4], [7, 3], [6, 3], [7, 2], [6, 4], [7, 1], [7, 4], [7, 0], [6, 4], [7, 1], [7, 4]], "a_eggs_laid": [1, 1, 1, 1, 2, 2, 2, 2, 3, 3, 3, 3, 4, 4, 4, 4, 5, 5, 5, 5, 10, 10, 10, 10, 11, 11, 11, 11, 12, 12, 12, 12, 13, 13, 13, 13, 14, 14, 14, 14, 15, 15, 15, 15, 16, 16, 16, 16, 17, 17, 17, 17, 17, 17, 17, 17, 17, 17, 17, 17, 17, 17, 17, 17, 17, 17, 17, 17, 17, 17, 17, 17, 17, 17, 17, 17, 17, 17, 17, 17], "b_eggs_laid": [0, 1, 1, 1, 1, 2, 2, 2, 2, 3, 3, 3, 3, 4, 4, 4, 4, 5, 5, 5, 5, 5, 5, 5, 5, 5, 5, 5, 5, 6, 6, 6, 6, 7, 7, 7, 7, 8, 8, 8, 8, 9, 9, 9, 9, 9, 9, 9, 9, 9, 9, 9, 9, 9, 9, 9, 9, 10, 10, 10, 10, 10, 10, 10, 10, 11, 11, 11, 11, 12, 12, 12, 12, 13, 13, 13, 13, 13, 13, 13], "a_turds_left": [5, 5, 5, 5, 5, 5, 4, 4, 4, 4, 3, 3, 3, 3, 2, 2, 2, 2, 2, 2, 2, 2, 2, 2, 2, 2, 2, 2, 2, 2, 2, 2, 2, 2, 2, 2, 2, 2, 2, 2, 2, 2, 2, 2, 2, 2, 2, 2, 2, 2, 2, 2, 2, 2, 2, 2, 2, 2, 2, 2, 2, 2, 2, 2, 2, 2, 2, 2, 2, 2, 2, 2, 2, 2, 2, 2, 2, 2, 2, 2], "b_turds_left": [5, 5, 5, 5, 5, 5, 5, 4, 4, 4, 4, 3, 3, 3, 3, 2, 2, 2, 2, 1, 1, 1, 1, 1, 1, 1, 1, 1, 1, 1, 1, 1, 1, 1, 1, 1, 1, 1, 1, 1, 1, 1, 1, 1, 1, 1, 1, 1, 1, 1, 1, 1, 1, 1, 1, 1, 1, 1, 1, 1, 1, 1, 1, 1, 1, 1, 1, 1, 1, 1, 1, 1, 1, 1, 1, 1, 1, 1, 1, 1], "a_time_left": [359.5475963316858, 359.5475963316858, 358.11709791235626, 358.11709791235626, 352.72806295379996, 352.72806295379996, 344.0371186193079, 344.0371186193079, 338.90858232975006, 338.90858232975006, 332.4557559136301, 332.4557559136301, 330.5352306216955, 330.5352306216955, 326.93104820512235, 326.93104820512235, 325.91350657865405, 325.91350657865405, 325.394556786865, 325.394556786865, 325.28795628622174, 325.28795628622174, 325.20121216215193, 325.20121216215193, 325.1043077465147, 325.1043077465147, 325.0370878726244, 325.0370878726244, 324.9910272471607, 324.9910272471607, 324.81356920301914, 324.81356920301914, 324.6507363691926, 324.6507363691926, 324.55517457798123, 324.55517457798123, 324.5084851589054, 324.5084851589054, 324.3962926156819, 324.3962926156819, 324.3103586155921, 324.3103586155921, 324.10755490511656, 324.10755490511656, 323.9702212382108, 323.9702212382108, 323.84747015312314, 323.84747015312314, 323.81233565323055, 323.81233565323055, 323.78213940374553, 323.78213940374553, 323.6450248211622, 323.6450248211622, 323.5841814018786, 323.5841814018786, 323.4668619018048, 323.4668619018048, 323.37375481799245, 323.37375481799245, 323.19185069203377, 323.19185069203377, 323.08739564940333, 323.08739564940333, 322.9518301077187, 322.9518301077187, 322.83624494075775, 322.83624494075775, 322.8057188987732, 322.8057188987732, 322.7247449811548, 322.7247449811548, 322.69198585674167, 322.69198585674167, 322.6172521933913, 322.6172521933913, 322.53293398581445, 322.53293398581445, 322.4630828201771, 322.4630828201771], "b_time_left": [360, 358.97710570693016, 358.97710570693016, 357.00633016601205, 357.00633016601205, 354.0087094195187, 354.0087094195187, 352.6904338374734, 352.6904338374734, 351.24124758690596, 351.24124758690596, 349.23759696260095, 349.23759696260095, 348.31865758635104, 348.31865758635104, 347.0123354177922, 347.0123354177922, 346.21300645917654, 346.21300645917654, 346.0294915828854, 346.0294915828854, 345.8730607088655, 345.8730607088655, 345.6739204581827, 345.6739204581827, 345.466334708035, 345.466334708035, 345.4099375400692, 345.4099375400692, 345.3501797057688, 345.3501797057688, 345.23992624506354, 345.23992624506354, 345.1801684964448, 345.1801684964448, 345.13737416267395, 345.13737416267395, 345.08196674473584, 345.08196674473584, 344.95099445432425, 344.95099445432425, 344.78694733045995, 344.78694733045995, 344.54235720448196, 344.54235720448196, 344.2508070785552, 344.2508070785552, 344.1804464124143, 344.1804464124143, 343.9701135382056, 343.9701135382056, 343.87601883150637, 343.87601883150637, 343.80471241287887, 343.80471241287887, 343.7550509124994, 343.7550509124994, 343.71616132743657, 343.71616132743657, 343.65699849650264, 343.65699849650264, 343.62959799543023, 343.62959799543023, 343.5706609543413, 343.5706609543413, 343.5057186651975, 343.5057186651975, 343.4545297063887, 343.4545297063887, 343.41631179116666, 343.41631179116666, 343.3726326674223, 343.3726326674223, 343.32673287577927, 343.32673287577927, 343.2320892531425, 343.2320892531425, 343.1849030442536, 343.1849030442536, 343.0896312519908], "a_moves_left": [39, 39, 38, 38, 37, 37, 36, 36, 35, 35, 34, 34, 33, 33, 32, 32, 31, 31, 30, 30, 29, 29, 28, 28, 27, 27, 26, 26, 25, 25, 24, 24, 23, 23, 22, 22, 21, 21, 20, 20, 19, 19, 18, 18, 17, 17, 16, 16, 15, 15, 14, 14, 13, 13, 12, 12, 11, 11, 10, 10, 9, 9, 8, 8, 7, 7, 6, 6, 5, 5, 4, 4, 3, 3, 2, 2, 1, 1, 0, 0], "b_moves_left": [40, 39, 39, 38, 38, 37, 37, 36, 36, 35, 35, 34, 34, 33, 33, 32, 32, 31, 31, 30, 30, 29, 29, 28, 28, 27, 27, 26, 26, 25, 25, 24, 24, 23, 23, 22, 22, 21, 21, 20, 20, 19, 19, 18, 18, 17, 17, 16, 16, 15, 15, 14, 14, 13, 13, 12, 12, 11, 11, 10, 10, 9, 9, 8, 8, 7, 7, 6, 6, 5, 5, 4, 4, 3, 3, 2, 2, 1, 1, 0], "trapdoor_triggered": [0, 0, 0, 0, 0, 0, 0, 0, 0, 0, 0, 0, 0, 0, 0, 0, 0, 0, 0, 1, 0, 0, 0, 0, 0, 0, 0, 0, 0, 0, 0, 0, 0, 0, 0, 0, 0, 0, 0, 0, 0, 0, 0, 0, 0, 0, 0, 0, 0, 0, 0, 0, 0, 0, 0, 0, 0, 0, 0, 0, 0, 0, 0, 0, 0, 0, 0, 0, 0, 0, 0, 0, 0, 0, 0, 0, 0, 0, 0, 0], "left_behind": ["egg", "egg", "plain", "plain", "egg", "egg", "turd", "turd", "egg", "egg", "turd", "turd", "egg", "egg", "turd", "turd", "egg", "egg", "plain", "turd", "egg", "plain", "plain", "plain", "egg", "plain", "plain", "plain", "egg", "egg", "plain", "plain", "egg", "egg", "plain", "plain", "egg", "egg", "plain", "plain", "egg", "egg", "plain", "plain", "egg", "plain", "plain", "plain", "egg", "plain", "plain", "plain", "plain", "plain", "plain", "plain", "plain", "egg", "plain", "plain", "plain", "plain", "plain", "plain", "plain", "egg", "plain", "plain", "plain", "egg", "plain", "plain", "plain", "egg", "plain", "plain", "plain", "plain", "plain", "plain"], "errlog_a": "", "errlog_b": "", "start_time": 360, "start_moves": 40, "turn_count": 80, "result": 0, "reason": "EGGS_LAID", "trapdoors": [[3, 3], [4, 5]], "spawn_a": [1, 7], "spawn_b": [1, 0]}