{"pos": [[2, 1], [2, 6], [2, 2], [2, 5], [3, 2], [3, 5], [3, 3], [4, 5], [2, 3], [3, 7], [2, 4], [4, 7], [2, 3], [5, 7], [3, 3], [5, 6], [4, 3], [5, 5], [4, 2], [5, 4], [5, 2], [6, 4], [6, 2], [7, 4], [7, 2], [7, 3], [7, 1], [6, 3], [7, 0], [6, 4], [6, 0], [6, 5], [6, 1], [7, 5], [5, 1], [7, 6], [4, 1], [6, 6], [3, 1], [5, 6], [2, 1], [4, 6], [1, 1], [3, 6], [1, 2], [2, 6], [1, 3], [1, 6], [1, 2], [0, 6], [0, 2], [0, 5], [0, 1], [0, 4], [1, 1], [0, 3], [1, 0], [0, 4], [2, 0], [0, 5], [3, 0], [0, 4], [4, 0], [0, 5], [5, 0], [0, 4], [6, 0], [0, 5], [7, 0], [0, 4], [7, 1], [0, 5], [7, 2], [0, 4], [7, 1], [0, 5], [7, 2], [0, 4], [7, 1], [0, 5]], "a_eggs_laid": [1, 1, 1, 1, 2, 2, 2, 2, 7, 7, 7, 7, 7, 7, 7, 7, 7, 7, 7, 7, 8, 8, 8, 8, 9, 9, 9, 9, 10, 10, 10, 10, 11, 11, 11, 11, 12, 12, 12, 12, 13, 13, 13, 13, 14, 14, 14, 14, 15, 15, 15, 15, 16, 16, 16, 16, 16, 16, 16, 16, 16, 16, 16, 16, 17, 17, 17, 17, 17, 17, 17, 17, 17, 17, 17, 17, 17, 17, 17, 17], "b_eggs_laid": [0, 1, 1, 1, 1, 2, 2, 2, 2, 2, 2, 2, 2, 3, 3, 3, 3, 4, 4, 4, 4, 5, 5, 5, 5, 6, 6, 6, 6, 7, 7, 7, 7, 8, 8, 8, 8, 9, 9, 9, 9, 9, 9, 9, 9, 10, 10, 10, 10, 11, 11, 11, 11, 12, 12, 12, 12, 13, 13, 13, 13, 13, 13, 13, 13, 13, 13, 13, 13, 13, 13, 13, 13, 13, 13, 13, 13, 13, 13, 13], "a_turds_left": [5, 5, 5, 5, 5, 5, 5, 5, 5, 5, 5, 5, 4, 4, 4, 4, 4, 4, 3, 3, 3, 3, 3, 3, 3, 3, 3, 3, 3, 3, 3, 3, 3, 3, 3, 3, 3, 3, 3, 3, 3, 3, 3, 3, 3, 3, 3, 3, 3, 3, 3, 3, 3, 3, 3, 3, 3, 3, 3, 3, 3, 3, 3, 3, 3, 3, 3, 3, 3, 3, 3, 3, 3, 3, 3, 3, 3, 3, 3, 3], "b_turds_left": [5, 5, 5, 5, 5, 5, 5, 4, 4, 4, 4, 4, 4, 4, 4, 4, 4, 4, 4, 3, 3, 3, 3, 3, 3, 3, 3, 3, 3, 3, 3, 3, 3, 3, 3, 3, 3, 3, 3, 3, 3, 3, 3, 3, 3, 3, 3, 3, 3, 3, 3, 3, 3, 3, 3, 3, 3, 3, 3, 3, 3, 3, 3, 3, 3, 3, 3, 3, 3, 3, 3, 3, 3, 3, 3, 3, 3, 3, 3, 3], "a_time_left": [359.48689116723835, 359.48689116723835, 356.4021800439805, 356.4021800439805, 350.0198794193566, 350.0198794193566, 345.0416908785701, 345.0416908785701, 343.4074188359082, 343.4074188359082, 338.72592958435416, 338.72592958435416, 337.23439308442175, 337.23439308442175, 336.0532125849277, 336.0532125849277, 333.77997037768364, 333.77997037768364, 332.0804189182818, 332.0804189182818, 331.3030198328197, 331.3030198328197, 330.74881833419204, 330.74881833419204, 330.4144828338176, 330.4144828338176, 330.35626358538866, 330.35626358538866, 330.1741124596447, 330.1741124596447, 329.8140945415944, 329.8140945415944, 329.542986581102, 329.542986581102, 329.2304938286543, 329.2304938286543, 328.90550932846963, 328.90550932846963, 327.96484161913395, 327.96484161913395, 326.64650478586555, 326.64650478586555, 324.8505361173302, 324.8505361173302, 323.9454627837986, 323.9454627837986, 322.58727678470314, 322.58727678470314, 322.0350445769727, 322.0350445769727, 321.8227734081447, 321.8227734081447, 321.7468210738152, 321.7468210738152, 321.70887965895236, 321.70887965895236, 321.5476939510554, 321.5476939510554, 321.48581265844405, 321.48581265844405, 321.41308315843344, 321.41308315843344, 321.3245580755174, 321.3245580755174, 321.1298444531858, 321.1298444531858, 321.0042428281158, 321.0042428281158, 320.8491897433996, 320.8491897433996, 320.8225494530052, 320.8225494530052, 320.753731245175, 320.753731245175, 320.70824207924306, 320.70824207924306, 320.6397927030921, 320.6397927030921, 320.59443040937185, 320.59443040937185], "b_time_left": [360, 357.26195549964905, 357.26195549964905, 349.2672426234931, 349.2672426234931, 345.14415333233774, 345.14415333233774, 341.5298269148916, 341.5298269148916, 341.1898992471397, 341.1898992471397, 340.7917935401201, 340.7917935401201, 340.1500414572656, 340.1500414572656, 339.031227665022, 339.031227665022, 336.69801899790764, 336.69801899790764, 335.4135985393077, 335.4135985393077, 335.0066840816289, 335.0066840816289, 334.5703143309802, 334.5703143309802, 334.2407181225717, 334.2407181225717, 334.0712244976312, 334.0712244976312, 333.92962516471744, 333.92962516471744, 333.7516882903874, 333.7516882903874, 333.55399079062045, 333.55399079062045, 333.30107199959457, 333.30107199959457, 333.1644765008241, 333.1644765008241, 332.84801096096635, 332.84801096096635, 332.7201334182173, 332.7201334182173, 332.6118023786694, 332.6118023786694, 332.4909200873226, 332.4909200873226, 332.3212191686034, 332.3212191686034, 332.2119735851884, 332.2119735851884, 332.125919168815, 332.125919168815, 332.0417418368161, 332.0417418368161, 331.89597254619, 331.89597254619, 331.78079213015735, 331.78079213015735, 331.6492572128773, 331.6492572128773, 331.4756154604256, 331.4756154604256, 331.3921388350427, 331.3921388350427, 331.24888854287565, 331.24888854287565, 331.17376483231783, 331.17376483231783, 331.0906105823815, 331.0906105823815, 331.026372121647, 331.026372121647, 330.9481014534831, 330.9481014534831, 330.8844488710165, 330.8844488710165, 330.80599058046937, 330.80599058046937, 330.74228545464575], "a_moves_left": [39, 39, 38, 38, 37, 37, 36, 36, 35, 35, 34, 34, 33, 33, 32, 32, 31, 31, 30, 30, 29, 29, 28, 28, 27, 27, 26, 26, 25, 25, 24, 24, 23, 23, 22, 22, 21, 21, 20, 20, 19, 19, 18, 18, 17, 17, 16, 16, 15, 15, 14, 14, 13, 13, 12, 12, 11, 11, 10, 10, 9, 9, 8, 8, 7, 7, 6, 6, 5, 5, 4, 4, 3, 3, 2, 2, 1, 1, 0, 0], "b_moves_left": [40, 39, 39, 38, 38, 37, 37, 36, 36, 35, 35, 34, 34, 33, 33, 32, 32, 31, 31, 30, 30, 29, 29, 28, 28, 27, 27, 26, 26, 25, 25, 24, 24, 23, 23, 22, 22, 21, 21, 20, 20, 19, 19, 18, 18, 17, 17, 16, 16, 15, 15, 14, 14, 13, 13, 12, 12, 11, 11, 10, 10, 9, 9, 8, 8, 7, 7, 6, 6, 5, 5, 4, 4, 3, 3, 2, 2, 1, 1, 0], "trapdoor_triggered": [0, 0, 0, 0, 0, 0, 0, 1, 0, 0, 0, 0, 0, 0, 0, 0, 0, 0, 0, 0, 0, 0, 0, 0, 0, 0, 0, 0, 0, 0, 0, 0, 0, 0, 0, 0, 0, 0, 0, 0, 0, 0, 0, 0, 0, 0, 0, 0, 0, 0, 0, 0, 0, 0, 0, 0, 0, 0, 0, 0, 0, 0, 0, 0, 0, 0, 0, 0, 0, 0, 0, 0, 0, 0, 0, 0, 0, 0, 0, 0], "left_behind": ["egg", "egg", "plain", "plain", "egg", "egg", "plain", "turd", "egg", "plain", "plain", "plain", "turd", "egg", "plain", "plain", "plain", "egg", "turd", "turd", "egg", "egg", "plain", "plain", "egg", "egg", "plain", "plain", "egg", "egg", "plain", "plain", "egg", "egg", "plain", "plain", "egg", "egg", "plain", "plain", "egg", "plain", "plain", "plain", "egg", "egg", "plain", "plain", "egg", "egg", "plain", "plain", "egg", "egg", "plain", "plain", "plain", "egg", "plain", "plain", "plain", "plain", "plain", "plain", "egg", "plain", "plain", "plain", "plain", "plain", "plain", "plain", "plain", "plain", "plain", "plain", "plain", "plain", "plain", "plain"], "errlog_a": "", "errlog_b": "", "start_time": 360, "start_moves": 40, "turn_count": 80, "result": 0, "reason": "EGGS_LAID", "trapdoors": [[5, 3], [4, 5]], "spawn_a": [2, 0], "spawn_b": [2, 7]}