{"pos": [[7, 4], [1, 3], [6, 4], [2, 3], [6, 5], [3, 3], [7, 5], [1, 3], [6, 5], [1, 4], [5, 5], [1, 5], [4, 5], [1, 6], [3, 5], [2, 6], [3, 6], [1, 6], [4, 6], [1, 7], [3, 6], [1, 6], [3, 7], [0, 6], [2, 7], [0, 7], [2, 6], [1, 7], [2, 5], [2, 7], [1, 5], [1, 7], [2, 5], [2, 7], [2, 4], [1, 7], [2, 5], [2, 7], [2, 4], [1, 7], [2, 5], [2, 7], [2, 4], [1, 7], [2, 5], [2, 7], [2, 4], [1, 7], [2, 5], [2, 7], [2, 4], [1, 7], [2, 5], [2, 7], [2, 4], [1, 7], [2, 5], [2, 7], [2, 4], [1, 7], [2, 5], [2, 7], [2, 4], [1, 7], [2, 5], [2, 7], [2, 4], [1, 7], [2, 5], [2, 7], [2, 4], [1, 7], [2, 5], [2, 7], [2, 4], [1, 7], [2, 5], [2, 7], [2, 4], [1, 7]], "a_eggs_laid": [1, 1, 1, 1, 2, 2, 6, 6, 7, 7, 7, 7, 8, 8, 8, 8, 8, 8, 8, 8, 9, 9, 9, 9, 10, 10, 10, 10, 11, 11, 11, 11, 12, 12, 12, 12, 13, 13, 13, 13, 13, 13, 13, 13, 13, 13, 13, 13, 13, 13, 13, 13, 13, 13, 13, 13, 13, 13, 13, 13, 13, 13, 13, 13, 13, 13, 13, 13, 13, 13, 13, 13, 13, 13, 13, 13, 13, 13, 13, 13], "b_eggs_laid": [0, 1, 1, 1, 1, 2, 2, 2, 2, 2, 2, 3, 3, 3, 3, 4, 4, 4, 4, 4, 4, 4, 4, 4, 4, 4, 4, 7, 7, 7, 7, 8, 8, 8, 8, 8, 8, 8, 8, 8, 8, 8, 8, 8, 8, 8, 8, 8, 8, 8, 8, 8, 8, 8, 8, 8, 8, 8, 8, 8, 8, 8, 8, 8, 8, 8, 8, 8, 8, 8, 8, 8, 8, 8, 8, 8, 8, 8, 8, 8], "a_turds_left": [5, 5, 5, 5, 5, 5, 5, 5, 5, 5, 5, 5, 5, 5, 5, 5, 4, 4, 4, 4, 4, 4, 4, 4, 4, 4, 4, 4, 4, 4, 4, 4, 4, 4, 4, 4, 4, 4, 4, 4, 4, 4, 4, 4, 4, 4, 4, 4, 4, 4, 4, 4, 4, 4, 4, 4, 4, 4, 4, 4, 4, 4, 4, 4, 4, 4, 4, 4, 4, 4, 4, 4, 4, 4, 4, 4, 4, 4, 4, 4], "b_turds_left": [5, 5, 5, 5, 5, 5, 5, 5, 5, 5, 5, 5, 5, 5, 5, 5, 5, 5, 5, 5, 5, 5, 5, 5, 5, 5, 5, 5, 5, 5, 5, 5, 5, 5, 5, 5, 5, 5, 5, 5, 5, 5, 5, 5, 5, 5, 5, 5, 5, 5, 5, 5, 5, 5, 5, 5, 5, 5, 5, 5, 5, 5, 5, 5, 5, 5, 5, 5, 5, 5, 5, 5, 5, 5, 5, 5, 5, 5, 5, 5], "a_time_left": [326.17228183336556, 326.17228183336556, 229.47020070627332, 229.47020070627332, 0.04894745908677578, 0.04894745908677578, 0.048300376161932945, 0.048300376161932945, 0.04779154248535633, 0.04779154248535633, 0.046791333705186844, 0.046791333705186844, 0.0457010418176651, 0.0457010418176651, 0.04463341645896435, 0.04463341645896435, 0.0438397079706192, 0.0438397079706192, 0.04325195774435997, 0.04325195774435997, 0.04251283034682274, 0.04251283034682274, 0.04197624512016773, 0.04197624512016773, 0.041627245023846626, 0.041627245023846626, 0.04132741317152977, 0.04132741317152977, 0.040941622108221054, 0.040941622108221054, 0.04049049690365791, 0.04049049690365791, 0.04019283130764961, 0.04019283130764961, 0.039800165221095085, 0.039800165221095085, 0.03961816616356373, 0.03961816616356373, 0.03929833509027958, 0.03929833509027958, 0.039186375215649605, 0.039186375215649605, 0.0388747900724411, 0.0388747900724411, 0.03877570666372776, 0.03877570666372776, 0.038461290299892426, 0.038461290299892426, 0.03834570571780205, 0.03834570571780205, 0.03793783113360405, 0.03793783113360405, 0.03781699761748314, 0.03781699761748314, 0.037429748103022575, 0.037429748103022575, 0.037308624014258385, 0.037308624014258385, 0.03692683205008507, 0.03692683205008507, 0.03680549934506416, 0.03680549934506416, 0.036459626629948616, 0.036459626629948616, 0.03634204342961311, 0.03634204342961311, 0.03600666671991348, 0.03600666671991348, 0.03589308261871338, 0.03589308261871338, 0.03557537496089935, 0.03557537496089935, 0.035461584106087685, 0.035461584106087685, 0.03514433465898037, 0.03514433465898037, 0.035047585144639015, 0.035047585144639015, 0.03471004590392113, 0.03471004590392113], "b_time_left": [360, 359.3441189993173, 359.3441189993173, 355.49404762499034, 355.49404762499034, 349.48790278844535, 349.48790278844535, 349.1557129956782, 349.1557129956782, 346.54790816269815, 346.54790816269815, 342.686383953318, 342.686383953318, 337.7903295792639, 337.7903295792639, 335.75202199444175, 335.75202199444175, 335.21902532689273, 335.21902532689273, 334.00394161976874, 334.00394161976874, 332.8700270354748, 332.8700270354748, 332.4258332438767, 332.4258332438767, 332.04354870319366, 332.04354870319366, 331.5635411199182, 331.5635411199182, 331.4434849526733, 331.4434849526733, 331.4231035336852, 331.4231035336852, 331.25254349410534, 331.25254349410534, 331.19024416059256, 331.19024416059256, 331.11573353409767, 331.11573353409767, 331.09355286695063, 331.09355286695063, 331.0193489510566, 331.0193489510566, 330.99713112041354, 330.99713112041354, 330.92289441265166, 330.92289441265166, 330.9009121619165, 330.9009121619165, 330.8193436190486, 330.8193436190486, 330.79523203521967, 330.79523203521967, 330.7151764128357, 330.7151764128357, 330.6917184125632, 330.6917184125632, 330.61290820501745, 330.61290820501745, 330.5885555371642, 330.5885555371642, 330.5096004959196, 330.5096004959196, 330.4861495345831, 330.4861495345831, 330.40914307534695, 330.40914307534695, 330.3861488234252, 330.3861488234252, 330.3119284082204, 330.3119284082204, 330.2898827828467, 330.2898827828467, 330.2155719920993, 330.2155719920993, 330.19335495121777, 330.19335495121777, 330.1186726987362, 330.1186726987362, 330.0966889075935], "a_moves_left": [39, 39, 38, 38, 37, 37, 36, 36, 35, 35, 34, 34, 33, 33, 32, 32, 31, 31, 30, 30, 29, 29, 28, 28, 27, 27, 26, 26, 25, 25, 24, 24, 23, 23, 22, 22, 21, 21, 20, 20, 19, 19, 18, 18, 17, 17, 16, 16, 15, 15, 14, 14, 13, 13, 12, 12, 11, 11, 10, 10, 9, 9, 8, 8, 7, 7, 6, 6, 5, 5, 4, 4, 3, 3, 2, 2, 1, 1, 0, 0], "b_moves_left": [40, 39, 39, 38, 38, 37, 37, 36, 36, 35, 35, 34, 34, 33, 33, 32, 32, 31, 31, 30, 30, 29, 29, 28, 28, 27, 27, 26, 26, 25, 25, 24, 24, 23, 23, 22, 22, 21, 21, 20, 20, 19, 19, 18, 18, 17, 17, 16, 16, 15, 15, 14, 14, 13, 13, 12, 12, 11, 11, 10, 10, 9, 9, 8, 8, 7, 7, 6, 6, 5, 5, 4, 4, 3, 3, 2, 2, 1, 1, 0], "trapdoor_triggered": [0, 0, 0, 0, 0, 1, 0, 0, 0, 0, 0, 0, 0, 0, 0, 0, 0, 0, 0, 0, 0, 0, 0, 0, 0, 0, 0, 0, 0, 0, 0, 0, 0, 0, 0, 0, 0, 0, 0, 0, 0, 0, 0, 0, 0, 0, 0, 0, 0, 0, 0, 0, 0, 0, 0, 0, 0, 0, 0, 0, 0, 0, 0, 0, 0, 0, 0, 0, 0, 0, 0, 0, 0, 0, 0, 0, 0, 0, 0, 0], "left_behind": ["egg", "egg", "plain", "plain", "egg", "egg", "plain", "plain", "egg", "plain", "plain", "egg", "egg", "plain", "plain", "egg", "turd", "plain", "plain", "plain", "egg", "plain", "plain", "plain", "egg", "plain", "plain", "egg", "egg", "plain", "plain", "egg", "egg", "plain", "plain", "plain", "egg", "plain", "plain", "plain", "plain", "plain", "plain", "plain", "plain", "plain", "plain", "plain", "plain", "plain", "plain", "plain", "plain", "plain", "plain", "plain", "plain", "plain", "plain", "plain", "plain", "plain", "plain", "plain", "plain", "plain", "plain", "plain", "plain", "plain", "plain", "plain", "plain", "plain", "plain", "plain", "plain", "plain", "plain", "plain"], "errlog_a": "", "errlog_b": "", "start_time": 360, "start_moves": 40, "turn_count": 80, "result": 0, "reason": "EGGS_LAID", "trapdoors": [[3, 3], [3, 4]], "spawn_a": [7, 3], "spawn_b": [0, 3]}