{"pos": [[3, 6], [3, 1], [3, 5], [3, 2], [3, 4], [3, 3], [4, 4], [4, 3], [5, 4], [5, 3], [6, 4], [5, 2], [6, 5], [2, 0], [6, 6], [2, 1], [5, 6], [2, 2], [4, 6], [2, 3], [3, 6], [2, 4], [2, 6], [2, 5], [1, 6], [1, 5], [1, 7], [0, 5], [2, 7], [0, 6], [3, 7], [1, 6], [4, 7], [0, 6], [5, 7], [0, 7], [6, 7], [0, 6], [7, 7], [0, 7], [7, 6], [0, 6], [7, 5], [0, 7], [7, 4], [0, 6], [7, 3], [0, 7], [7, 2], [0, 6], [7, 1], [1, 6], [7, 0], [1, 5], [6, 0], [1, 4], [6, 1], [0, 4], [6, 2], [0, 3], [6, 1], [1, 3], [5, 1], [1, 2], [5, 0], [1, 3], [4, 0], [1, 2], [4, 1], [1, 3], [4, 2], [0, 3], [4, 1], [0, 4], [4, 0], [0, 3], [4, 1], [0, 4], [4, 0], [0, 3]], "a_eggs_laid": [1, 1, 1, 1, 2, 2, 2, 2, 3, 3, 3, 3, 8, 8, 8, 8, 9, 9, 9, 9, 10, 10, 10, 10, 11, 11, 11, 11, 12, 12, 12, 12, 12, 12, 12, 12, 13, 13, 13, 13, 16, 16, 16, 16, 17, 17, 17, 17, 18, 18, 18, 18, 19, 19, 19, 19, 20, 20, 20, 20, 21, 21, 21, 21, 22, 22, 22, 22, 23, 23, 23, 23, 24, 24, 24, 24, 24, 24, 24, 24], "b_eggs_laid": [0, 1, 1, 1, 1, 2, 2, 2, 2, 3, 3, 3, 3, 3, 3, 3, 3, 4, 4, 4, 4, 5, 5, 5, 5, 6, 6, 6, 6, 7, 7, 7, 7, 8, 8, 8, 8, 11, 11, 11, 11, 11, 11, 11, 11, 11, 11, 11, 11, 11, 11, 11, 11, 11, 11, 11, 11, 12, 12, 12, 12, 13, 13, 13, 13, 14, 14, 14, 14, 14, 14, 14, 14, 14, 14, 14, 14, 14, 14, 14], "a_turds_left": [5, 5, 5, 5, 5, 5, 5, 5, 5, 5, 5, 5, 5, 5, 4, 4, 4, 4, 4, 4, 4, 4, 4, 4, 4, 4, 4, 4, 4, 4, 4, 4, 4, 4, 4, 4, 4, 4, 4, 4, 4, 4, 4, 4, 4, 4, 4, 4, 4, 4, 4, 4, 4, 4, 4, 4, 4, 4, 4, 4, 4, 4, 4, 4, 4, 4, 4, 4, 4, 4, 4, 4, 4, 4, 4, 4, 4, 4, 4, 4], "b_turds_left": [5, 5, 5, 5, 5, 5, 5, 4, 4, 4, 4, 3, 3, 3, 3, 3, 3, 3, 3, 2, 2, 2, 2, 1, 1, 1, 1, 0, 0, 0, 0, 0, 0, 0, 0, 0, 0, 0, 0, 0, 0, 0, 0, 0, 0, 0, 0, 0, 0, 0, 0, 0, 0, 0, 0, 0, 0, 0, 0, 0, 0, 0, 0, 0, 0, 0, 0, 0, 0, 0, 0, 0, 0, 0, 0, 0, 0, 0, 0, 0], "a_time_left": [359.4893249180168, 359.4893249180168, 357.35857550241053, 357.35857550241053, 354.4981354214251, 354.4981354214251, 352.01049158908427, 352.01049158908427, 351.38966483809054, 351.38966483809054, 350.6869550049305, 350.6869550049305, 349.9738023392856, 349.9738023392856, 348.02845546230674, 348.02845546230674, 345.63512612879276, 345.63512612879276, 342.1309444606304, 342.1309444606304, 339.72830308787525, 339.72830308787525, 337.52559821121395, 337.52559821121395, 337.0419650450349, 337.0419650450349, 336.5515285860747, 336.5515285860747, 336.50846116803586, 336.50846116803586, 336.4361389596015, 336.4361389596015, 336.3713366240263, 336.3713366240263, 336.26996083185077, 336.26996083185077, 336.2341119553894, 336.2341119553894, 336.1897665821016, 336.1897665821016, 336.17457716725767, 336.17457716725767, 336.1475600004196, 336.1475600004196, 336.12847216799855, 336.12847216799855, 336.1077581681311, 336.1077581681311, 336.0927943754941, 336.0927943754941, 336.04963112436235, 336.04963112436235, 335.9914696253836, 335.9914696253836, 335.90405358187854, 335.90405358187854, 335.7968611251563, 335.7968611251563, 335.6530980411917, 335.6530980411917, 335.56173716671765, 335.56173716671765, 335.3845582511276, 335.3845582511276, 335.21425883471966, 335.21425883471966, 335.04162321053445, 335.04162321053445, 334.93691833503544, 334.93691833503544, 334.7827912103385, 334.7827912103385, 334.72249391674995, 334.72249391674995, 334.6487964577973, 334.6487964577973, 334.58864024840295, 334.58864024840295, 334.51482187211514, 334.51482187211514], "b_time_left": [360, 356.43146995455027, 356.43146995455027, 344.24888816289604, 344.24888816289604, 340.64088212139904, 340.64088212139904, 339.21209933049977, 339.21209933049977, 338.4991111662239, 338.4991111662239, 337.59083371050656, 337.59083371050656, 336.7414864189923, 336.7414864189923, 336.1418588794768, 336.1418588794768, 334.7407918795943, 334.7407918795943, 333.5693215467036, 333.5693215467036, 332.92020729370415, 332.92020729370415, 332.5372490864247, 332.5372490864247, 332.4515408780426, 332.4515408780426, 332.32224708609283, 332.32224708609283, 332.2689233776182, 332.2689233776182, 332.21454341709614, 332.21454341709614, 332.15558512695134, 332.15558512695134, 332.10817521065474, 332.10817521065474, 332.07676079310477, 332.07676079310477, 332.042655499652, 332.042655499652, 332.01474516652524, 332.01474516652524, 331.9880212917924, 331.9880212917924, 331.96234625019133, 331.96234625019133, 331.94205883331597, 331.94205883331597, 331.9060753341764, 331.9060753341764, 331.8678997922689, 331.8678997922689, 331.8107321653515, 331.8107321653515, 331.69982108287513, 331.69982108287513, 331.56946187466383, 331.56946187466383, 331.4809383749962, 331.4809383749962, 331.2908893749118, 331.2908893749118, 331.1166382096708, 331.1166382096708, 330.91433262452483, 330.91433262452483, 330.8476208318025, 330.8476208318025, 330.7273144982755, 330.7273144982755, 330.6693904977292, 330.6693904977292, 330.55678507871926, 330.55678507871926, 330.49991870485246, 330.49991870485246, 330.38711253739893, 330.38711253739893, 330.3303177021444], "a_moves_left": [39, 39, 38, 38, 37, 37, 36, 36, 35, 35, 34, 34, 33, 33, 32, 32, 31, 31, 30, 30, 29, 29, 28, 28, 27, 27, 26, 26, 25, 25, 24, 24, 23, 23, 22, 22, 21, 21, 20, 20, 19, 19, 18, 18, 17, 17, 16, 16, 15, 15, 14, 14, 13, 13, 12, 12, 11, 11, 10, 10, 9, 9, 8, 8, 7, 7, 6, 6, 5, 5, 4, 4, 3, 3, 2, 2, 1, 1, 0, 0], "b_moves_left": [40, 39, 39, 38, 38, 37, 37, 36, 36, 35, 35, 34, 34, 33, 33, 32, 32, 31, 31, 30, 30, 29, 29, 28, 28, 27, 27, 26, 26, 25, 25, 24, 24, 23, 23, 22, 22, 21, 21, 20, 20, 19, 19, 18, 18, 17, 17, 16, 16, 15, 15, 14, 14, 13, 13, 12, 12, 11, 11, 10, 10, 9, 9, 8, 8, 7, 7, 6, 6, 5, 5, 4, 4, 3, 3, 2, 2, 1, 1, 0], "trapdoor_triggered": [0, 0, 0, 0, 0, 0, 0, 0, 0, 0, 0, 1, 0, 0, 0, 0, 0, 0, 0, 0, 0, 0, 0, 0, 0, 0, 0, 0, 0, 0, 0, 0, 0, 0, 0, 0, 0, 0, 0, 0, 0, 0, 0, 0, 0, 0, 0, 0, 0, 0, 0, 0, 0, 0, 0, 0, 0, 0, 0, 0, 0, 0, 0, 0, 0, 0, 0, 0, 0, 0, 0, 0, 0, 0, 0, 0, 0, 0, 0, 0], "left_behind": ["egg", "egg", "plain", "plain", "egg", "egg", "plain", "turd", "egg", "egg", "plain", "turd", "egg", "plain", "turd", "plain", "egg", "egg", "plain", "turd", "egg", "egg", "plain", "turd", "egg", "egg", "plain", "turd", "egg", "egg", "plain", "plain", "plain", "egg", "plain", "plain", "egg", "egg", "plain", "plain", "egg", "plain", "plain", "plain", "egg", "plain", "plain", "plain", "egg", "plain", "plain", "plain", "egg", "plain", "plain", "plain", "egg", "egg", "plain", "plain", "egg", "egg", "plain", "plain", "egg", "egg", "plain", "plain", "egg", "plain", "plain", "plain", "egg", "plain", "plain", "plain", "plain", "plain", "plain", "plain"], "errlog_a": "", "errlog_b": "", "start_time": 360, "start_moves": 40, "turn_count": 80, "result": 0, "reason": "EGGS_LAID", "trapdoors": [[5, 5], [5, 2]], "spawn_a": [3, 7], "spawn_b": [3, 0]}