{"pos": [[7, 4], [1, 3], [6, 4], [2, 3], [5, 4], [3, 3], [5, 5], [4, 3], [4, 5], [5, 3], [3, 5], [5, 4], [2, 5], [5, 3], [7, 2], [5, 2], [7, 1], [4, 2], [6, 1], [3, 2], [6, 2], [4, 2], [6, 1], [4, 1], [6, 0], [3, 1], [6, 1], [2, 1], [5, 1], [2, 2], [5, 0], [1, 2], [4, 0], [1, 3], [3, 0], [1, 4], [3, 1], [0, 4], [3, 0], [1, 4], [2, 0], [2, 4], [1, 0], [1, 4], [1, 1], [0, 4], [0, 1], [0, 5], [0, 2], [0, 6], [0, 1], [1, 6], [0, 2], [2, 6], [0, 1], [3, 6], [0, 2], [3, 7], [0, 1], [4, 7], [0, 2], [5, 7], [0, 1], [6, 7], [0, 2], [7, 7], [0, 1], [7, 6], [0, 2], [7, 5], [0, 1], [7, 4], [0, 2], [7, 5], [0, 1], [7, 6], [0, 0], [6, 6], [0, 1], [6, 5]], "a_eggs_laid": [1, 1, 1, 1, 2, 2, 2, 2, 3, 3, 3, 3, 4, 4, 4, 4, 4, 4, 5, 5, 5, 5, 6, 6, 6, 6, 7, 7, 7, 7, 8, 8, 8, 8, 9, 9, 9, 9, 10, 10, 10, 10, 11, 11, 11, 11, 12, 12, 12, 12, 13, 13, 13, 13, 13, 13, 13, 13, 13, 13, 13, 13, 13, 13, 13, 13, 13, 13, 13, 13, 13, 13, 13, 13, 13, 13, 13, 13, 16, 16], "b_eggs_laid": [0, 1, 1, 1, 1, 2, 2, 2, 2, 3, 3, 3, 3, 8, 8, 8, 8, 9, 9, 9, 9, 10, 10, 10, 10, 11, 11, 11, 11, 12, 12, 12, 12, 13, 13, 13, 13, 14, 14, 14, 14, 14, 14, 14, 14, 14, 14, 14, 14, 15, 15, 15, 15, 16, 16, 16, 16, 17, 17, 17, 17, 18, 18, 18, 18, 19, 19, 19, 19, 20, 20, 20, 20, 21, 21, 21, 21, 21, 21, 21], "a_turds_left": [5, 5, 5, 5, 5, 5, 5, 5, 5, 5, 4, 4, 4, 4, 4, 4, 4, 4, 4, 4, 4, 4, 4, 4, 4, 4, 4, 4, 4, 4, 4, 4, 4, 4, 4, 4, 4, 4, 4, 4, 4, 4, 4, 4, 4, 4, 4, 4, 4, 4, 4, 4, 4, 4, 4, 4, 4, 4, 4, 4, 4, 4, 4, 4, 4, 4, 4, 4, 4, 4, 4, 4, 4, 4, 4, 4, 4, 4, 4, 4], "b_turds_left": [5, 5, 5, 5, 5, 5, 5, 4, 4, 4, 4, 3, 3, 3, 3, 3, 3, 3, 3, 2, 2, 2, 2, 2, 2, 2, 2, 2, 2, 2, 2, 1, 1, 1, 1, 1, 1, 1, 1, 1, 1, 1, 1, 0, 0, 0, 0, 0, 0, 0, 0, 0, 0, 0, 0, 0, 0, 0, 0, 0, 0, 0, 0, 0, 0, 0, 0, 0, 0, 0, 0, 0, 0, 0, 0, 0, 0, 0, 0, 0], "a_time_left": [356.7474872507155, 356.7474872507155, 348.1545734591782, 348.1545734591782, 328.5140900425613, 328.5140900425613, 313.8489469997585, 313.8489469997585, 309.1137942094356, 309.1137942094356, 305.34763170965016, 305.34763170965016, 304.59543108567595, 304.59543108567595, 303.98234129324555, 303.98234129324555, 302.5428030434996, 302.5428030434996, 300.634741961956, 300.634741961956, 298.6680650860071, 298.6680650860071, 298.32956750132143, 298.32956750132143, 297.43402512557805, 297.43402512557805, 296.6498322095722, 296.6498322095722, 295.6006648764014, 295.6006648764014, 294.96934337727726, 294.96934337727726, 294.5538347084075, 294.5538347084075, 294.3153835013509, 294.3153835013509, 294.1384722106159, 294.1384722106159, 294.06871883384883, 294.06871883384883, 293.8076167907566, 293.8076167907566, 293.7188903745264, 293.7188903745264, 293.5649339556694, 293.5649339556694, 293.4796103313565, 293.4796103313565, 293.43152045831084, 293.43152045831084, 293.4008744135499, 293.4008744135499, 293.3511487469077, 293.3511487469077, 293.32800308056176, 293.32800308056176, 293.29547766409814, 293.29547766409814, 293.27308474853635, 293.27308474853635, 293.2583261653781, 293.2583261653781, 293.24381178990006, 293.24381178990006, 293.22680187411606, 293.22680187411606, 293.21689741685987, 293.21689741685987, 293.20125529170036, 293.20125529170036, 293.18992099910975, 293.18992099910975, 293.16720687411726, 293.16720687411726, 293.1537624988705, 293.1537624988705, 293.1267338730395, 293.1267338730395, 293.09426453895867, 293.09426453895867], "b_time_left": [360, 359.49833041615784, 359.49833041615784, 358.7135452479124, 358.7135452479124, 357.07419987395406, 357.07419987395406, 355.82222787477076, 355.82222787477076, 353.9314057510346, 353.9314057510346, 353.068157710135, 353.068157710135, 352.98957433737814, 352.98957433737814, 352.73012858629227, 352.73012858629227, 352.2366838399321, 352.2366838399321, 351.72346638329327, 351.72346638329327, 351.0914388410747, 351.0914388410747, 350.7938075084239, 350.7938075084239, 350.65735038369894, 350.65735038369894, 350.31595259159803, 350.31595259159803, 350.10186000727117, 350.10186000727117, 349.8636972978711, 349.8636972978711, 349.64445850625634, 349.64445850625634, 349.40539379790425, 349.40539379790425, 349.29328709095716, 349.29328709095716, 349.05951996706426, 349.05951996706426, 348.97951455041766, 348.97951455041766, 348.89099571853876, 348.89099571853876, 348.8485786356032, 348.8485786356032, 348.8040613029152, 348.8040613029152, 348.760940304026, 348.760940304026, 348.6812390964478, 348.6812390964478, 348.6361017599702, 348.6361017599702, 348.58183417469263, 348.58183417469263, 348.5610656738281, 348.5610656738281, 348.53627396561205, 348.53627396561205, 348.5207177158445, 348.5207177158445, 348.4899061322212, 348.4899061322212, 348.47336779534817, 348.47336779534817, 348.4560438785702, 348.4560438785702, 348.4388318397105, 348.4388318397105, 348.4129592552781, 348.4129592552781, 348.4031668789685, 348.4031668789685, 348.36703567020595, 348.36703567020595, 348.3430808354169, 348.3430808354169, 348.3117741700262], "a_moves_left": [39, 39, 38, 38, 37, 37, 36, 36, 35, 35, 34, 34, 33, 33, 32, 32, 31, 31, 30, 30, 29, 29, 28, 28, 27, 27, 26, 26, 25, 25, 24, 24, 23, 23, 22, 22, 21, 21, 20, 20, 19, 19, 18, 18, 17, 17, 16, 16, 15, 15, 14, 14, 13, 13, 12, 12, 11, 11, 10, 10, 9, 9, 8, 8, 7, 7, 6, 6, 5, 5, 4, 4, 3, 3, 2, 2, 1, 1, 0, 0], "b_moves_left": [40, 39, 39, 38, 38, 37, 37, 36, 36, 35, 35, 34, 34, 33, 33, 32, 32, 31, 31, 30, 30, 29, 29, 28, 28, 27, 27, 26, 26, 25, 25, 24, 24, 23, 23, 22, 22, 21, 21, 20, 20, 19, 19, 18, 18, 17, 17, 16, 16, 15, 15, 14, 14, 13, 13, 12, 12, 11, 11, 10, 10, 9, 9, 8, 8, 7, 7, 6, 6, 5, 5, 4, 4, 3, 3, 2, 2, 1, 1, 0], "trapdoor_triggered": [0, 0, 0, 0, 0, 0, 0, 0, 0, 0, 0, 0, 1, 0, 0, 0, 0, 0, 0, 0, 0, 0, 0, 0, 0, 0, 0, 0, 0, 0, 0, 0, 0, 0, 0, 0, 0, 0, 0, 0, 0, 0, 0, 0, 0, 0, 0, 0, 0, 0, 0, 0, 0, 0, 0, 0, 0, 0, 0, 0, 0, 0, 0, 0, 0, 0, 0, 0, 0, 0, 0, 0, 0, 0, 0, 0, 0, 0, 0, 0], "left_behind": ["egg", "egg", "plain", "plain", "egg", "egg", "plain", "turd", "egg", "egg", "turd", "turd", "egg", "egg", "plain", "plain", "plain", "egg", "egg", "turd", "plain", "egg", "egg", "plain", "plain", "egg", "egg", "plain", "plain", "egg", "egg", "turd", "plain", "egg", "egg", "plain", "plain", "egg", "egg", "plain", "plain", "plain", "egg", "turd", "plain", "plain", "egg", "plain", "plain", "egg", "egg", "plain", "plain", "egg", "plain", "plain", "plain", "egg", "plain", "plain", "plain", "egg", "plain", "plain", "plain", "egg", "plain", "plain", "plain", "egg", "plain", "plain", "plain", "egg", "plain", "plain", "plain", "plain", "egg", "plain"], "errlog_a": "", "errlog_b": "", "start_time": 360, "start_moves": 40, "turn_count": 80, "result": 1, "reason": "EGGS_LAID", "trapdoors": [[4, 4], [2, 5]], "spawn_a": [7, 3], "spawn_b": [0, 3]}