{"pos": [[5, 6], [5, 1], [5, 5], [5, 2], [4, 5], [4, 2], [4, 4], [4, 3], [5, 6], [3, 3], [6, 6], [3, 4], [6, 5], [3, 5], [7, 5], [2, 5], [7, 4], [2, 4], [7, 3], [2, 3], [7, 2], [2, 2], [7, 1], [3, 2], [7, 2], [2, 2], [6, 2], [1, 2], [6, 1], [1, 3], [6, 0], [1, 4], [6, 1], [1, 5], [7, 1], [0, 5], [6, 1], [0, 4], [7, 1], [0, 3], [6, 1], [0, 4], [6, 0], [0, 3], [6, 1], [0, 4], [6, 0], [0, 3], [6, 1], [0, 4], [6, 0], [0, 3], [6, 1], [0, 4], [6, 0], [0, 3], [6, 1], [0, 4], [6, 0], [0, 3], [6, 1], [0, 4], [6, 0], [0, 3], [6, 1], [0, 4], [6, 0], [0, 3], [6, 1], [0, 4], [6, 0], [0, 3], [6, 1], [0, 4], [6, 0], [0, 3], [6, 1], [0, 4], [6, 0], [0, 3]], "a_eggs_laid": [1, 1, 1, 1, 2, 2, 2, 2, 2, 2, 2, 2, 3, 3, 3, 3, 4, 4, 4, 4, 5, 5, 5, 5, 6, 6, 6, 6, 7, 7, 7, 7, 8, 8, 8, 8, 8, 8, 8, 8, 8, 8, 8, 8, 8, 8, 8, 8, 8, 8, 8, 8, 8, 8, 8, 8, 8, 8, 8, 8, 8, 8, 8, 8, 8, 8, 8, 8, 8, 8, 8, 8, 8, 8, 8, 8, 8, 8, 8, 8], "b_eggs_laid": [0, 1, 1, 1, 1, 2, 2, 6, 6, 7, 7, 7, 7, 8, 8, 8, 8, 9, 9, 9, 9, 10, 10, 10, 10, 11, 11, 11, 11, 12, 12, 12, 12, 13, 13, 13, 13, 14, 14, 14, 14, 15, 15, 15, 15, 15, 15, 15, 15, 15, 15, 15, 15, 15, 15, 15, 15, 15, 15, 15, 15, 15, 15, 15, 15, 15, 15, 15, 15, 15, 15, 15, 15, 15, 15, 15, 15, 15, 15, 15], "a_turds_left": [5, 5, 5, 5, 5, 5, 5, 5, 5, 5, 4, 4, 4, 4, 4, 4, 4, 4, 4, 4, 4, 4, 4, 4, 4, 4, 4, 4, 4, 4, 4, 4, 4, 4, 4, 4, 4, 4, 4, 4, 4, 4, 4, 4, 4, 4, 4, 4, 4, 4, 4, 4, 4, 4, 4, 4, 4, 4, 4, 4, 4, 4, 4, 4, 4, 4, 4, 4, 4, 4, 4, 4, 4, 4, 4, 4, 4, 4, 4, 4], "b_turds_left": [5, 5, 5, 5, 5, 5, 5, 4, 4, 4, 4, 3, 3, 3, 3, 2, 2, 2, 2, 1, 1, 1, 1, 0, 0, 0, 0, 0, 0, 0, 0, 0, 0, 0, 0, 0, 0, 0, 0, 0, 0, 0, 0, 0, 0, 0, 0, 0, 0, 0, 0, 0, 0, 0, 0, 0, 0, 0, 0, 0, 0, 0, 0, 0, 0, 0, 0, 0, 0, 0, 0, 0, 0, 0, 0, 0, 0, 0, 0, 0], "a_time_left": [359.3964893333614, 359.3964893333614, 354.92829920724034, 354.92829920724034, 345.62291070632637, 345.62291070632637, 341.5635460820049, 341.5635460820049, 339.31207678839564, 339.31207678839564, 335.62489491328597, 335.62489491328597, 334.3793706204742, 334.3793706204742, 333.64398053847253, 333.64398053847253, 332.86944028921425, 332.86944028921425, 332.2484016660601, 332.2484016660601, 331.2683180421591, 331.2683180421591, 330.5017789583653, 330.5017789583653, 330.300295708701, 330.300295708701, 330.0652600415051, 330.0652600415051, 329.7167218737304, 329.7167218737304, 329.24530304037035, 329.24530304037035, 329.02319962345064, 329.02319962345064, 328.28987695463, 328.28987695463, 328.16608953662217, 328.16608953662217, 328.05318603664637, 328.05318603664637, 327.9695708286017, 327.9695708286017, 327.8493322022259, 327.8493322022259, 327.77597178705037, 327.77597178705037, 327.6556070391089, 327.6556070391089, 327.58265749923885, 327.58265749923885, 327.46259291656315, 327.46259291656315, 327.3893798328936, 327.3893798328936, 327.2690347917378, 327.2690347917378, 327.1956201661378, 327.1956201661378, 327.0752659589052, 327.0752659589052, 327.0021818354726, 327.0021818354726, 326.88142466917634, 326.88142466917634, 326.80796729400754, 326.80796729400754, 326.6868979167193, 326.6868979167193, 326.6135079152882, 326.6135079152882, 326.48715145885944, 326.48715145885944, 326.4134729988873, 326.4134729988873, 326.2924912497401, 326.2924912497401, 326.21938062645495, 326.21938062645495, 326.099017707631, 326.099017707631], "b_time_left": [360, 357.2861395813525, 357.2861395813525, 349.2597101200372, 349.2597101200372, 345.1248296611011, 345.1248296611011, 343.49931874498725, 343.49931874498725, 341.72184016369283, 341.72184016369283, 339.34525774791837, 339.34525774791837, 337.74252558127046, 337.74252558127046, 336.7388241663575, 336.7388241663575, 335.5566019155085, 335.5566019155085, 334.81804508157074, 334.81804508157074, 333.9875362496823, 333.9875362496823, 333.62843062728643, 333.62843062728643, 333.399878250435, 333.399878250435, 333.2787572108209, 333.2787572108209, 333.186600420624, 333.186600420624, 333.1201605461538, 333.1201605461538, 333.0295099224895, 333.0295099224895, 332.9527428820729, 332.9527428820729, 332.87690229713917, 332.87690229713917, 332.79996604658663, 332.79996604658663, 332.73328917101026, 332.73328917101026, 332.6414125468582, 332.6414125468582, 332.57457996346056, 332.57457996346056, 332.5226455051452, 332.5226455051452, 332.45553587935865, 332.45553587935865, 332.40369950421154, 332.40369950421154, 332.33699587732553, 332.33699587732553, 332.2850577533245, 332.2850577533245, 332.2181921713054, 332.2181921713054, 332.1664208397269, 332.1664208397269, 332.0995844230056, 332.0995844230056, 332.0477340053767, 332.0477340053767, 331.98087050393224, 331.98087050393224, 331.92897987924516, 331.92897987924516, 331.8598014637828, 331.8598014637828, 331.8073646724224, 331.8073646724224, 331.74045534059405, 331.74045534059405, 331.68859721533954, 331.68859721533954, 331.6217710059136, 331.6217710059136, 331.56989183835685], "a_moves_left": [39, 39, 38, 38, 37, 37, 36, 36, 35, 35, 34, 34, 33, 33, 32, 32, 31, 31, 30, 30, 29, 29, 28, 28, 27, 27, 26, 26, 25, 25, 24, 24, 23, 23, 22, 22, 21, 21, 20, 20, 19, 19, 18, 18, 17, 17, 16, 16, 15, 15, 14, 14, 13, 13, 12, 12, 11, 11, 10, 10, 9, 9, 8, 8, 7, 7, 6, 6, 5, 5, 4, 4, 3, 3, 2, 2, 1, 1, 0, 0], "b_moves_left": [40, 39, 39, 38, 38, 37, 37, 36, 36, 35, 35, 34, 34, 33, 33, 32, 32, 31, 31, 30, 30, 29, 29, 28, 28, 27, 27, 26, 26, 25, 25, 24, 24, 23, 23, 22, 22, 21, 21, 20, 20, 19, 19, 18, 18, 17, 17, 16, 16, 15, 15, 14, 14, 13, 13, 12, 12, 11, 11, 10, 10, 9, 9, 8, 8, 7, 7, 6, 6, 5, 5, 4, 4, 3, 3, 2, 2, 1, 1, 0], "trapdoor_triggered": [0, 0, 0, 0, 0, 0, 1, 0, 0, 0, 0, 0, 0, 0, 0, 0, 0, 0, 0, 0, 0, 0, 0, 0, 0, 0, 0, 0, 0, 0, 0, 0, 0, 0, 0, 0, 0, 0, 0, 0, 0, 0, 0, 0, 0, 0, 0, 0, 0, 0, 0, 0, 0, 0, 0, 0, 0, 0, 0, 0, 0, 0, 0, 0, 0, 0, 0, 0, 0, 0, 0, 0, 0, 0, 0, 0, 0, 0, 0, 0], "left_behind": ["egg", "egg", "plain", "plain", "egg", "egg", "plain", "turd", "plain", "egg", "turd", "turd", "egg", "egg", "plain", "turd", "egg", "egg", "plain", "turd", "egg", "egg", "plain", "turd", "egg", "egg", "plain", "plain", "egg", "egg", "plain", "plain", "egg", "egg", "plain", "plain", "plain", "egg", "plain", "plain", "plain", "egg", "plain", "plain", "plain", "plain", "plain", "plain", "plain", "plain", "plain", "plain", "plain", "plain", "plain", "plain", "plain", "plain", "plain", "plain", "plain", "plain", "plain", "plain", "plain", "plain", "plain", "plain", "plain", "plain", "plain", "plain", "plain", "plain", "plain", "plain", "plain", "plain", "plain", "plain"], "errlog_a": "", "errlog_b": "", "start_time": 360, "start_moves": 40, "turn_count": 80, "result": 1, "reason": "EGGS_LAID", "trapdoors": [[4, 4], [5, 4]], "spawn_a": [5, 7], "spawn_b": [5, 0]}