{"pos": [[0, 3], [7, 3], [1, 3], [6, 3], [2, 3], [5, 3], [3, 3], [4, 3], [3, 4], [4, 4], [3, 5], [3, 4], [3, 6], [2, 4], [3, 5], [2, 5], [3, 6], [1, 5], [2, 6], [1, 6], [3, 6], [1, 5], [4, 6], [0, 5], [5, 6], [0, 6], [6, 6], [0, 7], [7, 6], [1, 7], [7, 5], [1, 6], [7, 4], [1, 7], [7, 3], [1, 6], [7, 4], [1, 7], [7, 5], [1, 6], [7, 4], [1, 7], [7, 5], [1, 6], [7, 4], [1, 7], [7, 5], [1, 6], [7, 4], [1, 7], [7, 5], [1, 6], [7, 4], [1, 7], [7, 5], [1, 6], [7, 4], [1, 7], [7, 5], [1, 6], [7, 4], [1, 7], [7, 5], [1, 6], [7, 4], [1, 7], [7, 5], [1, 6], [7, 4], [1, 7], [7, 5], [1, 6], [7, 4], [1, 7], [7, 5], [1, 6], [7, 4], [1, 7], [7, 5], [1, 6]], "a_eggs_laid": [1, 1, 1, 1, 2, 2, 2, 2, 3, 3, 3, 3, 4, 4, 4, 4, 4, 4, 4, 4, 5, 5, 5, 5, 6, 6, 6, 6, 7, 7, 7, 7, 8, 8, 8, 8, 9, 9, 9, 9, 9, 9, 9, 9, 9, 9, 9, 9, 9, 9, 9, 9, 9, 9, 9, 9, 9, 9, 9, 9, 9, 9, 9, 9, 9, 9, 9, 9, 9, 9, 9, 9, 9, 9, 9, 9, 9, 9, 9, 9], "b_eggs_laid": [0, 1, 1, 1, 1, 2, 2, 2, 2, 3, 3, 3, 3, 4, 4, 4, 4, 5, 5, 5, 5, 6, 6, 6, 6, 7, 7, 7, 7, 10, 10, 10, 10, 10, 10, 10, 10, 10, 10, 10, 10, 10, 10, 10, 10, 10, 10, 10, 10, 10, 10, 10, 10, 10, 10, 10, 10, 10, 10, 10, 10, 10, 10, 10, 10, 10, 10, 10, 10, 10, 10, 10, 10, 10, 10, 10, 10, 10, 10, 10], "a_turds_left": [5, 5, 5, 5, 5, 5, 5, 5, 5, 5, 5, 5, 5, 5, 4, 4, 4, 4, 4, 4, 4, 4, 4, 4, 4, 4, 4, 4, 4, 4, 4, 4, 4, 4, 4, 4, 4, 4, 4, 4, 4, 4, 4, 4, 4, 4, 4, 4, 4, 4, 4, 4, 4, 4, 4, 4, 4, 4, 4, 4, 4, 4, 4, 4, 4, 4, 4, 4, 4, 4, 4, 4, 4, 4, 4, 4, 4, 4, 4, 4], "b_turds_left": [5, 5, 5, 5, 5, 5, 5, 5, 5, 5, 5, 4, 4, 4, 4, 4, 4, 4, 4, 4, 4, 4, 4, 4, 4, 4, 4, 4, 4, 4, 4, 4, 4, 4, 4, 4, 4, 4, 4, 4, 4, 4, 4, 4, 4, 4, 4, 4, 4, 4, 4, 4, 4, 4, 4, 4, 4, 4, 4, 4, 4, 4, 4, 4, 4, 4, 4, 4, 4, 4, 4, 4, 4, 4, 4, 4, 4, 4, 4, 4], "a_time_left": [357.55123029090464, 357.55123029090464, 354.68414212204516, 354.68414212204516, 342.0490349959582, 342.0490349959582, 317.51884565874934, 317.51884565874934, 314.48401503264904, 314.48401503264904, 311.15082357265055, 311.15082357265055, 310.3296617809683, 310.3296617809683, 308.39495457336307, 308.39495457336307, 308.0529191978276, 308.0529191978276, 307.44454594515264, 307.44454594515264, 307.231483027339, 307.231483027339, 306.86725261062384, 306.86725261062384, 306.6729162763804, 306.6729162763804, 306.36135732010007, 306.36135732010007, 306.13929882086813, 306.13929882086813, 306.04537106864154, 306.04537106864154, 305.8438060693443, 305.8438060693443, 305.7449033167213, 305.7449033167213, 305.63530644215643, 305.63530644215643, 305.51667535863817, 305.51667535863817, 305.2790210675448, 305.2790210675448, 305.1601746529341, 305.1601746529341, 304.9231266528368, 304.9231266528368, 304.80460911244154, 304.80460911244154, 304.56773565523326, 304.56773565523326, 304.4490814451128, 304.4490814451128, 304.21191686205566, 304.21191686205566, 304.09170498512685, 304.09170498512685, 303.8545527383685, 303.8545527383685, 303.7356361988932, 303.7356361988932, 303.4990000743419, 303.4990000743419, 303.37995711527765, 303.37995711527765, 303.14331215806305, 303.14331215806305, 303.0246459953487, 303.0246459953487, 302.7879194561392, 302.7879194561392, 302.66952187381685, 302.66952187381685, 302.4314679149538, 302.4314679149538, 302.3127062469721, 302.3127062469721, 302.07531828805804, 302.07531828805804, 301.9570439532399, 301.9570439532399], "b_time_left": [360, 357.60809350013733, 357.60809350013733, 349.48583462648094, 349.48583462648094, 326.28068571165204, 326.28068571165204, 322.237022459507, 322.237022459507, 320.5633361674845, 320.5633361674845, 318.22570254281163, 318.22570254281163, 317.42182408459485, 317.42182408459485, 316.9902356285602, 316.9902356285602, 316.46855721250176, 316.46855721250176, 316.01230029575527, 316.01230029575527, 315.6552133373916, 315.6552133373916, 315.41090783663094, 315.41090783663094, 315.1782430037856, 315.1782430037856, 314.9357701689005, 314.9357701689005, 314.8665918353945, 314.8665918353945, 314.79076946154237, 314.79076946154237, 314.6966392509639, 314.6966392509639, 314.6551871653646, 314.6551871653646, 314.55528624914587, 314.55528624914587, 314.45456983335316, 314.45456983335316, 314.35349545814097, 314.35349545814097, 314.25254083424807, 314.25254083424807, 314.1522052939981, 314.1522052939981, 314.05109904520214, 314.05109904520214, 313.95083229616284, 313.95083229616284, 313.8495987150818, 313.8495987150818, 313.74940234050155, 313.74940234050155, 313.64832675643265, 313.64832675643265, 313.5481184646487, 313.5481184646487, 313.4471352137625, 313.4471352137625, 313.34706942364573, 313.34706942364573, 313.24657517671585, 313.24657517671585, 313.1465071756393, 313.1465071756393, 313.0457067582756, 313.0457067582756, 312.9451007992029, 312.9451007992029, 312.79846430011094, 312.79846430011094, 312.6981343831867, 312.6981343831867, 312.59705238230526, 312.59705238230526, 312.4964335076511, 312.4964335076511, 312.39560250751674], "a_moves_left": [39, 39, 38, 38, 37, 37, 36, 36, 35, 35, 34, 34, 33, 33, 32, 32, 31, 31, 30, 30, 29, 29, 28, 28, 27, 27, 26, 26, 25, 25, 24, 24, 23, 23, 22, 22, 21, 21, 20, 20, 19, 19, 18, 18, 17, 17, 16, 16, 15, 15, 14, 14, 13, 13, 12, 12, 11, 11, 10, 10, 9, 9, 8, 8, 7, 7, 6, 6, 5, 5, 4, 4, 3, 3, 2, 2, 1, 1, 0, 0], "b_moves_left": [40, 39, 39, 38, 38, 37, 37, 36, 36, 35, 35, 34, 34, 33, 33, 32, 32, 31, 31, 30, 30, 29, 29, 28, 28, 27, 27, 26, 26, 25, 25, 24, 24, 23, 23, 22, 22, 21, 21, 20, 20, 19, 19, 18, 18, 17, 17, 16, 16, 15, 15, 14, 14, 13, 13, 12, 12, 11, 11, 10, 10, 9, 9, 8, 8, 7, 7, 6, 6, 5, 5, 4, 4, 3, 3, 2, 2, 1, 1, 0], "trapdoor_triggered": [0, 0, 0, 0, 0, 0, 0, 0, 0, 0, 0, 0, 0, 0, 0, 0, 0, 0, 0, 0, 0, 0, 0, 0, 0, 0, 0, 0, 0, 0, 0, 0, 0, 0, 0, 0, 0, 0, 0, 0, 0, 0, 0, 0, 0, 0, 0, 0, 0, 0, 0, 0, 0, 0, 0, 0, 0, 0, 0, 0, 0, 0, 0, 0, 0, 0, 0, 0, 0, 0, 0, 0, 0, 0, 0, 0, 0, 0, 0, 0], "left_behind": ["egg", "egg", "plain", "plain", "egg", "egg", "plain", "plain", "egg", "egg", "plain", "turd", "egg", "egg", "turd", "plain", "plain", "egg", "plain", "plain", "egg", "egg", "plain", "plain", "egg", "egg", "plain", "plain", "egg", "egg", "plain", "plain", "egg", "plain", "plain", "plain", "egg", "plain", "plain", "plain", "plain", "plain", "plain", "plain", "plain", "plain", "plain", "plain", "plain", "plain", "plain", "plain", "plain", "plain", "plain", "plain", "plain", "plain", "plain", "plain", "plain", "plain", "plain", "plain", "plain", "plain", "plain", "plain", "plain", "plain", "plain", "plain", "plain", "plain", "plain", "plain", "plain", "plain", "plain", "plain"], "errlog_a": "", "errlog_b": "", "start_time": 360, "start_moves": 40, "turn_count": 80, "result": 1, "reason": "EGGS_LAID", "trapdoors": [[5, 5], [5, 4]], "spawn_a": [0, 2], "spawn_b": [7, 2]}