{"pos": [[7, 2], [1, 1], [6, 2], [2, 1], [6, 3], [2, 2], [6, 4], [2, 3], [5, 4], [2, 4], [5, 5], [3, 4], [5, 6], [3, 5], [6, 6], [4, 5], [6, 5], [3, 5], [7, 5], [2, 5], [7, 4], [2, 6], [7, 3], [2, 7], [6, 3], [1, 7], [5, 3], [0, 7], [5, 2], [1, 7], [5, 1], [2, 7], [5, 0], [1, 7], [4, 0], [1, 6], [4, 1], [1, 5], [4, 2], [1, 4], [4, 1], [0, 4], [3, 1], [0, 3], [3, 0], [1, 3], [4, 0], [1, 2], [3, 0], [1, 3], [4, 0], [1, 2], [3, 0], [1, 3], [4, 0], [1, 2], [3, 0], [1, 3], [4, 0], [1, 2], [3, 0], [1, 3], [4, 0], [1, 2], [3, 0], [1, 3], [4, 0], [1, 2], [3, 0], [1, 3], [4, 0], [1, 2], [3, 0], [1, 3], [4, 0], [1, 2], [3, 0], [1, 3], [4, 0], [1, 2]], "a_eggs_laid": [1, 1, 1, 1, 2, 2, 2, 2, 3, 3, 3, 3, 4, 4, 4, 4, 5, 5, 5, 5, 6, 6, 6, 6, 7, 7, 7, 7, 8, 8, 8, 8, 9, 9, 9, 9, 10, 10, 10, 10, 11, 11, 11, 11, 12, 12, 12, 12, 12, 12, 12, 12, 12, 12, 12, 12, 12, 12, 12, 12, 12, 12, 12, 12, 12, 12, 12, 12, 12, 12, 12, 12, 12, 12, 12, 12, 12, 12, 12, 12], "b_eggs_laid": [0, 1, 1, 1, 1, 2, 2, 2, 2, 3, 3, 3, 3, 4, 4, 4, 4, 5, 5, 5, 5, 6, 6, 6, 6, 7, 7, 7, 7, 10, 10, 10, 10, 10, 10, 10, 10, 11, 11, 11, 11, 12, 12, 12, 12, 13, 13, 13, 13, 14, 14, 14, 14, 14, 14, 14, 14, 14, 14, 14, 14, 14, 14, 14, 14, 14, 14, 14, 14, 14, 14, 14, 14, 14, 14, 14, 14, 14, 14, 14], "a_turds_left": [5, 5, 5, 5, 5, 5, 5, 5, 5, 5, 4, 4, 4, 4, 3, 3, 3, 3, 3, 3, 3, 3, 3, 3, 3, 3, 3, 3, 3, 3, 3, 3, 3, 3, 3, 3, 3, 3, 3, 3, 3, 3, 3, 3, 3, 3, 3, 3, 3, 3, 3, 3, 3, 3, 3, 3, 3, 3, 3, 3, 3, 3, 3, 3, 3, 3, 3, 3, 3, 3, 3, 3, 3, 3, 3, 3, 3, 3, 3, 3], "b_turds_left": [5, 5, 5, 5, 5, 5, 5, 4, 4, 4, 4, 3, 3, 3, 3, 2, 2, 2, 2, 2, 2, 2, 2, 2, 2, 2, 2, 2, 2, 2, 2, 2, 2, 2, 2, 2, 2, 2, 2, 2, 2, 2, 2, 2, 2, 2, 2, 2, 2, 2, 2, 2, 2, 2, 2, 2, 2, 2, 2, 2, 2, 2, 2, 2, 2, 2, 2, 2, 2, 2, 2, 2, 2, 2, 2, 2, 2, 2, 2, 2], "a_time_left": [358.3157686237246, 358.3157686237246, 354.4482511654496, 354.4482511654496, 350.340219873935, 350.340219873935, 340.9660586249083, 340.9660586249083, 327.38387079164386, 327.38387079164386, 307.2513653766364, 307.2513653766364, 302.49476741813123, 302.49476741813123, 297.1289600431919, 297.1289600431919, 296.92183025181293, 296.92183025181293, 296.32180329598486, 296.32180329598486, 295.8317195493728, 295.8317195493728, 295.1482307165861, 295.1482307165861, 294.5608684681356, 294.5608684681356, 293.9981964286417, 293.9981964286417, 293.58078180253506, 293.58078180253506, 293.0032793432474, 293.0032793432474, 291.9700296353549, 291.9700296353549, 291.62599621899426, 291.62599621899426, 291.2052951771766, 291.2052951771766, 290.2991012185812, 290.2991012185812, 289.42130634374917, 289.42130634374917, 289.13615767657757, 289.13615767657757, 288.94559796899557, 288.94559796899557, 288.83485701307654, 288.83485701307654, 288.6644798889756, 288.6644798889756, 288.58083997294307, 288.58083997294307, 288.4688775129616, 288.4688775129616, 288.385320097208, 288.385320097208, 288.2733538057655, 288.2733538057655, 288.18968163989484, 288.18968163989484, 288.0776511002332, 288.0776511002332, 287.99426185153425, 287.99426185153425, 287.88229101896286, 287.88229101896286, 287.7994120642543, 287.7994120642543, 287.68794414773583, 287.68794414773583, 287.60491564683616, 287.60491564683616, 287.49333256296813, 287.49333256296813, 287.4098911061883, 287.4098911061883, 287.2977122720331, 287.2977122720331, 287.2139923144132, 287.2139923144132], "b_time_left": [360, 359.80272362567484, 359.80272362567484, 358.47995908372104, 358.47995908372104, 354.48774166591465, 354.48774166591465, 352.0510625001043, 352.0510625001043, 348.7150120418519, 348.7150120418519, 343.9527453724295, 343.9527453724295, 341.83946274779737, 341.83946274779737, 341.2576716225594, 341.2576716225594, 341.0112261213362, 341.0112261213362, 340.4841579962522, 340.4841579962522, 339.6687466222793, 339.6687466222793, 339.21771833114326, 339.21771833114326, 338.94175012409687, 338.94175012409687, 338.511799916625, 338.511799916625, 338.1485768724233, 338.1485768724233, 337.5141296200454, 337.5141296200454, 337.4289791639894, 337.4289791639894, 337.27148574590683, 337.27148574590683, 337.0167478714138, 337.0167478714138, 336.7262779548764, 336.7262779548764, 336.3760917056352, 336.3760917056352, 336.0261216238141, 336.0261216238141, 335.8258857484907, 335.8258857484907, 335.53791870735586, 335.53791870735586, 335.41297083348036, 335.41297083348036, 335.10784808173776, 335.10784808173776, 334.9835160821676, 334.9835160821676, 334.6779075395316, 334.6779075395316, 334.5534820407629, 334.5534820407629, 334.24824904091656, 334.24824904091656, 334.12372841499746, 334.12372841499746, 333.8186159990728, 333.8186159990728, 333.69349353946745, 333.69349353946745, 333.3875066637993, 333.3875066637993, 333.26228162273765, 333.26228162273765, 332.9559409543872, 332.9559409543872, 332.83064183034, 332.83064183034, 332.51703028939664, 332.51703028939664, 332.3921092469245, 332.3921092469245, 332.086934953928], "a_moves_left": [39, 39, 38, 38, 37, 37, 36, 36, 35, 35, 34, 34, 33, 33, 32, 32, 31, 31, 30, 30, 29, 29, 28, 28, 27, 27, 26, 26, 25, 25, 24, 24, 23, 23, 22, 22, 21, 21, 20, 20, 19, 19, 18, 18, 17, 17, 16, 16, 15, 15, 14, 14, 13, 13, 12, 12, 11, 11, 10, 10, 9, 9, 8, 8, 7, 7, 6, 6, 5, 5, 4, 4, 3, 3, 2, 2, 1, 1, 0, 0], "b_moves_left": [40, 39, 39, 38, 38, 37, 37, 36, 36, 35, 35, 34, 34, 33, 33, 32, 32, 31, 31, 30, 30, 29, 29, 28, 28, 27, 27, 26, 26, 25, 25, 24, 24, 23, 23, 22, 22, 21, 21, 20, 20, 19, 19, 18, 18, 17, 17, 16, 16, 15, 15, 14, 14, 13, 13, 12, 12, 11, 11, 10, 10, 9, 9, 8, 8, 7, 7, 6, 6, 5, 5, 4, 4, 3, 3, 2, 2, 1, 1, 0], "trapdoor_triggered": [0, 0, 0, 0, 0, 0, 0, 0, 0, 0, 0, 0, 0, 0, 0, 0, 0, 0, 0, 0, 0, 0, 0, 0, 0, 0, 0, 0, 0, 0, 0, 0, 0, 0, 0, 0, 0, 0, 0, 0, 0, 0, 0, 0, 0, 0, 0, 0, 0, 0, 0, 0, 0, 0, 0, 0, 0, 0, 0, 0, 0, 0, 0, 0, 0, 0, 0, 0, 0, 0, 0, 0, 0, 0, 0, 0, 0, 0, 0, 0], "left_behind": ["egg", "egg", "plain", "plain", "egg", "egg", "plain", "turd", "egg", "egg", "turd", "turd", "egg", "egg", "turd", "turd", "egg", "egg", "plain", "plain", "egg", "egg", "plain", "plain", "egg", "egg", "plain", "plain", "egg", "egg", "plain", "plain", "egg", "plain", "plain", "plain", "egg", "egg", "plain", "plain", "egg", "egg", "plain", "plain", "egg", "egg", "plain", "plain", "plain", "egg", "plain", "plain", "plain", "plain", "plain", "plain", "plain", "plain", "plain", "plain", "plain", "plain", "plain", "plain", "plain", "plain", "plain", "plain", "plain", "plain", "plain", "plain", "plain", "plain", "plain", "plain", "plain", "plain", "plain", "plain"], "errlog_a": "", "errlog_b": "", "start_time": 360, "start_moves": 40, "turn_count": 80, "result": 1, "reason": "EGGS_LAID", "trapdoors": [[4, 4], [3, 2]], "spawn_a": [7, 1], "spawn_b": [0, 1]}