{"pos": [[4, 1], [4, 6], [4, 2], [4, 5], [3, 2], [4, 4], [3, 3], [5, 4], [2, 3], [5, 3], [2, 4], [4, 3], [2, 5], [4, 4], [3, 5], [3, 4], [2, 5], [4, 4], [2, 6], [5, 4], [2, 5], [6, 4], [1, 5], [6, 5], [1, 4], [6, 4], [1, 3], [7, 4], [1, 2], [7, 3], [1, 1], [6, 3], [1, 2], [6, 2], [0, 2], [6, 1], [1, 2], [5, 1], [2, 2], [4, 1], [2, 1], [3, 1], [2, 0], [2, 1], [1, 0], [3, 1], [1, 1], [3, 2], [0, 1], [3, 1], [0, 0], [3, 2], [1, 0], [3, 1], [1, 1], [3, 0], [1, 0], [3, 1], [2, 0], [2, 1], [1, 0], [3, 1], [2, 0], [2, 1], [1, 0], [3, 1], [2, 0], [2, 1], [1, 0], [3, 1], [2, 0], [2, 1], [1, 0], [3, 1], [2, 0], [2, 1], [1, 0], [3, 1], [2, 0], [2, 1]], "a_eggs_laid": [1, 1, 1, 1, 2, 2, 2, 2, 3, 3, 3, 3, 4, 4, 4, 4, 5, 5, 5, 5, 6, 6, 6, 6, 7, 7, 7, 7, 8, 8, 8, 8, 9, 9, 9, 9, 10, 10, 10, 10, 11, 11, 11, 11, 12, 12, 12, 12, 12, 12, 12, 12, 15, 15, 15, 15, 15, 15, 15, 15, 15, 15, 15, 15, 15, 15, 15, 15, 15, 15, 15, 15, 15, 15, 15, 15, 15, 15, 15, 15], "b_eggs_laid": [0, 1, 1, 1, 1, 2, 2, 2, 2, 3, 3, 3, 3, 4, 4, 4, 4, 5, 5, 5, 5, 5, 5, 5, 5, 6, 6, 6, 6, 7, 7, 7, 7, 8, 8, 8, 8, 9, 9, 9, 9, 10, 10, 10, 10, 11, 11, 11, 11, 12, 12, 12, 12, 12, 12, 12, 12, 13, 13, 13, 13, 13, 13, 13, 13, 13, 13, 13, 13, 13, 13, 13, 13, 13, 13, 13, 13, 13, 13, 13], "a_turds_left": [5, 5, 5, 5, 5, 5, 5, 5, 5, 5, 5, 5, 5, 5, 5, 5, 5, 5, 5, 5, 5, 5, 5, 5, 5, 5, 5, 5, 5, 5, 5, 5, 5, 5, 5, 5, 5, 5, 5, 5, 5, 5, 5, 5, 5, 5, 5, 5, 5, 5, 5, 5, 5, 5, 5, 5, 5, 5, 5, 5, 5, 5, 5, 5, 5, 5, 5, 5, 5, 5, 5, 5, 5, 5, 5, 5, 5, 5, 5, 5], "b_turds_left": [5, 5, 5, 5, 5, 5, 5, 4, 4, 4, 4, 3, 3, 3, 3, 3, 3, 3, 3, 3, 3, 3, 3, 3, 3, 3, 3, 3, 3, 3, 3, 3, 3, 3, 3, 3, 3, 3, 3, 3, 3, 3, 3, 3, 3, 3, 3, 3, 3, 3, 3, 3, 3, 3, 3, 3, 3, 3, 3, 3, 3, 3, 3, 3, 3, 3, 3, 3, 3, 3, 3, 3, 3, 3, 3, 3, 3, 3, 3, 3], "a_time_left": [359.539109127596, 359.539109127596, 357.17177025042474, 357.17177025042474, 351.32737746089697, 351.32737746089697, 346.8251172956079, 346.8251172956079, 345.35144563019276, 345.35144563019276, 342.0718289613724, 342.0718289613724, 340.666881877929, 340.666881877929, 338.79602695815265, 338.79602695815265, 338.5587413739413, 338.5587413739413, 337.52451120503247, 337.52451120503247, 336.91707716323435, 336.91707716323435, 335.5626015793532, 335.5626015793532, 334.74019903689623, 334.74019903689623, 333.6735055372119, 333.6735055372119, 333.1336709950119, 333.1336709950119, 332.34667345508933, 332.34667345508933, 331.2774588316679, 331.2774588316679, 330.45009966380894, 330.45009966380894, 329.9282627478242, 329.9282627478242, 329.5510690398514, 329.5510690398514, 329.334920540452, 329.334920540452, 329.2684982083738, 329.2684982083738, 329.2393141258508, 329.2393141258508, 329.19383212551475, 329.19383212551475, 329.1468471251428, 329.1468471251428, 329.1152752097696, 329.1152752097696, 329.09871396049857, 329.09871396049857, 329.0686235856265, 329.0686235856265, 328.9859387110919, 328.9859387110919, 328.9438575860113, 328.9438575860113, 328.9307586699724, 328.9307586699724, 328.88857808709145, 328.88857808709145, 328.87519733794034, 328.87519733794034, 328.83315109089017, 328.83315109089017, 328.8197587579489, 328.8197587579489, 328.7777531761676, 328.7777531761676, 328.76440134085715, 328.76440134085715, 328.72225634008646, 328.72225634008646, 328.7088548000902, 328.7088548000902, 328.66686313413084, 328.66686313413084], "b_time_left": [360, 356.47901233285666, 356.47901233285666, 342.9280929174274, 342.9280929174274, 335.8950202483684, 335.8950202483684, 333.9111490789801, 333.9111490789801, 332.1032466609031, 332.1032466609031, 331.2501127421856, 331.2501127421856, 330.89787657372653, 330.89787657372653, 330.76585915498435, 330.76585915498435, 330.50732932053506, 330.50732932053506, 330.1594831123948, 330.1594831123948, 329.62394811213017, 329.62394811213017, 329.3852923195809, 329.3852923195809, 328.59799057245255, 328.59799057245255, 327.8028109483421, 327.8028109483421, 326.92899594828486, 326.92899594828486, 326.6038449089974, 326.6038449089974, 326.087379200384, 326.087379200384, 325.7880404535681, 325.7880404535681, 325.3184285350144, 325.3184285350144, 325.11813153512776, 325.11813153512776, 325.03447112068534, 325.03447112068534, 324.97490653954446, 324.97490653954446, 324.893628122285, 324.893628122285, 324.7106991633773, 324.7106991633773, 324.62185078673065, 324.62185078673065, 324.56095261871815, 324.56095261871815, 324.5345684103668, 324.5345684103668, 324.4037169087678, 324.4037169087678, 324.3699890356511, 324.3699890356511, 324.34184941090643, 324.34184941090643, 324.30592986755073, 324.30592986755073, 324.2776061594486, 324.2776061594486, 324.2417105752975, 324.2417105752975, 324.21344053186476, 324.21344053186476, 324.1777098663151, 324.1777098663151, 324.14947190880775, 324.14947190880775, 324.1136979088187, 324.1136979088187, 324.08545757457614, 324.08545757457614, 324.0498294904828, 324.0498294904828, 324.02159315533936], "a_moves_left": [39, 39, 38, 38, 37, 37, 36, 36, 35, 35, 34, 34, 33, 33, 32, 32, 31, 31, 30, 30, 29, 29, 28, 28, 27, 27, 26, 26, 25, 25, 24, 24, 23, 23, 22, 22, 21, 21, 20, 20, 19, 19, 18, 18, 17, 17, 16, 16, 15, 15, 14, 14, 13, 13, 12, 12, 11, 11, 10, 10, 9, 9, 8, 8, 7, 7, 6, 6, 5, 5, 4, 4, 3, 3, 2, 2, 1, 1, 0, 0], "b_moves_left": [40, 39, 39, 38, 38, 37, 37, 36, 36, 35, 35, 34, 34, 33, 33, 32, 32, 31, 31, 30, 30, 29, 29, 28, 28, 27, 27, 26, 26, 25, 25, 24, 24, 23, 23, 22, 22, 21, 21, 20, 20, 19, 19, 18, 18, 17, 17, 16, 16, 15, 15, 14, 14, 13, 13, 12, 12, 11, 11, 10, 10, 9, 9, 8, 8, 7, 7, 6, 6, 5, 5, 4, 4, 3, 3, 2, 2, 1, 1, 0], "trapdoor_triggered": [0, 0, 0, 0, 0, 0, 0, 0, 0, 0, 0, 0, 0, 0, 0, 0, 0, 0, 0, 0, 0, 0, 0, 0, 0, 0, 0, 0, 0, 0, 0, 0, 0, 0, 0, 0, 0, 0, 0, 0, 0, 0, 0, 0, 0, 0, 0, 0, 0, 0, 0, 0, 0, 0, 0, 0, 0, 0, 0, 0, 0, 0, 0, 0, 0, 0, 0, 0, 0, 0, 0, 0, 0, 0, 0, 0, 0, 0, 0, 0], "left_behind": ["egg", "egg", "plain", "plain", "egg", "egg", "plain", "turd", "egg", "egg", "plain", "turd", "egg", "egg", "plain", "plain", "egg", "egg", "plain", "plain", "egg", "plain", "plain", "plain", "egg", "egg", "plain", "plain", "egg", "egg", "plain", "plain", "egg", "egg", "plain", "plain", "egg", "egg", "plain", "plain", "egg", "egg", "plain", "plain", "egg", "egg", "plain", "plain", "plain", "egg", "plain", "plain", "egg", "plain", "plain", "plain", "plain", "egg", "plain", "plain", "plain", "plain", "plain", "plain", "plain", "plain", "plain", "plain", "plain", "plain", "plain", "plain", "plain", "plain", "plain", "plain", "plain", "plain", "plain", "plain"], "errlog_a": "", "errlog_b": "", "start_time": 360, "start_moves": 40, "turn_count": 80, "result": 0, "reason": "EGGS_LAID", "trapdoors": [[5, 5], [5, 2]], "spawn_a": [4, 0], "spawn_b": [4, 7]}