{"pos": [[7, 2], [1, 1], [6, 2], [2, 1], [7, 2], [2, 2], [7, 1], [3, 2], [7, 2], [1, 1], [7, 3], [1, 2], [7, 4], [1, 3], [7, 5], [2, 3], [7, 6], [3, 3], [6, 6], [3, 4], [6, 7], [3, 5], [7, 7], [4, 5], [6, 7], [5, 5], [5, 7], [5, 4], [4, 7], [4, 4], [4, 6], [0, 0], [4, 7], [1, 0], [3, 7], [2, 0], [2, 7], [3, 0], [2, 6], [4, 0], [1, 6], [5, 0], [1, 5], [6, 0], [1, 4], [7, 0], [0, 4], [6, 0], [0, 3], [6, 1], [0, 2], [5, 1], [0, 3], [5, 2], [1, 3], [5, 1], [1, 4], [4, 1], [0, 4], [4, 2], [0, 5], [4, 3], [0, 6], [5, 3], [1, 6], [6, 3], [1, 5], [6, 4], [1, 4], [7, 4], [1, 5], [6, 4], [1, 4], [6, 3], [1, 3], [6, 4], [1, 4], [6, 3], [1, 3], [6, 4]], "a_eggs_laid": [1, 1, 1, 1, 2, 2, 2, 2, 6, 6, 6, 6, 7, 7, 7, 7, 8, 8, 8, 8, 9, 9, 9, 9, 12, 12, 12, 12, 13, 13, 17, 17, 18, 18, 18, 18, 19, 19, 19, 19, 20, 20, 20, 20, 21, 21, 21, 21, 22, 22, 22, 22, 23, 23, 23, 23, 24, 24, 24, 24, 24, 24, 24, 24, 25, 25, 25, 25, 25, 25, 25, 25, 25, 25, 25, 25, 25, 25, 25, 25], "b_eggs_laid": [0, 1, 1, 1, 1, 2, 2, 2, 2, 2, 2, 2, 2, 3, 3, 3, 3, 4, 4, 4, 4, 5, 5, 5, 5, 6, 6, 6, 6, 7, 7, 7, 7, 7, 7, 8, 8, 8, 8, 9, 9, 9, 9, 10, 10, 10, 10, 13, 13, 13, 13, 14, 14, 14, 14, 15, 15, 15, 15, 16, 16, 16, 16, 17, 17, 17, 17, 18, 18, 18, 18, 19, 19, 19, 19, 19, 19, 19, 19, 19], "a_turds_left": [5, 5, 5, 5, 5, 5, 5, 5, 5, 5, 5, 5, 5, 5, 5, 5, 5, 5, 5, 5, 5, 5, 5, 5, 5, 5, 5, 5, 5, 5, 5, 5, 5, 5, 5, 5, 5, 5, 5, 5, 5, 5, 5, 5, 5, 5, 5, 5, 5, 5, 5, 5, 5, 5, 5, 5, 5, 5, 5, 5, 5, 5, 5, 5, 5, 5, 5, 5, 5, 5, 5, 5, 5, 5, 5, 5, 5, 5, 5, 5], "b_turds_left": [5, 5, 5, 5, 5, 5, 5, 4, 4, 4, 4, 4, 4, 4, 4, 4, 4, 4, 4, 3, 3, 3, 3, 2, 2, 2, 2, 1, 1, 1, 1, 1, 1, 1, 1, 1, 1, 1, 1, 1, 1, 1, 1, 1, 1, 1, 1, 1, 1, 1, 1, 1, 1, 1, 1, 1, 1, 1, 1, 1, 1, 0, 0, 0, 0, 0, 0, 0, 0, 0, 0, 0, 0, 0, 0, 0, 0, 0, 0, 0], "a_time_left": [359.23409570753574, 359.23409570753574, 357.900948792696, 357.900948792696, 357.2423677481711, 357.2423677481711, 356.3217057492584, 356.3217057492584, 355.8476797901094, 355.8476797901094, 354.9443559143692, 354.9443559143692, 354.40224208310246, 354.40224208310246, 353.42619137465954, 353.42619137465954, 352.6468019988388, 352.6468019988388, 351.89462733082473, 351.89462733082473, 351.6174707058817, 351.6174707058817, 350.32887528836727, 350.32887528836727, 350.0185459572822, 350.0185459572822, 349.53051120601594, 349.53051120601594, 349.46113424934447, 349.46113424934447, 349.3720030412078, 349.3720030412078, 349.3312639184296, 349.3312639184296, 349.2460754606873, 349.2460754606873, 349.20869221165776, 349.20869221165776, 349.1451834589243, 349.1451834589243, 349.00177391804755, 349.00177391804755, 348.72511208616197, 348.72511208616197, 348.60121133737266, 348.60121133737266, 348.46878625266254, 348.46878625266254, 348.34831450507045, 348.34831450507045, 348.2545639220625, 348.2545639220625, 348.1125597562641, 348.1125597562641, 347.8395544216037, 347.8395544216037, 347.5235592536628, 347.5235592536628, 347.0362173784524, 347.0362173784524, 346.7657509185374, 346.7657509185374, 346.67580083571374, 346.67580083571374, 346.59930312633514, 346.59930312633514, 346.5185592919588, 346.5185592919588, 346.43338174931705, 346.43338174931705, 346.32769799791276, 346.32769799791276, 346.222577245906, 346.222577245906, 346.1128277052194, 346.1128277052194, 346.0479724537581, 346.0479724537581, 345.93896187096834, 345.93896187096834], "b_time_left": [360, 359.80262533575296, 359.80262533575296, 358.84842471033335, 358.84842471033335, 357.3195488359779, 357.3195488359779, 355.766867460683, 355.766867460683, 355.35462362505496, 355.35462362505496, 354.55587966553867, 354.55587966553867, 353.7762784138322, 353.7762784138322, 352.4598944969475, 352.4598944969475, 350.3291473723948, 350.3291473723948, 347.51177549920976, 347.51177549920976, 346.1961840800941, 346.1961840800941, 345.7704800795764, 345.7704800795764, 345.0173317492008, 345.0173317492008, 344.4319947883487, 344.4319947883487, 343.9151337053627, 343.9151337053627, 343.8389249127358, 343.8389249127358, 343.7830962892622, 343.7830962892622, 343.74951095692813, 343.74951095692813, 343.6438505835831, 343.6438505835831, 343.58316924981773, 343.58316924981773, 343.4716756269336, 343.4716756269336, 343.35010295920074, 343.35010295920074, 343.1910596694797, 343.1910596694797, 343.1465708333999, 343.1465708333999, 343.0820147097111, 343.0820147097111, 343.0319988336414, 343.0319988336414, 342.8392374590039, 342.8392374590039, 342.6275806259364, 342.6275806259364, 342.2898568343371, 342.2898568343371, 342.0750922933221, 342.0750922933221, 341.8315334599465, 341.8315334599465, 341.7624422106892, 341.7624422106892, 341.69250196032226, 341.69250196032226, 341.6545696295798, 341.6545696295798, 341.5236444622278, 341.5236444622278, 341.47485104575753, 341.47485104575753, 341.3669661693275, 341.3669661693275, 341.31841758452356, 341.31841758452356, 341.2102165427059, 341.2102165427059, 341.1616133339703], "a_moves_left": [39, 39, 38, 38, 37, 37, 36, 36, 35, 35, 34, 34, 33, 33, 32, 32, 31, 31, 30, 30, 29, 29, 28, 28, 27, 27, 26, 26, 25, 25, 24, 24, 23, 23, 22, 22, 21, 21, 20, 20, 19, 19, 18, 18, 17, 17, 16, 16, 15, 15, 14, 14, 13, 13, 12, 12, 11, 11, 10, 10, 9, 9, 8, 8, 7, 7, 6, 6, 5, 5, 4, 4, 3, 3, 2, 2, 1, 1, 0, 0], "b_moves_left": [40, 39, 39, 38, 38, 37, 37, 36, 36, 35, 35, 34, 34, 33, 33, 32, 32, 31, 31, 30, 30, 29, 29, 28, 28, 27, 27, 26, 26, 25, 25, 24, 24, 23, 23, 22, 22, 21, 21, 20, 20, 19, 19, 18, 18, 17, 17, 16, 16, 15, 15, 14, 14, 13, 13, 12, 12, 11, 11, 10, 10, 9, 9, 8, 8, 7, 7, 6, 6, 5, 5, 4, 4, 3, 3, 2, 2, 1, 1, 0], "trapdoor_triggered": [0, 0, 0, 0, 0, 0, 0, 1, 0, 0, 0, 0, 0, 0, 0, 0, 0, 0, 0, 0, 0, 0, 0, 0, 0, 0, 0, 0, 0, 1, 0, 0, 0, 0, 0, 0, 0, 0, 0, 0, 0, 0, 0, 0, 0, 0, 0, 0, 0, 0, 0, 0, 0, 0, 0, 0, 0, 0, 0, 0, 0, 0, 0, 0, 0, 0, 0, 0, 0, 0, 0, 0, 0, 0, 0, 0, 0, 0, 0, 0], "left_behind": ["egg", "egg", "plain", "plain", "egg", "egg", "plain", "turd", "plain", "plain", "plain", "plain", "egg", "egg", "plain", "plain", "egg", "egg", "plain", "turd", "egg", "egg", "plain", "turd", "egg", "egg", "plain", "turd", "egg", "egg", "plain", "plain", "egg", "plain", "plain", "egg", "egg", "plain", "plain", "egg", "egg", "plain", "plain", "egg", "egg", "plain", "plain", "egg", "egg", "plain", "plain", "egg", "egg", "plain", "plain", "egg", "egg", "plain", "plain", "egg", "plain", "turd", "plain", "egg", "egg", "plain", "plain", "egg", "plain", "plain", "plain", "egg", "plain", "plain", "plain", "plain", "plain", "plain", "plain", "plain"], "errlog_a": "", "errlog_b": "", "start_time": 360, "start_moves": 40, "turn_count": 80, "result": 0, "reason": "EGGS_LAID", "trapdoors": [[4, 4], [3, 2]], "spawn_a": [7, 1], "spawn_b": [0, 1]}