{"pos": [[0, 5], [6, 6], [1, 5], [5, 6], [1, 4], [5, 5], [1, 3], [4, 5], [2, 3], [4, 4], [3, 3], [4, 3], [2, 3], [4, 2], [2, 2], [3, 2], [1, 2], [4, 2], [1, 1], [5, 2], [1, 2], [6, 2], [0, 2], [6, 3], [0, 3], [6, 2], [0, 4], [6, 1], [0, 5], [6, 0], [0, 6], [5, 0], [1, 6], [4, 0], [2, 6], [3, 0], [3, 6], [2, 0], [3, 5], [1, 0], [3, 6], [2, 0], [4, 6], [2, 1], [3, 6], [2, 0], [3, 7], [1, 0], [4, 7], [0, 0], [5, 7], [1, 0], [6, 7], [0, 0], [6, 6], [1, 0], [6, 7], [0, 0], [6, 6], [1, 0], [6, 7], [0, 0], [6, 6], [1, 0], [6, 7], [0, 0], [6, 6], [1, 0], [6, 7], [0, 0], [6, 6], [1, 0], [6, 7], [0, 0], [6, 6], [1, 0], [6, 7], [0, 0], [6, 6], [1, 0]], "a_eggs_laid": [1, 1, 1, 1, 2, 2, 2, 2, 3, 3, 3, 3, 4, 4, 4, 4, 5, 5, 5, 5, 6, 6, 6, 6, 7, 7, 7, 7, 8, 8, 8, 8, 8, 8, 8, 8, 9, 9, 9, 9, 10, 10, 10, 10, 11, 11, 11, 11, 12, 12, 12, 12, 13, 13, 13, 13, 14, 14, 14, 14, 14, 14, 14, 14, 14, 14, 14, 14, 14, 14, 14, 14, 14, 14, 14, 14, 14, 14, 14, 14], "b_eggs_laid": [0, 1, 1, 1, 1, 2, 2, 2, 2, 3, 3, 3, 3, 4, 4, 4, 4, 5, 5, 5, 5, 6, 6, 6, 6, 7, 7, 7, 7, 8, 8, 8, 8, 9, 9, 9, 9, 10, 10, 10, 10, 11, 11, 11, 11, 12, 12, 12, 12, 12, 12, 12, 12, 12, 12, 12, 12, 12, 12, 12, 12, 12, 12, 12, 12, 12, 12, 12, 12, 12, 12, 12, 12, 12, 12, 12, 12, 12, 12, 12], "a_turds_left": [5, 5, 5, 5, 5, 5, 5, 5, 5, 5, 5, 5, 5, 5, 5, 5, 5, 5, 5, 5, 5, 5, 5, 5, 5, 5, 5, 5, 5, 5, 5, 5, 5, 5, 5, 5, 5, 5, 5, 5, 5, 5, 5, 5, 5, 5, 5, 5, 5, 5, 5, 5, 5, 5, 5, 5, 5, 5, 5, 5, 5, 5, 5, 5, 5, 5, 5, 5, 5, 5, 5, 5, 5, 5, 5, 5, 5, 5, 5, 5], "b_turds_left": [5, 5, 5, 5, 5, 5, 5, 4, 4, 4, 4, 3, 3, 3, 3, 2, 2, 2, 2, 2, 2, 2, 2, 2, 2, 2, 2, 2, 2, 2, 2, 2, 2, 2, 2, 2, 2, 2, 2, 2, 2, 2, 2, 2, 2, 2, 2, 2, 2, 2, 2, 2, 2, 2, 2, 2, 2, 2, 2, 2, 2, 2, 2, 2, 2, 2, 2, 2, 2, 2, 2, 2, 2, 2, 2, 2, 2, 2, 2, 2], "a_time_left": [358.4463626649231, 358.4463626649231, 354.7450157497078, 354.7450157497078, 350.2808657512069, 350.2808657512069, 342.33961346000433, 342.33961346000433, 336.91271812841296, 336.91271812841296, 328.4374753367156, 328.4374753367156, 326.4747077524662, 326.4747077524662, 322.482456125319, 322.482456125319, 321.6820355821401, 321.6820355821401, 320.860883789137, 320.860883789137, 319.9229328315705, 319.9229328315705, 319.57504999637604, 319.57504999637604, 319.32200057804585, 319.32200057804585, 318.99760557711124, 318.99760557711124, 318.3350998274982, 318.3350998274982, 318.1319862008095, 318.1319862008095, 317.77952623926103, 317.77952623926103, 317.3155719898641, 317.3155719898641, 317.0397062394768, 317.0397062394768, 316.8713564053178, 316.8713564053178, 316.7989564053714, 316.7989564053714, 316.6474871132523, 316.6474871132523, 316.5235754456371, 316.5235754456371, 316.40344994701445, 316.40344994701445, 316.3359498642385, 316.3359498642385, 316.3175985328853, 316.3175985328853, 316.3067179508507, 316.3067179508507, 316.29885074310005, 316.29885074310005, 316.2880769111216, 316.2880769111216, 316.2810161188245, 316.2810161188245, 316.2721561193466, 316.2721561193466, 316.2653122842312, 316.2653122842312, 316.25661357678473, 316.25661357678473, 316.24956482462585, 316.24956482462585, 316.2407385762781, 316.2407385762781, 316.2338782865554, 316.2338782865554, 316.2249914519489, 316.2249914519489, 316.2179369907826, 316.2179369907826, 316.20910794846714, 316.20910794846714, 316.20226115733385, 316.20226115733385], "b_time_left": [360, 359.8044595848769, 359.8044595848769, 358.85995545983315, 358.85995545983315, 355.3699720427394, 355.3699720427394, 352.21792721003294, 352.21792721003294, 345.87382933683693, 345.87382933683693, 342.75672979466617, 342.75672979466617, 340.7850468363613, 340.7850468363613, 339.59001317061484, 339.59001317061484, 339.00751517154276, 339.00751517154276, 338.6277544219047, 338.6277544219047, 337.3228952139616, 337.3228952139616, 336.77288663201034, 336.77288663201034, 336.0521954651922, 336.0521954651922, 335.4682452548295, 335.4682452548295, 335.1102195903659, 335.1102195903659, 334.9900000486523, 334.9900000486523, 334.75565829873085, 334.75565829873085, 334.57880354858935, 334.57880354858935, 334.4666213002056, 334.4666213002056, 334.3607917595655, 334.3607917595655, 334.3043957594782, 334.3043957594782, 334.2452104277909, 334.2452104277909, 334.1699458453804, 334.1699458453804, 334.09509955346584, 334.09509955346584, 334.05943584628403, 334.05943584628403, 334.04694167897105, 334.04694167897105, 334.02424967847764, 334.02424967847764, 334.0106785111129, 334.0106785111129, 333.99101563729346, 333.99101563729346, 333.9774739295244, 333.9774739295244, 333.9575455971062, 333.9575455971062, 333.9071059729904, 333.9071059729904, 333.8871231395751, 333.8871231395751, 333.873596932739, 333.873596932739, 333.85394459962845, 333.85394459962845, 333.8403571806848, 333.8403571806848, 333.82049768045545, 333.82049768045545, 333.80690755695105, 333.80690755695105, 333.78724572621286, 333.78724572621286, 333.77368285134435], "a_moves_left": [39, 39, 38, 38, 37, 37, 36, 36, 35, 35, 34, 34, 33, 33, 32, 32, 31, 31, 30, 30, 29, 29, 28, 28, 27, 27, 26, 26, 25, 25, 24, 24, 23, 23, 22, 22, 21, 21, 20, 20, 19, 19, 18, 18, 17, 17, 16, 16, 15, 15, 14, 14, 13, 13, 12, 12, 11, 11, 10, 10, 9, 9, 8, 8, 7, 7, 6, 6, 5, 5, 4, 4, 3, 3, 2, 2, 1, 1, 0, 0], "b_moves_left": [40, 39, 39, 38, 38, 37, 37, 36, 36, 35, 35, 34, 34, 33, 33, 32, 32, 31, 31, 30, 30, 29, 29, 28, 28, 27, 27, 26, 26, 25, 25, 24, 24, 23, 23, 22, 22, 21, 21, 20, 20, 19, 19, 18, 18, 17, 17, 16, 16, 15, 15, 14, 14, 13, 13, 12, 12, 11, 11, 10, 10, 9, 9, 8, 8, 7, 7, 6, 6, 5, 5, 4, 4, 3, 3, 2, 2, 1, 1, 0], "trapdoor_triggered": [0, 0, 0, 0, 0, 0, 0, 0, 0, 0, 0, 0, 0, 0, 0, 0, 0, 0, 0, 0, 0, 0, 0, 0, 0, 0, 0, 0, 0, 0, 0, 0, 0, 0, 0, 0, 0, 0, 0, 0, 0, 0, 0, 0, 0, 0, 0, 0, 0, 0, 0, 0, 0, 0, 0, 0, 0, 0, 0, 0, 0, 0, 0, 0, 0, 0, 0, 0, 0, 0, 0, 0, 0, 0, 0, 0, 0, 0, 0, 0], "left_behind": ["egg", "egg", "plain", "plain", "egg", "egg", "plain", "turd", "egg", "egg", "plain", "turd", "egg", "egg", "plain", "turd", "egg", "egg", "plain", "plain", "egg", "egg", "plain", "plain", "egg", "egg", "plain", "plain", "egg", "egg", "plain", "plain", "plain", "egg", "plain", "plain", "egg", "egg", "plain", "plain", "egg", "egg", "plain", "plain", "egg", "egg", "plain", "plain", "egg", "plain", "plain", "plain", "egg", "plain", "plain", "plain", "egg", "plain", "plain", "plain", "plain", "plain", "plain", "plain", "plain", "plain", "plain", "plain", "plain", "plain", "plain", "plain", "plain", "plain", "plain", "plain", "plain", "plain", "plain", "plain"], "errlog_a": "", "errlog_b": "", "start_time": 360, "start_moves": 40, "turn_count": 80, "result": 0, "reason": "EGGS_LAID", "trapdoors": [[2, 4], [2, 5]], "spawn_a": [0, 6], "spawn_b": [7, 6]}