{"pos": [[6, 1], [5, 7], [6, 2], [5, 6], [6, 3], [5, 5], [5, 3], [4, 5], [4, 3], [3, 5], [6, 1], [5, 7], [5, 1], [4, 7], [5, 2], [3, 7], [4, 2], [2, 7], [3, 2], [2, 6], [3, 3], [2, 5], [2, 3], [2, 4], [1, 3], [3, 4], [0, 3], [4, 4], [0, 4], [5, 4], [0, 3], [5, 5], [0, 2], [6, 5], [0, 1], [6, 6], [0, 0], [5, 6], [1, 0], [4, 6], [1, 1], [3, 6], [1, 2], [2, 6], [2, 2], [1, 6], [3, 2], [1, 5], [3, 1], [1, 4], [4, 1], [1, 5], [4, 0], [0, 5], [3, 0], [1, 5], [4, 0], [0, 5], [3, 0], [1, 5], [4, 0], [0, 5], [3, 0], [1, 5], [4, 0], [0, 5], [3, 0], [1, 5], [4, 0], [0, 5], [3, 0], [1, 5], [4, 0], [0, 5], [3, 0], [1, 5], [4, 0], [0, 5], [3, 0], [1, 5]], "a_eggs_laid": [1, 1, 1, 1, 2, 2, 2, 2, 3, 3, 7, 7, 7, 7, 8, 8, 8, 8, 9, 9, 9, 9, 10, 10, 10, 10, 11, 11, 11, 11, 12, 12, 12, 12, 13, 13, 13, 13, 16, 16, 16, 16, 17, 17, 17, 17, 18, 18, 18, 18, 19, 19, 19, 19, 20, 20, 20, 20, 20, 20, 20, 20, 20, 20, 20, 20, 20, 20, 20, 20, 20, 20, 20, 20, 20, 20, 20, 20, 20, 20], "b_eggs_laid": [0, 1, 1, 1, 1, 2, 2, 2, 2, 7, 7, 7, 7, 7, 7, 8, 8, 8, 8, 9, 9, 9, 9, 10, 10, 10, 10, 11, 11, 11, 11, 12, 12, 12, 12, 13, 13, 13, 13, 13, 13, 13, 13, 14, 14, 14, 14, 15, 15, 15, 15, 16, 16, 16, 16, 17, 17, 17, 17, 17, 17, 17, 17, 17, 17, 17, 17, 17, 17, 17, 17, 17, 17, 17, 17, 17, 17, 17, 17, 17], "a_turds_left": [5, 5, 5, 5, 5, 5, 4, 4, 4, 4, 4, 4, 4, 4, 4, 4, 4, 4, 4, 4, 3, 3, 3, 3, 3, 3, 3, 3, 3, 3, 3, 3, 3, 3, 3, 3, 3, 3, 3, 3, 3, 3, 3, 3, 3, 3, 3, 3, 3, 3, 3, 3, 3, 3, 3, 3, 3, 3, 3, 3, 3, 3, 3, 3, 3, 3, 3, 3, 3, 3, 3, 3, 3, 3, 3, 3, 3, 3, 3, 3], "b_turds_left": [5, 5, 5, 5, 5, 5, 5, 4, 4, 4, 4, 4, 4, 4, 4, 4, 4, 4, 4, 4, 4, 4, 4, 4, 4, 3, 3, 3, 3, 2, 2, 2, 2, 2, 2, 2, 2, 2, 2, 2, 2, 2, 2, 2, 2, 2, 2, 2, 2, 2, 2, 2, 2, 2, 2, 2, 2, 2, 2, 2, 2, 2, 2, 2, 2, 2, 2, 2, 2, 2, 2, 2, 2, 2, 2, 2, 2, 2, 2, 2], "a_time_left": [359.5035312101245, 359.5035312101245, 357.8361700437963, 357.8361700437963, 352.6881835833192, 352.6881835833192, 344.39806270971894, 344.39806270971894, 339.5498000867665, 339.5498000867665, 339.25831208750606, 339.25831208750606, 338.3017319627106, 338.3017319627106, 336.9241627957672, 336.9241627957672, 335.78725158795714, 335.78725158795714, 334.87833500280976, 334.87833500280976, 332.807800129056, 332.807800129056, 331.2273427117616, 331.2273427117616, 330.3924095425755, 330.3924095425755, 330.24356312677264, 330.24356312677264, 330.1095717102289, 330.1095717102289, 330.0723794195801, 330.0723794195801, 329.96554662659764, 329.96554662659764, 329.8310825433582, 329.8310825433582, 329.61770945973694, 329.61770945973694, 329.387824293226, 329.387824293226, 329.01155750080943, 329.01155750080943, 328.2440614197403, 328.2440614197403, 327.96740500442684, 327.96740500442684, 327.6953569203615, 327.6953569203615, 327.4435249622911, 327.4435249622911, 327.1601897124201, 327.1601897124201, 326.64707475341856, 326.64707475341856, 326.47690771333873, 326.47690771333873, 326.20310608670115, 326.20310608670115, 326.03270716778934, 326.03270716778934, 325.75924466736615, 325.75924466736615, 325.58897016756237, 325.58897016756237, 325.3150885403156, 325.3150885403156, 325.1449245419353, 325.1449245419353, 324.8702735416591, 324.8702735416591, 324.69276950135827, 324.69276950135827, 324.418011456728, 324.418011456728, 324.2472705822438, 324.2472705822438, 323.9732475411147, 323.9732475411147, 323.79626254178584, 323.79626254178584], "b_time_left": [360, 358.8878752924502, 358.8878752924502, 356.9941297918558, 356.9941297918558, 352.8965969569981, 352.8965969569981, 350.111897457391, 350.111897457391, 348.0206942074001, 348.0206942074001, 347.8623824995011, 347.8623824995011, 347.55381141602993, 347.55381141602993, 347.25548779033124, 347.25548779033124, 346.6821109969169, 346.6821109969169, 345.17440399713814, 345.17440399713814, 343.82893253676593, 343.82893253676593, 343.12966866232455, 343.12966866232455, 342.5748284123838, 342.5748284123838, 342.2440265789628, 342.2440265789628, 342.0746379978955, 342.0746379978955, 341.9683522898704, 341.9683522898704, 341.78678579069674, 341.78678579069674, 341.67879912629724, 341.67879912629724, 341.56289804168046, 341.56289804168046, 341.35921616852283, 341.35921616852283, 341.0831925012171, 341.0831925012171, 340.95655608549714, 340.95655608549714, 340.4710735436529, 340.4710735436529, 340.1814154163003, 340.1814154163003, 339.7905831243843, 339.7905831243843, 339.7005295846611, 339.7005295846611, 339.50963946059346, 339.50963946059346, 339.4202147088945, 339.4202147088945, 339.2296639569104, 339.2296639569104, 339.139954039827, 339.139954039827, 338.94801841303706, 338.94801841303706, 338.8582346215844, 338.8582346215844, 338.6678282879293, 338.6678282879293, 338.57702291198075, 338.57702291198075, 338.38501195423305, 338.38501195423305, 338.2943507861346, 338.2943507861346, 338.10382486879826, 338.10382486879826, 338.01381820067763, 338.01381820067763, 337.82378582656384, 337.82378582656384, 337.7337457872927], "a_moves_left": [39, 39, 38, 38, 37, 37, 36, 36, 35, 35, 34, 34, 33, 33, 32, 32, 31, 31, 30, 30, 29, 29, 28, 28, 27, 27, 26, 26, 25, 25, 24, 24, 23, 23, 22, 22, 21, 21, 20, 20, 19, 19, 18, 18, 17, 17, 16, 16, 15, 15, 14, 14, 13, 13, 12, 12, 11, 11, 10, 10, 9, 9, 8, 8, 7, 7, 6, 6, 5, 5, 4, 4, 3, 3, 2, 2, 1, 1, 0, 0], "b_moves_left": [40, 39, 39, 38, 38, 37, 37, 36, 36, 35, 35, 34, 34, 33, 33, 32, 32, 31, 31, 30, 30, 29, 29, 28, 28, 27, 27, 26, 26, 25, 25, 24, 24, 23, 23, 22, 22, 21, 21, 20, 20, 19, 19, 18, 18, 17, 17, 16, 16, 15, 15, 14, 14, 13, 13, 12, 12, 11, 11, 10, 10, 9, 9, 8, 8, 7, 7, 6, 6, 5, 5, 4, 4, 3, 3, 2, 2, 1, 1, 0], "trapdoor_triggered": [0, 0, 0, 0, 0, 0, 0, 0, 1, 1, 0, 0, 0, 0, 0, 0, 0, 0, 0, 0, 0, 0, 0, 0, 0, 0, 0, 0, 0, 0, 0, 0, 0, 0, 0, 0, 0, 0, 0, 0, 0, 0, 0, 0, 0, 0, 0, 0, 0, 0, 0, 0, 0, 0, 0, 0, 0, 0, 0, 0, 0, 0, 0, 0, 0, 0, 0, 0, 0, 0, 0, 0, 0, 0, 0, 0, 0, 0, 0, 0], "left_behind": ["egg", "egg", "plain", "plain", "egg", "egg", "turd", "turd", "egg", "egg", "plain", "plain", "plain", "plain", "egg", "egg", "plain", "plain", "egg", "egg", "turd", "plain", "egg", "egg", "plain", "turd", "egg", "egg", "plain", "turd", "egg", "egg", "plain", "plain", "egg", "egg", "plain", "plain", "egg", "plain", "plain", "plain", "egg", "egg", "plain", "plain", "egg", "egg", "plain", "plain", "egg", "egg", "plain", "plain", "egg", "egg", "plain", "plain", "plain", "plain", "plain", "plain", "plain", "plain", "plain", "plain", "plain", "plain", "plain", "plain", "plain", "plain", "plain", "plain", "plain", "plain", "plain", "plain", "plain", "plain"], "errlog_a": "", "errlog_b": "", "start_time": 360, "start_moves": 40, "turn_count": 80, "result": 0, "reason": "EGGS_LAID", "trapdoors": [[3, 5], [4, 3]], "spawn_a": [6, 0], "spawn_b": [6, 7]}