{"pos": [[0, 5], [6, 6], [1, 5], [5, 6], [1, 4], [5, 5], [2, 4], [7, 5], [3, 4], [6, 5], [4, 4], [6, 4], [5, 4], [7, 4], [6, 4], [7, 5], [6, 3], [7, 6], [6, 2], [6, 6], [5, 2], [5, 6], [5, 1], [4, 6], [5, 2], [3, 6], [4, 2], [3, 7], [4, 3], [2, 7], [5, 3], [1, 7], [4, 3], [2, 7], [3, 3], [1, 7], [3, 4], [2, 7], [3, 5], [3, 7], [2, 5], [4, 7], [2, 6], [5, 7], [1, 6], [6, 7], [1, 7], [5, 7], [1, 6], [4, 7], [1, 5], [3, 7], [1, 4], [2, 7], [1, 3], [3, 7], [1, 2], [2, 7], [1, 1], [3, 7], [1, 0], [2, 7], [2, 0], [3, 7], [3, 0], [2, 7], [4, 0], [3, 7], [5, 0], [2, 7], [6, 0], [3, 7], [7, 0], [3, 6], [7, 1], [3, 7], [7, 2], [2, 7], [7, 1], [3, 7]], "a_eggs_laid": [1, 1, 1, 1, 2, 2, 6, 6, 7, 7, 7, 7, 8, 8, 8, 8, 9, 9, 9, 9, 10, 10, 10, 10, 11, 11, 11, 11, 12, 12, 12, 12, 13, 13, 13, 13, 14, 14, 14, 14, 15, 15, 15, 15, 16, 16, 16, 16, 17, 17, 17, 17, 17, 17, 17, 17, 18, 18, 18, 18, 19, 19, 19, 19, 20, 20, 20, 20, 21, 21, 21, 21, 22, 22, 22, 22, 23, 23, 23, 23], "b_eggs_laid": [0, 1, 1, 1, 1, 2, 2, 2, 2, 2, 2, 3, 3, 3, 3, 4, 4, 4, 4, 4, 4, 4, 4, 4, 4, 4, 4, 5, 5, 5, 5, 6, 6, 6, 6, 6, 6, 6, 6, 6, 6, 6, 6, 7, 7, 7, 7, 8, 8, 8, 8, 8, 8, 8, 8, 8, 8, 8, 8, 8, 8, 8, 8, 8, 8, 8, 8, 8, 8, 8, 8, 8, 8, 8, 8, 8, 8, 8, 8, 8], "a_turds_left": [5, 5, 5, 5, 5, 5, 5, 5, 5, 5, 5, 5, 5, 5, 5, 5, 5, 5, 5, 5, 5, 5, 5, 5, 5, 5, 5, 5, 5, 5, 5, 5, 5, 5, 5, 5, 5, 5, 5, 5, 5, 5, 5, 5, 5, 5, 5, 5, 5, 5, 5, 5, 5, 5, 5, 5, 5, 5, 5, 5, 5, 5, 5, 5, 5, 5, 5, 5, 5, 5, 5, 5, 5, 5, 5, 5, 5, 5, 5, 5], "b_turds_left": [5, 5, 5, 5, 5, 5, 5, 5, 5, 5, 5, 5, 5, 5, 5, 5, 5, 5, 5, 5, 5, 5, 5, 5, 5, 5, 5, 5, 5, 5, 5, 5, 5, 5, 5, 5, 5, 5, 5, 5, 5, 5, 5, 5, 5, 5, 5, 5, 5, 5, 5, 5, 5, 5, 5, 5, 5, 5, 5, 5, 5, 5, 5, 5, 5, 5, 5, 5, 5, 5, 5, 5, 5, 5, 5, 5, 5, 5, 5, 5], "a_time_left": [358.5741957090795, 358.5741957090795, 355.8150422088802, 355.8150422088802, 352.4593975841999, 352.4593975841999, 350.39616666920483, 350.39616666920483, 348.0738461278379, 348.0738461278379, 345.0195076279342, 345.0195076279342, 344.4662598371506, 344.4662598371506, 344.17317096330225, 344.17317096330225, 343.5735017955303, 343.5735017955303, 341.8730806298554, 341.8730806298554, 338.22764983959496, 338.22764983959496, 333.70109350420535, 333.70109350420535, 332.3317317124456, 332.3317317124456, 330.58457750454545, 330.58457750454545, 328.92288288101554, 328.92288288101554, 328.1742212176323, 328.1742212176323, 327.6063150912523, 327.6063150912523, 326.80236563272774, 326.80236563272774, 326.1905837561935, 326.1905837561935, 325.8693959210068, 325.8693959210068, 325.60581929422915, 325.60581929422915, 325.2236223779619, 325.2236223779619, 325.0211902949959, 325.0211902949959, 324.9337008353323, 324.9337008353323, 324.8512928355485, 324.8512928355485, 324.7350302115083, 324.7350302115083, 324.62041883543134, 324.62041883543134, 324.3698352519423, 324.3698352519423, 324.0495717525482, 324.0495717525482, 323.7221580017358, 323.7221580017358, 323.4656418375671, 323.4656418375671, 323.4122410863638, 323.4122410863638, 323.3285950422287, 323.3285950422287, 323.2378531675786, 323.2378531675786, 323.15943100117147, 323.15943100117147, 323.1076259166002, 323.1076259166002, 323.062673708424, 323.062673708424, 323.0242326259613, 323.0242326259613, 322.9719209577888, 322.9719209577888, 322.93330316618085, 322.93330316618085], "b_time_left": [360, 359.8028924167156, 359.8028924167156, 358.8421066235751, 358.8421066235751, 355.29193378798664, 355.29193378798664, 352.9459966607392, 352.9459966607392, 349.8492656610906, 349.8492656610906, 347.26752487011254, 347.26752487011254, 346.3855544961989, 346.3855544961989, 345.934319620952, 345.934319620952, 345.070832952857, 345.070832952857, 344.63218016177416, 344.63218016177416, 343.71117824316025, 343.71117824316025, 343.4345650766045, 343.4345650766045, 342.3194874115288, 342.3194874115288, 341.00875995121896, 341.00875995121896, 340.52821899205446, 340.52821899205446, 340.2089629508555, 340.2089629508555, 340.01418524235487, 340.01418524235487, 339.52324057742953, 339.52324057742953, 339.2806682046503, 339.2806682046503, 339.004193039611, 339.004193039611, 338.79674878902733, 338.79674878902733, 338.69868504069746, 338.69868504069746, 338.5591508746147, 338.5591508746147, 338.38564728945494, 338.38564728945494, 338.0463984962553, 338.0463984962553, 337.7388313729316, 337.7388313729316, 337.41815258190036, 337.41815258190036, 337.25996399857104, 337.25996399857104, 336.99804129078984, 336.99804129078984, 336.9121837504208, 336.9121837504208, 336.84602474980056, 336.84602474980056, 336.78028404153883, 336.78028404153883, 336.5684660412371, 336.5684660412371, 336.530593207106, 336.530593207106, 336.4514065384865, 336.4514065384865, 336.4188771210611, 336.4188771210611, 336.3550976216793, 336.3550976216793, 336.2988817449659, 336.2988817449659, 336.1944402437657, 336.1944402437657, 336.1722300350666], "a_moves_left": [39, 39, 38, 38, 37, 37, 36, 36, 35, 35, 34, 34, 33, 33, 32, 32, 31, 31, 30, 30, 29, 29, 28, 28, 27, 27, 26, 26, 25, 25, 24, 24, 23, 23, 22, 22, 21, 21, 20, 20, 19, 19, 18, 18, 17, 17, 16, 16, 15, 15, 14, 14, 13, 13, 12, 12, 11, 11, 10, 10, 9, 9, 8, 8, 7, 7, 6, 6, 5, 5, 4, 4, 3, 3, 2, 2, 1, 1, 0, 0], "b_moves_left": [40, 39, 39, 38, 38, 37, 37, 36, 36, 35, 35, 34, 34, 33, 33, 32, 32, 31, 31, 30, 30, 29, 29, 28, 28, 27, 27, 26, 26, 25, 25, 24, 24, 23, 23, 22, 22, 21, 21, 20, 20, 19, 19, 18, 18, 17, 17, 16, 16, 15, 15, 14, 14, 13, 13, 12, 12, 11, 11, 10, 10, 9, 9, 8, 8, 7, 7, 6, 6, 5, 5, 4, 4, 3, 3, 2, 2, 1, 1, 0], "trapdoor_triggered": [0, 0, 0, 0, 0, 1, 0, 0, 0, 0, 0, 0, 0, 0, 0, 0, 0, 0, 0, 0, 0, 0, 0, 0, 0, 0, 0, 0, 0, 0, 0, 0, 0, 0, 0, 0, 0, 0, 0, 0, 0, 0, 0, 0, 0, 0, 0, 0, 0, 0, 0, 0, 0, 0, 0, 0, 0, 0, 0, 0, 0, 0, 0, 0, 0, 0, 0, 0, 0, 0, 0, 0, 0, 0, 0, 0, 0, 0, 0, 0], "left_behind": ["egg", "egg", "plain", "plain", "egg", "egg", "plain", "plain", "egg", "plain", "plain", "egg", "egg", "plain", "plain", "egg", "egg", "plain", "plain", "plain", "egg", "plain", "plain", "plain", "egg", "plain", "plain", "egg", "egg", "plain", "plain", "egg", "egg", "plain", "plain", "plain", "egg", "plain", "plain", "plain", "egg", "plain", "plain", "egg", "egg", "plain", "plain", "egg", "egg", "plain", "plain", "plain", "plain", "plain", "plain", "plain", "egg", "plain", "plain", "plain", "egg", "plain", "plain", "plain", "egg", "plain", "plain", "plain", "egg", "plain", "plain", "plain", "egg", "plain", "plain", "plain", "egg", "plain", "plain", "plain"], "errlog_a": "", "errlog_b": "", "start_time": 360, "start_moves": 40, "turn_count": 80, "result": 0, "reason": "EGGS_LAID", "trapdoors": [[5, 5], [4, 5]], "spawn_a": [0, 6], "spawn_b": [7, 6]}