{"pos": [[6, 3], [1, 3], [6, 4], [1, 2], [5, 4], [2, 2], [4, 4], [3, 2], [4, 3], [4, 2], [3, 3], [5, 2], [3, 4], [5, 1], [2, 4], [5, 0], [7, 2], [6, 0], [6, 2], [7, 0], [6, 1], [6, 0], [5, 1], [5, 0]], "a_eggs_laid": [1, 1, 1, 1, 2, 2, 2, 2, 2, 2, 2, 2, 3, 3, 3, 3, 3, 3, 3, 3, 3, 3, 3, 3], "b_eggs_laid": [0, 1, 1, 1, 1, 2, 2, 2, 2, 3, 3, 3, 3, 4, 4, 8, 8, 9, 9, 9, 9, 12, 12, 14], "a_turds_left": [5, 5, 5, 5, 5, 5, 5, 5, 4, 4, 4, 4, 4, 4, 4, 4, 4, 4, 4, 4, 3, 3, 3, 3], "b_turds_left": [5, 5, 5, 5, 5, 5, 5, 4, 4, 4, 4, 3, 3, 3, 3, 3, 3, 3, 3, 3, 3, 3, 3, 2], "a_time_left": [356.12644791789353, 356.12644791789353, 335.702476169914, 335.702476169914, 321.7445358354598, 321.7445358354598, 302.69324162602425, 302.69324162602425, 297.9520484600216, 297.9520484600216, 297.5212711263448, 297.5212711263448, 297.13030379265547, 297.13030379265547, 295.58582979254425, 295.58582979254425, 295.30603621155024, 295.30603621155024, 295.18847537972033, 295.18847537972033, 295.02578100562096, 295.02578100562096, 294.9726421702653, 294.9726421702653], "b_time_left": [360, 359.367463292554, 359.367463292554, 358.3789656255394, 358.3789656255394, 357.8562261685729, 357.8562261685729, 357.14550508372486, 357.14550508372486, 356.77481195889413, 356.77481195889413, 356.22593500092626, 356.22593500092626, 355.47067791968584, 355.47067791968584, 355.0967427548021, 355.0967427548021, 354.9017959199846, 354.9017959199846, 354.66128404438496, 354.66128404438496, 354.6196969207376, 354.6196969207376, 354.61293829604983], "a_moves_left": [39, 39, 38, 38, 37, 37, 36, 36, 35, 35, 34, 34, 33, 33, 32, 32, 31, 31, 30, 30, 29, 29, 28, 28], "b_moves_left": [40, 39, 39, 38, 38, 37, 37, 36, 36, 35, 35, 34, 34, 33, 33, 32, 32, 31, 31, 30, 30, 29, 29, 28], "trapdoor_triggered": [0, 0, 0, 0, 0, 0, 0, 0, 0, 0, 0, 0, 0, 0, 1, 0, 0, 0, 0, 0, 0, 0, 0, 0], "left_behind": ["egg", "egg", "plain", "plain", "egg", "egg", "plain", "turd", "turd", "egg", "plain", "turd", "egg", "egg", "plain", "plain", "plain", "egg", "plain", "plain", "turd", "egg", "plain", "turd"], "errlog_a": "", "errlog_b": "", "start_time": 360, "start_moves": 40, "turn_count": 24, "result": 1, "reason": "BLOCKING_END", "trapdoors": [[2, 4], [2, 3]], "spawn_a": [7, 3], "spawn_b": [0, 3]}