{"pos": [[1, 6], [2, 0], [1, 5], [2, 1], [1, 4], [2, 2], [2, 4], [3, 2], [3, 4], [3, 3], [4, 4], [4, 3], [4, 5], [5, 3], [4, 6], [5, 4], [5, 6], [6, 4], [6, 6], [6, 5], [7, 6], [6, 4], [7, 5], [6, 5], [7, 4], [6, 4], [7, 3], [6, 3], [7, 4], [6, 4], [7, 3], [6, 3], [7, 4], [6, 2], [7, 3], [5, 2], [7, 2], [2, 0], [7, 1], [3, 0], [6, 1], [4, 0], [5, 1], [5, 0], [6, 1], [6, 0], [6, 2], [5, 0], [6, 1], [6, 0], [5, 1], [5, 0], [4, 1], [4, 0], [5, 1], [3, 0], [6, 1], [3, 1], [7, 1], [3, 2], [7, 0], [2, 2], [7, 1], [1, 2], [7, 0], [1, 1], [7, 1], [0, 1], [7, 0], [1, 1], [7, 1], [0, 1], [7, 0], [1, 1], [7, 1], [0, 1], [7, 0], [1, 1], [7, 1], [0, 1]], "a_eggs_laid": [1, 1, 1, 1, 2, 2, 2, 2, 3, 3, 3, 3, 4, 4, 4, 4, 5, 5, 5, 5, 6, 6, 6, 6, 7, 7, 7, 7, 8, 8, 8, 8, 8, 8, 8, 8, 12, 12, 12, 12, 13, 13, 13, 13, 14, 14, 14, 14, 15, 15, 15, 15, 15, 15, 15, 15, 15, 15, 15, 15, 15, 15, 15, 15, 15, 15, 15, 15, 15, 15, 15, 15, 15, 15, 15, 15, 15, 15, 15, 15], "b_eggs_laid": [0, 1, 1, 1, 1, 2, 2, 2, 2, 3, 3, 3, 3, 4, 4, 4, 4, 5, 5, 5, 5, 6, 6, 6, 6, 6, 6, 6, 6, 7, 7, 7, 7, 7, 7, 7, 7, 7, 7, 7, 7, 8, 8, 8, 8, 9, 9, 9, 9, 9, 9, 9, 9, 9, 9, 9, 9, 9, 9, 9, 9, 9, 9, 9, 9, 10, 10, 10, 10, 11, 11, 11, 11, 11, 11, 11, 11, 11, 11, 11], "a_turds_left": [5, 5, 5, 5, 5, 5, 4, 4, 4, 4, 4, 4, 4, 4, 4, 4, 4, 4, 4, 4, 4, 4, 4, 4, 4, 4, 4, 4, 4, 4, 4, 4, 4, 4, 4, 4, 4, 4, 4, 4, 4, 4, 4, 4, 4, 4, 4, 4, 4, 4, 4, 4, 4, 4, 4, 4, 4, 4, 4, 4, 4, 4, 4, 4, 4, 4, 4, 4, 4, 4, 4, 4, 4, 4, 4, 4, 4, 4, 4, 4], "b_turds_left": [5, 5, 5, 5, 5, 5, 5, 4, 4, 4, 4, 3, 3, 3, 3, 2, 2, 2, 2, 2, 2, 2, 2, 2, 2, 2, 2, 2, 2, 2, 2, 2, 2, 2, 2, 2, 2, 2, 2, 2, 2, 2, 2, 2, 2, 2, 2, 2, 2, 2, 2, 2, 2, 2, 2, 2, 2, 2, 2, 1, 1, 1, 1, 1, 1, 1, 1, 1, 1, 1, 1, 1, 1, 1, 1, 1, 1, 1, 1, 1], "a_time_left": [359.54026224836707, 359.54026224836707, 358.006257371977, 358.006257371977, 352.5297859143466, 352.5297859143466, 343.71580070629716, 343.71580070629716, 338.5055853314698, 338.5055853314698, 334.9682123735547, 334.9682123735547, 332.4003504123539, 332.4003504123539, 329.50556757859886, 329.50556757859886, 328.44253370165825, 328.44253370165825, 327.95772878453135, 327.95772878453135, 327.87409528531134, 327.87409528531134, 327.7449183277786, 327.7449183277786, 327.72222403623164, 327.72222403623164, 327.67085574381053, 327.67085574381053, 327.5327564943582, 327.5327564943582, 327.4894073288888, 327.4894073288888, 327.43495832942426, 327.43495832942426, 327.36256778612733, 327.36256778612733, 327.32169266045094, 327.32169266045094, 327.14142311923206, 327.14142311923206, 326.78090249188244, 326.78090249188244, 326.545323157683, 326.545323157683, 326.5074801146984, 326.5074801146984, 326.4891760740429, 326.4891760740429, 326.43200094997883, 326.43200094997883, 326.4159487839788, 326.4159487839788, 326.3626104108989, 326.3626104108989, 326.3141754101962, 326.3141754101962, 326.2250913698226, 326.2250913698226, 325.70660411939025, 325.70660411939025, 325.51174820400774, 325.51174820400774, 325.3173049557954, 325.3173049557954, 325.0615553315729, 325.0615553315729, 324.9362293314189, 324.9362293314189, 324.7768578324467, 324.7768578324467, 324.6403642911464, 324.6403642911464, 324.5563417915255, 324.5563417915255, 324.41986737400293, 324.41986737400293, 324.3360275812447, 324.3360275812447, 324.19980854168534, 324.19980854168534], "b_time_left": [360, 358.9564370829612, 358.9564370829612, 357.0629028752446, 357.0629028752446, 352.9863219149411, 352.9863219149411, 350.14692408405244, 350.14692408405244, 347.83654162473977, 347.83654162473977, 347.00388691574335, 347.00388691574335, 345.9058611243963, 345.9058611243963, 344.51094495877624, 344.51094495877624, 344.2442398313433, 344.2442398313433, 343.9273107498884, 343.9273107498884, 343.75954579003155, 343.75954579003155, 343.697558330372, 343.697558330372, 343.6711703725159, 343.6711703725159, 343.6428558733314, 343.6428558733314, 343.61260720714927, 343.61260720714927, 343.5839074142277, 343.5839074142277, 343.47284325025976, 343.47284325025976, 343.2057469971478, 343.2057469971478, 343.06147099658847, 343.06147099658847, 342.8904197476804, 342.8904197476804, 342.73141333274543, 342.73141333274543, 342.63364529050887, 342.63364529050887, 342.5603692084551, 342.5603692084551, 342.531792961061, 342.531792961061, 342.48186854459345, 342.48186854459345, 342.4772132523358, 342.4772132523358, 342.4619362130761, 342.4619362130761, 342.40671704523265, 342.40671704523265, 342.2428053766489, 342.2428053766489, 342.075652834028, 342.075652834028, 341.9961337931454, 341.9961337931454, 341.91325091943145, 341.91325091943145, 341.8690864611417, 341.8690864611417, 341.779146714136, 341.779146714136, 341.7065408397466, 341.7065408397466, 341.5808772556484, 341.5808772556484, 341.50736296363175, 341.50736296363175, 341.3814323376864, 341.3814323376864, 341.3088050875813, 341.3088050875813, 341.18275737948716], "a_moves_left": [39, 39, 38, 38, 37, 37, 36, 36, 35, 35, 34, 34, 33, 33, 32, 32, 31, 31, 30, 30, 29, 29, 28, 28, 27, 27, 26, 26, 25, 25, 24, 24, 23, 23, 22, 22, 21, 21, 20, 20, 19, 19, 18, 18, 17, 17, 16, 16, 15, 15, 14, 14, 13, 13, 12, 12, 11, 11, 10, 10, 9, 9, 8, 8, 7, 7, 6, 6, 5, 5, 4, 4, 3, 3, 2, 2, 1, 1, 0, 0], "b_moves_left": [40, 39, 39, 38, 38, 37, 37, 36, 36, 35, 35, 34, 34, 33, 33, 32, 32, 31, 31, 30, 30, 29, 29, 28, 28, 27, 27, 26, 26, 25, 25, 24, 24, 23, 23, 22, 22, 21, 21, 20, 20, 19, 19, 18, 18, 17, 17, 16, 16, 15, 15, 14, 14, 13, 13, 12, 12, 11, 11, 10, 10, 9, 9, 8, 8, 7, 7, 6, 6, 5, 5, 4, 4, 3, 3, 2, 2, 1, 1, 0], "trapdoor_triggered": [0, 0, 0, 0, 0, 0, 0, 0, 0, 0, 0, 0, 0, 0, 0, 0, 0, 0, 0, 0, 0, 0, 0, 0, 0, 0, 0, 0, 0, 0, 0, 0, 0, 0, 0, 1, 0, 0, 0, 0, 0, 0, 0, 0, 0, 0, 0, 0, 0, 0, 0, 0, 0, 0, 0, 0, 0, 0, 0, 0, 0, 0, 0, 0, 0, 0, 0, 0, 0, 0, 0, 0, 0, 0, 0, 0, 0, 0, 0, 0], "left_behind": ["egg", "egg", "plain", "plain", "egg", "egg", "turd", "turd", "egg", "egg", "plain", "turd", "egg", "egg", "plain", "turd", "egg", "egg", "plain", "plain", "egg", "egg", "plain", "plain", "egg", "plain", "plain", "plain", "egg", "egg", "plain", "plain", "plain", "plain", "plain", "plain", "plain", "plain", "plain", "plain", "egg", "egg", "plain", "plain", "egg", "egg", "plain", "plain", "egg", "plain", "plain", "plain", "plain", "plain", "plain", "plain", "plain", "plain", "plain", "turd", "plain", "plain", "plain", "plain", "plain", "egg", "plain", "plain", "plain", "egg", "plain", "plain", "plain", "plain", "plain", "plain", "plain", "plain", "plain", "plain"], "errlog_a": "", "errlog_b": "", "start_time": 360, "start_moves": 40, "turn_count": 80, "result": 0, "reason": "EGGS_LAID", "trapdoors": [[5, 5], [5, 2]], "spawn_a": [1, 7], "spawn_b": [1, 0]}