{"pos": [[6, 3], [1, 3], [6, 4], [2, 3], [5, 4], [3, 3], [5, 5], [4, 3], [5, 6], [1, 3], [4, 6], [2, 3], [4, 5], [2, 4], [4, 4], [3, 4], [5, 4], [3, 3], [5, 3], [3, 2], [5, 2], [4, 2], [5, 1], [5, 2], [5, 0], [6, 2], [6, 0], [7, 2], [5, 0], [7, 1], [4, 0], [6, 1], [3, 0], [7, 1], [3, 1], [6, 1], [3, 0], [7, 1], [2, 0], [6, 1], [2, 1], [7, 1], [1, 1], [6, 1], [1, 0], [7, 1], [0, 0], [7, 0], [0, 1], [7, 1], [0, 2], [7, 0], [1, 2], [7, 1], [2, 2], [6, 1], [1, 2], [6, 2], [1, 1], [6, 3], [1, 2], [6, 2], [1, 1], [6, 3], [1, 2], [6, 2], [1, 1], [6, 3], [1, 2], [6, 2], [1, 1], [6, 3], [1, 2], [6, 2], [1, 1], [6, 3], [1, 2], [6, 2], [1, 1], [6, 3]], "a_eggs_laid": [1, 1, 1, 1, 2, 2, 2, 2, 7, 7, 7, 7, 7, 7, 7, 7, 8, 8, 8, 8, 9, 9, 9, 9, 10, 10, 10, 10, 11, 11, 11, 11, 12, 12, 12, 12, 13, 13, 13, 13, 14, 14, 14, 14, 15, 15, 15, 15, 18, 18, 18, 18, 19, 19, 19, 19, 20, 20, 20, 20, 20, 20, 20, 20, 20, 20, 20, 20, 20, 20, 20, 20, 20, 20, 20, 20, 20, 20, 20, 20], "b_eggs_laid": [0, 1, 1, 1, 1, 2, 2, 2, 2, 2, 2, 2, 2, 2, 2, 2, 2, 3, 3, 3, 3, 4, 4, 4, 4, 5, 5, 5, 5, 6, 6, 6, 6, 7, 7, 7, 7, 7, 7, 7, 7, 7, 7, 7, 7, 7, 7, 7, 7, 10, 10, 10, 10, 10, 10, 10, 10, 10, 10, 10, 10, 11, 11, 11, 11, 11, 11, 11, 11, 11, 11, 11, 11, 11, 11, 11, 11, 11, 11, 11], "a_turds_left": [5, 5, 5, 5, 5, 5, 5, 5, 5, 5, 5, 5, 4, 4, 4, 4, 4, 4, 4, 4, 4, 4, 4, 4, 4, 4, 4, 4, 4, 4, 4, 4, 4, 4, 4, 4, 4, 4, 4, 4, 4, 4, 4, 4, 4, 4, 4, 4, 4, 4, 4, 4, 4, 4, 4, 4, 4, 4, 4, 4, 4, 4, 4, 4, 4, 4, 4, 4, 4, 4, 4, 4, 4, 4, 4, 4, 4, 4, 4, 4], "b_turds_left": [5, 5, 5, 5, 5, 5, 5, 4, 4, 4, 4, 4, 4, 4, 4, 3, 3, 3, 3, 3, 3, 3, 3, 2, 2, 2, 2, 1, 1, 1, 1, 1, 1, 1, 1, 1, 1, 1, 1, 1, 1, 1, 1, 1, 1, 1, 1, 1, 1, 1, 1, 1, 1, 1, 1, 1, 1, 1, 1, 1, 1, 1, 1, 1, 1, 1, 1, 1, 1, 1, 1, 1, 1, 1, 1, 1, 1, 1, 1, 1], "a_time_left": [356.2923015411943, 356.2923015411943, 336.253899788484, 336.253899788484, 311.42582233063877, 311.42582233063877, 296.60774178802967, 296.60774178802967, 292.78409299626946, 292.78409299626946, 288.4794429112226, 288.4794429112226, 284.12572628445923, 284.12572628445923, 282.4100912846625, 282.4100912846625, 282.13546032458544, 282.13546032458544, 281.57344353199005, 281.57344353199005, 279.9918491151184, 279.9918491151184, 279.4284670315683, 279.4284670315683, 279.30785478278995, 279.30785478278995, 279.19597394764423, 279.19597394764423, 279.1680309474468, 279.1680309474468, 279.13995648920536, 279.13995648920536, 279.107303366065, 279.107303366065, 279.0603774487972, 279.0603774487972, 278.9421186558902, 278.9421186558902, 278.89771324023604, 278.89771324023604, 278.8025850318372, 278.8025850318372, 278.66847611404955, 278.66847611404955, 278.5068890750408, 278.5068890750408, 278.46330094896257, 278.46330094896257, 278.4389372821897, 278.4389372821897, 278.3693560324609, 278.3693560324609, 278.31745515577495, 278.31745515577495, 278.1978763192892, 278.1978763192892, 278.026782695204, 278.026782695204, 277.91119782067835, 277.91119782067835, 277.84517815336585, 277.84517815336585, 277.6416221521795, 277.6416221521795, 277.53223477862775, 277.53223477862775, 277.29951244592667, 277.29951244592667, 277.1902564857155, 277.1902564857155, 276.98715560883284, 276.98715560883284, 276.87728881649673, 276.87728881649673, 276.67202994041145, 276.67202994041145, 276.56268652528524, 276.56268652528524, 276.35924715176225, 276.35924715176225], "b_time_left": [360, 359.3800106663257, 359.3800106663257, 357.72882416658103, 357.72882416658103, 354.5381156243384, 354.5381156243384, 352.38570520468056, 352.38570520468056, 351.97051362134516, 351.97051362134516, 351.32999574765563, 351.32999574765563, 350.8045217897743, 350.8045217897743, 350.0142951644957, 350.0142951644957, 349.2319362461567, 349.2319362461567, 348.34524883143604, 348.34524883143604, 347.24959803931415, 347.24959803931415, 347.14710795506835, 347.14710795506835, 347.05429933033884, 347.05429933033884, 346.9843466207385, 346.9843466207385, 346.92937128804624, 346.92937128804624, 346.89464807882905, 346.89464807882905, 346.86011724732816, 346.86011724732816, 346.81970791332424, 346.81970791332424, 346.78678183071315, 346.78678183071315, 346.7050708308816, 346.7050708308816, 346.6212602891028, 346.6212602891028, 346.51856345683336, 346.51856345683336, 346.4693028740585, 346.4693028740585, 346.3980020005256, 346.3980020005256, 346.35539025068283, 346.35539025068283, 346.28216220997274, 346.28216220997274, 346.19619612954557, 346.19619612954557, 346.01595146395266, 346.01595146395266, 345.9429077990353, 345.9429077990353, 345.8074686303735, 345.8074686303735, 345.75175396353006, 345.75175396353006, 345.67689533904195, 345.67689533904195, 345.6205350868404, 345.6205350868404, 345.5461315475404, 345.5461315475404, 345.489207547158, 345.489207547158, 345.4150662980974, 345.4150662980974, 345.358983008191, 345.358983008191, 345.2844037152827, 345.2844037152827, 345.227930508554, 345.227930508554, 345.1536151319742], "a_moves_left": [39, 39, 38, 38, 37, 37, 36, 36, 35, 35, 34, 34, 33, 33, 32, 32, 31, 31, 30, 30, 29, 29, 28, 28, 27, 27, 26, 26, 25, 25, 24, 24, 23, 23, 22, 22, 21, 21, 20, 20, 19, 19, 18, 18, 17, 17, 16, 16, 15, 15, 14, 14, 13, 13, 12, 12, 11, 11, 10, 10, 9, 9, 8, 8, 7, 7, 6, 6, 5, 5, 4, 4, 3, 3, 2, 2, 1, 1, 0, 0], "b_moves_left": [40, 39, 39, 38, 38, 37, 37, 36, 36, 35, 35, 34, 34, 33, 33, 32, 32, 31, 31, 30, 30, 29, 29, 28, 28, 27, 27, 26, 26, 25, 25, 24, 24, 23, 23, 22, 22, 21, 21, 20, 20, 19, 19, 18, 18, 17, 17, 16, 16, 15, 15, 14, 14, 13, 13, 12, 12, 11, 11, 10, 10, 9, 9, 8, 8, 7, 7, 6, 6, 5, 5, 4, 4, 3, 3, 2, 2, 1, 1, 0], "trapdoor_triggered": [0, 0, 0, 0, 0, 0, 0, 1, 0, 0, 0, 0, 0, 0, 0, 0, 0, 0, 0, 0, 0, 0, 0, 0, 0, 0, 0, 0, 0, 0, 0, 0, 0, 0, 0, 0, 0, 0, 0, 0, 0, 0, 0, 0, 0, 0, 0, 0, 0, 0, 0, 0, 0, 0, 0, 0, 0, 0, 0, 0, 0, 0, 0, 0, 0, 0, 0, 0, 0, 0, 0, 0, 0, 0, 0, 0, 0, 0, 0, 0], "left_behind": ["egg", "egg", "plain", "plain", "egg", "egg", "plain", "turd", "egg", "plain", "plain", "plain", "turd", "plain", "plain", "turd", "egg", "egg", "plain", "plain", "egg", "egg", "plain", "turd", "egg", "egg", "plain", "turd", "egg", "egg", "plain", "plain", "egg", "egg", "plain", "plain", "egg", "plain", "plain", "plain", "egg", "plain", "plain", "plain", "egg", "plain", "plain", "plain", "egg", "egg", "plain", "plain", "egg", "plain", "plain", "plain", "egg", "plain", "plain", "plain", "plain", "egg", "plain", "plain", "plain", "plain", "plain", "plain", "plain", "plain", "plain", "plain", "plain", "plain", "plain", "plain", "plain", "plain", "plain", "plain"], "errlog_a": "", "errlog_b": "", "start_time": 360, "start_moves": 40, "turn_count": 80, "result": 0, "reason": "EGGS_LAID", "trapdoors": [[3, 5], [4, 3]], "spawn_a": [7, 3], "spawn_b": [0, 3]}