{"pos": [[0, 5], [6, 6], [1, 5], [5, 6], [1, 4], [5, 5], [1, 3], [4, 5], [2, 3], [4, 4], [2, 2], [4, 3], [2, 1], [6, 6], [1, 1], [6, 5], [2, 1], [5, 5], [3, 1], [5, 4], [3, 2], [5, 3], [4, 2], [5, 4], [4, 1], [4, 4], [4, 0], [3, 4], [3, 0], [2, 4], [2, 0], [1, 4], [1, 0], [2, 4], [0, 0], [2, 3], [0, 1], [2, 4], [0, 2], [1, 4], [0, 3], [0, 4], [1, 3], [0, 3], [1, 2], [0, 4], [2, 2], [0, 3], [2, 1], [0, 4], [3, 1], [0, 3], [4, 1], [0, 4], [5, 1], [0, 3], [5, 0], [0, 4], [6, 0], [0, 3], [7, 0], [0, 4], [7, 1], [0, 3], [7, 2], [0, 4], [7, 3], [0, 3], [7, 2], [0, 4], [7, 3], [0, 3], [7, 2], [0, 4], [7, 3], [0, 3], [7, 2], [0, 4], [7, 3], [0, 3]], "a_eggs_laid": [1, 1, 1, 1, 2, 2, 2, 2, 3, 3, 3, 3, 8, 8, 8, 8, 9, 9, 9, 9, 10, 10, 10, 10, 11, 11, 11, 11, 12, 12, 12, 12, 13, 13, 13, 13, 16, 16, 16, 16, 17, 17, 17, 17, 17, 17, 17, 17, 17, 17, 17, 17, 17, 17, 17, 17, 18, 18, 18, 18, 19, 19, 19, 19, 20, 20, 20, 20, 21, 21, 21, 21, 21, 21, 21, 21, 21, 21, 21, 21], "b_eggs_laid": [0, 1, 1, 1, 1, 2, 2, 2, 2, 3, 3, 3, 3, 3, 3, 3, 3, 4, 4, 4, 4, 5, 5, 5, 5, 5, 5, 5, 5, 6, 6, 6, 6, 7, 7, 7, 7, 8, 8, 8, 8, 8, 8, 8, 8, 9, 9, 9, 9, 9, 9, 9, 9, 9, 9, 9, 9, 9, 9, 9, 9, 9, 9, 9, 9, 9, 9, 9, 9, 9, 9, 9, 9, 9, 9, 9, 9, 9, 9, 9], "a_turds_left": [5, 5, 5, 5, 5, 5, 5, 5, 5, 5, 5, 5, 5, 5, 5, 5, 5, 5, 4, 4, 4, 4, 3, 3, 3, 3, 3, 3, 3, 3, 3, 3, 3, 3, 3, 3, 3, 3, 3, 3, 3, 3, 3, 3, 3, 3, 3, 3, 3, 3, 3, 3, 3, 3, 3, 3, 3, 3, 3, 3, 3, 3, 3, 3, 3, 3, 3, 3, 3, 3, 3, 3, 3, 3, 3, 3, 3, 3, 3, 3], "b_turds_left": [5, 5, 5, 5, 5, 5, 5, 4, 4, 4, 4, 3, 3, 3, 3, 3, 3, 3, 3, 3, 3, 3, 3, 2, 2, 2, 2, 2, 2, 2, 2, 1, 1, 1, 1, 1, 1, 1, 1, 1, 1, 1, 1, 1, 1, 1, 1, 1, 1, 1, 1, 1, 1, 1, 1, 1, 1, 1, 1, 1, 1, 1, 1, 1, 1, 1, 1, 1, 1, 1, 1, 1, 1, 1, 1, 1, 1, 1, 1, 1], "a_time_left": [358.4327972512692, 358.4327972512692, 354.6915259193629, 354.6915259193629, 350.2056670039892, 350.2056670039892, 339.26209096238017, 339.26209096238017, 330.84548833593726, 330.84548833593726, 325.0292762517929, 325.0292762517929, 323.62132237665355, 323.62132237665355, 319.48117058724165, 319.48117058724165, 315.51838175579906, 315.51838175579906, 311.9567068796605, 311.9567068796605, 308.5276350453496, 308.5276350453496, 306.65153954550624, 306.65153954550624, 306.18169854581356, 306.18169854581356, 304.9640493802726, 304.9640493802726, 304.515677921474, 304.515677921474, 304.0673944633454, 304.0673944633454, 303.9987819623202, 303.9987819623202, 303.8796725459397, 303.8796725459397, 303.8320211302489, 303.8320211302489, 303.581636922434, 303.581636922434, 303.43432459048927, 303.43432459048927, 303.4140693824738, 303.4140693824738, 303.3601869661361, 303.3601869661361, 303.16986934281886, 303.16986934281886, 303.0521743427962, 303.0521743427962, 302.97021775878966, 302.97021775878966, 302.88848051056266, 302.88848051056266, 302.73399655148387, 302.73399655148387, 302.62227346748114, 302.62227346748114, 302.5773462597281, 302.5773462597281, 302.53086584433913, 302.53086584433913, 302.4917697198689, 302.4917697198689, 302.43631696887314, 302.43631696887314, 302.3830488845706, 302.3830488845706, 302.3550100084394, 302.3550100084394, 302.27643200941384, 302.27643200941384, 302.2048273012042, 302.2048273012042, 302.125451637432, 302.125451637432, 302.0967998057604, 302.0967998057604, 302.0178336389363, 302.0178336389363], "b_time_left": [360, 359.80288733541965, 359.80288733541965, 358.84670254588127, 358.84670254588127, 355.16861521452665, 355.16861521452665, 351.90653958916664, 351.90653958916664, 346.80994146317244, 346.80994146317244, 342.6874805893749, 342.6874805893749, 342.1084579657763, 342.1084579657763, 341.20701763406396, 341.20701763406396, 340.02492196671665, 340.02492196671665, 338.90106996521354, 338.90106996521354, 338.2132274247706, 338.2132274247706, 337.88621542416513, 337.88621542416513, 337.51863908953965, 337.51863908953965, 337.3270963001996, 337.3270963001996, 336.9239688385278, 336.9239688385278, 336.7168795056641, 336.7168795056641, 336.6308835055679, 336.6308835055679, 336.47848592326045, 336.47848592326045, 336.3390030860901, 336.3390030860901, 336.2326607555151, 336.2326607555151, 336.11140571534634, 336.11140571534634, 336.0751498378813, 336.0751498378813, 336.01628792099655, 336.01628792099655, 335.898846546188, 335.898846546188, 335.8485882151872, 335.8485882151872, 335.76352542452514, 335.76352542452514, 335.71008359082043, 335.71008359082043, 335.63948596455157, 335.63948596455157, 335.5985810086131, 335.5985810086131, 335.54297305084765, 335.54297305084765, 335.5084550511092, 335.5084550511092, 335.4518677163869, 335.4518677163869, 335.4231037572026, 335.4231037572026, 335.3935267981142, 335.3935267981142, 335.35907371528447, 335.35907371528447, 335.32954354956746, 335.32954354956746, 335.2950497157872, 335.2950497157872, 335.26516521535814, 335.26516521535814, 335.2306852992624, 335.2306852992624, 335.20129346475005], "a_moves_left": [39, 39, 38, 38, 37, 37, 36, 36, 35, 35, 34, 34, 33, 33, 32, 32, 31, 31, 30, 30, 29, 29, 28, 28, 27, 27, 26, 26, 25, 25, 24, 24, 23, 23, 22, 22, 21, 21, 20, 20, 19, 19, 18, 18, 17, 17, 16, 16, 15, 15, 14, 14, 13, 13, 12, 12, 11, 11, 10, 10, 9, 9, 8, 8, 7, 7, 6, 6, 5, 5, 4, 4, 3, 3, 2, 2, 1, 1, 0, 0], "b_moves_left": [40, 39, 39, 38, 38, 37, 37, 36, 36, 35, 35, 34, 34, 33, 33, 32, 32, 31, 31, 30, 30, 29, 29, 28, 28, 27, 27, 26, 26, 25, 25, 24, 24, 23, 23, 22, 22, 21, 21, 20, 20, 19, 19, 18, 18, 17, 17, 16, 16, 15, 15, 14, 14, 13, 13, 12, 12, 11, 11, 10, 10, 9, 9, 8, 8, 7, 7, 6, 6, 5, 5, 4, 4, 3, 3, 2, 2, 1, 1, 0], "trapdoor_triggered": [0, 0, 0, 0, 0, 0, 0, 0, 0, 0, 0, 1, 0, 0, 0, 0, 0, 0, 0, 0, 0, 0, 0, 0, 0, 0, 0, 0, 0, 0, 0, 0, 0, 0, 0, 0, 0, 0, 0, 0, 0, 0, 0, 0, 0, 0, 0, 0, 0, 0, 0, 0, 0, 0, 0, 0, 0, 0, 0, 0, 0, 0, 0, 0, 0, 0, 0, 0, 0, 0, 0, 0, 0, 0, 0, 0, 0, 0, 0, 0], "left_behind": ["egg", "egg", "plain", "plain", "egg", "egg", "plain", "turd", "egg", "egg", "plain", "turd", "egg", "plain", "plain", "plain", "egg", "egg", "turd", "plain", "egg", "egg", "turd", "turd", "egg", "plain", "plain", "plain", "egg", "egg", "plain", "turd", "egg", "egg", "plain", "plain", "egg", "egg", "plain", "plain", "egg", "plain", "plain", "plain", "plain", "egg", "plain", "plain", "plain", "plain", "plain", "plain", "plain", "plain", "plain", "plain", "egg", "plain", "plain", "plain", "egg", "plain", "plain", "plain", "egg", "plain", "plain", "plain", "egg", "plain", "plain", "plain", "plain", "plain", "plain", "plain", "plain", "plain", "plain", "plain"], "errlog_a": "", "errlog_b": "", "start_time": 360, "start_moves": 40, "turn_count": 80, "result": 0, "reason": "EGGS_LAID", "trapdoors": [[3, 3], [4, 3]], "spawn_a": [0, 6], "spawn_b": [7, 6]}