{"pos": [[5, 0], [6, 6], [6, 0], [6, 5], [7, 0], [6, 4], [6, 0], [5, 4], [7, 0], [4, 4], [7, 1], [4, 3], [7, 2], [3, 3], [6, 2], [4, 3], [6, 3], [3, 3], [6, 2], [4, 3], [6, 3], [3, 3], [7, 3], [4, 3], [6, 3], [3, 3], [6, 2], [4, 3], [6, 3], [3, 3], [7, 3], [4, 3], [6, 3], [3, 3], [6, 4], [3, 4], [7, 4], [6, 6], [7, 5], [6, 5], [7, 6], [5, 5], [7, 7], [5, 7], [7, 6], [6, 7], [7, 5], [6, 6]], "a_eggs_laid": [0, 0, 0, 0, 0, 0, 0, 0, 0, 0, 0, 0, 0, 0, 0, 0, 0, 0, 0, 0, 0, 0, 0, 0, 0, 0, 0, 0, 0, 0, 0, 0, 1, 1, 1, 1, 6, 6, 6, 6, 7, 7, 11, 11, 14, 14, 14, 14], "b_eggs_laid": [0, 1, 1, 1, 1, 2, 2, 2, 2, 3, 3, 3, 3, 4, 4, 4, 4, 4, 4, 4, 4, 4, 4, 4, 4, 4, 4, 4, 4, 4, 4, 4, 4, 4, 4, 4, 4, 4, 4, 4, 4, 4, 4, 4, 4, 4, 4, 4], "a_turds_left": [4, 4, 4, 4, 4, 4, 4, 4, 4, 4, 3, 3, 3, 3, 2, 2, 1, 1, 0, 0, 0, 0, 0, 0, 0, 0, 0, 0, 0, 0, 0, 0, 0, 0, 0, 0, 0, 0, 0, 0, 0, 0, 0, 0, 0, 0, 0, 0], "b_turds_left": [5, 5, 5, 5, 5, 5, 5, 5, 5, 5, 5, 5, 5, 5, 5, 5, 5, 5, 5, 5, 5, 5, 5, 5, 5, 5, 5, 5, 5, 5, 5, 5, 5, 5, 5, 5, 5, 5, 5, 5, 5, 5, 5, 5, 5, 5, 5, 5], "a_time_left": [358.47403587400913, 358.47403587400913, 356.9686159584671, 356.9686159584671, 355.46303874999285, 355.46303874999285, 353.95747983269393, 353.95747983269393, 352.4520584978163, 352.4520584978163, 350.94644649885595, 350.94644649885595, 349.43931258283556, 349.43931258283556, 347.9335348363966, 347.9335348363966, 346.42836200259626, 346.42836200259626, 344.9229025449604, 344.9229025449604, 343.41755208931863, 343.41755208931863, 341.91215371340513, 341.91215371340513, 340.4067345466465, 340.4067345466465, 338.9016067534685, 338.9016067534685, 337.3961678799242, 337.3961678799242, 335.8907891716808, 335.8907891716808, 334.38537029735744, 334.38537029735744, 332.88458704575896, 332.88458704575896, 331.38228246197104, 331.38228246197104, 329.8814878780395, 329.8814878780395, 328.37609808705747, 328.37609808705747, 326.8751717116684, 326.8751717116684, 325.36996558867395, 325.36996558867395, 323.8645602557808, 323.8645602557808], "b_time_left": [360, 359.91065525077283, 359.91065525077283, 359.72398608364165, 359.72398608364165, 359.61873666755855, 359.61873666755855, 359.4857017919421, 359.4857017919421, 359.37188637442887, 359.37188637442887, 359.1830640807748, 359.1830640807748, 359.09275174699724, 359.09275174699724, 358.94341833144426, 358.94341833144426, 358.91394158266485, 358.91394158266485, 358.7846653740853, 358.7846653740853, 358.74342220649123, 358.74342220649123, 358.61118812300265, 358.61118812300265, 358.5903788730502, 358.5903788730502, 358.4916623737663, 358.4916623737663, 358.4527024552226, 358.4527024552226, 358.31888016313314, 358.31888016313314, 358.2889627069235, 358.2889627069235, 358.11058029159904, 358.11058029159904, 358.0829401668161, 358.0829401668161, 358.05161591619253, 358.05161591619253, 358.0345689561218, 358.0345689561218, 358.0126411244273, 358.0126411244273, 357.95472387596965, 357.95472387596965, 357.9270586259663], "a_moves_left": [39, 39, 38, 38, 37, 37, 36, 36, 35, 35, 34, 34, 33, 33, 32, 32, 31, 31, 30, 30, 29, 29, 28, 28, 27, 27, 26, 26, 25, 25, 24, 24, 23, 23, 22, 22, 21, 21, 20, 20, 19, 19, 18, 18, 17, 17, 16, 16], "b_moves_left": [40, 39, 39, 38, 38, 37, 37, 36, 36, 35, 35, 34, 34, 33, 33, 32, 32, 31, 31, 30, 30, 29, 29, 28, 28, 27, 27, 26, 26, 25, 25, 24, 24, 23, 23, 22, 22, 21, 21, 20, 20, 19, 19, 18, 18, 17, 17, 16], "trapdoor_triggered": [0, 0, 0, 0, 0, 0, 0, 0, 0, 0, 0, 0, 0, 0, 0, 0, 0, 0, 0, 0, 0, 0, 0, 0, 0, 0, 0, 0, 0, 0, 0, 0, 0, 0, 0, 1, 0, 0, 0, 0, 0, 1, 0, 0, 0, 0, 0, 0], "left_behind": ["turd", "egg", "plain", "plain", "plain", "egg", "plain", "plain", "plain", "egg", "turd", "plain", "plain", "egg", "turd", "plain", "turd", "plain", "turd", "plain", "plain", "plain", "plain", "plain", "plain", "plain", "plain", "plain", "plain", "plain", "plain", "plain", "egg", "plain", "plain", "plain", "egg", "plain", "plain", "plain", "egg", "plain", "plain", "plain", "egg", "plain", "plain", "plain"], "errlog_a": "Timeout", "errlog_b": "", "start_time": 360, "start_moves": 40, "turn_count": 48, "result": 1, "reason": "CODE_CRASH", "trapdoors": [[5, 5], [3, 4]], "spawn_a": [6, 0], "spawn_b": [6, 7]}