{"pos": [[4, 1], [4, 6], [5, 1], [4, 5], [4, 1], [4, 4], [4, 0], [4, 3], [4, 1], [3, 3], [5, 1], [4, 3], [5, 2], [5, 3], [5, 1], [4, 6], [5, 2], [4, 5], [6, 2], [4, 4], [6, 1], [4, 3], [7, 1], [3, 3], [7, 0], [4, 3], [6, 0], [3, 3], [5, 0], [4, 3], [6, 0], [3, 3], [5, 0], [4, 3], [5, 1], [3, 3], [5, 0], [4, 3], [5, 1], [3, 3], [5, 0], [4, 3], [6, 0], [3, 3], [6, 1], [4, 3], [7, 1], [3, 3], [6, 1], [4, 3], [5, 1], [3, 3], [5, 2], [4, 3], [6, 2], [3, 3], [6, 1], [4, 3], [5, 1], [3, 3], [5, 2], [4, 3], [4, 2], [3, 3], [3, 2], [4, 3], [3, 3], [4, 4], [3, 4], [4, 5], [4, 4], [3, 5], [3, 4], [4, 5], [3, 5], [5, 5], [3, 4], [4, 5], [2, 4], [4, 6]], "a_eggs_laid": [0, 0, 0, 0, 1, 1, 1, 1, 1, 1, 1, 1, 1, 1, 5, 5, 5, 5, 5, 5, 5, 5, 5, 5, 5, 5, 5, 5, 6, 6, 6, 6, 6, 6, 6, 6, 6, 6, 6, 6, 6, 6, 6, 6, 6, 6, 6, 6, 7, 7, 7, 7, 7, 7, 7, 7, 7, 7, 7, 7, 7, 7, 7, 7, 7, 7, 7, 7, 8, 8, 8, 8, 9, 9, 9, 9, 10, 10, 10, 10], "b_eggs_laid": [0, 1, 1, 1, 1, 2, 2, 2, 2, 3, 3, 3, 3, 3, 3, 3, 3, 3, 3, 3, 3, 3, 3, 3, 3, 3, 3, 3, 3, 3, 3, 3, 3, 3, 3, 3, 3, 3, 3, 3, 3, 3, 3, 3, 3, 3, 3, 3, 3, 3, 3, 3, 3, 3, 3, 3, 3, 3, 3, 3, 3, 3, 3, 3, 3, 3, 3, 3, 3, 3, 3, 3, 3, 3, 3, 3, 3, 3, 3, 3], "a_turds_left": [4, 4, 3, 3, 3, 3, 3, 3, 3, 3, 3, 3, 3, 3, 2, 2, 2, 2, 2, 2, 1, 1, 1, 1, 1, 1, 0, 0, 0, 0, 0, 0, 0, 0, 0, 0, 0, 0, 0, 0, 0, 0, 0, 0, 0, 0, 0, 0, 0, 0, 0, 0, 0, 0, 0, 0, 0, 0, 0, 0, 0, 0, 0, 0, 0, 0, 0, 0, 0, 0, 0, 0, 0, 0, 0, 0, 0, 0, 0, 0], "b_turds_left": [5, 5, 5, 5, 5, 5, 5, 5, 5, 5, 5, 5, 5, 5, 5, 5, 5, 5, 5, 5, 5, 5, 5, 5, 5, 5, 5, 5, 5, 5, 5, 5, 5, 5, 5, 5, 5, 5, 5, 5, 5, 5, 5, 5, 5, 5, 5, 5, 5, 5, 5, 5, 5, 5, 5, 5, 5, 5, 5, 5, 5, 5, 5, 5, 5, 5, 5, 5, 5, 5, 5, 5, 5, 5, 5, 5, 5, 5, 5, 5], "a_time_left": [358.48342225141823, 358.48342225141823, 356.9779440853745, 356.9779440853745, 355.47270833328366, 355.47270833328366, 353.9656999986619, 353.9656999986619, 352.46004791744053, 352.46004791744053, 350.9545891676098, 350.9545891676098, 349.4492205828428, 349.4492205828428, 347.94364124909043, 347.94364124909043, 346.4381750393659, 346.4381750393659, 344.93287524580956, 344.93287524580956, 343.42726091481745, 343.42726091481745, 341.92167166247964, 341.92167166247964, 340.4158174544573, 340.4158174544573, 338.91019920259714, 338.91019920259714, 337.4045523721725, 337.4045523721725, 335.89900791086257, 335.89900791086257, 334.39353332668543, 334.39353332668543, 332.888266203925, 332.888266203925, 331.37670232728124, 331.37670232728124, 329.8718384541571, 329.8718384541571, 328.3700319547206, 328.3700319547206, 326.8644772451371, 326.8644772451371, 325.35886403732, 325.35886403732, 323.8538797032088, 323.8538797032088, 322.34776457957923, 322.34776457957923, 320.8422069568187, 320.8422069568187, 319.3367797918618, 319.3367797918618, 317.8311626687646, 317.8311626687646, 316.32609246112406, 316.32609246112406, 314.82052225247025, 314.82052225247025, 313.3148438334465, 313.3148438334465, 311.8091997914016, 311.8091997914016, 310.30351929180324, 310.30351929180324, 308.7979279588908, 308.7979279588908, 307.29235104098916, 307.29235104098916, 305.78713120892644, 305.78713120892644, 304.28162058256567, 304.28162058256567, 302.7781875003129, 302.7781875003129, 301.27181637473404, 301.27181637473404, 299.7662329599261, 299.7662329599261], "b_time_left": [360, 359.7494811248034, 359.7494811248034, 359.3859135005623, 359.3859135005623, 359.07560433261096, 359.07560433261096, 358.8849563729018, 358.8849563729018, 358.75629882887006, 358.75629882887006, 358.5223152451217, 358.5223152451217, 358.4228277876973, 358.4228277876973, 358.3133491203189, 358.3133491203189, 358.03831236995757, 358.03831236995757, 357.864704746753, 357.864704746753, 357.69409220293164, 357.69409220293164, 357.61808920279145, 357.61808920279145, 357.43134691007435, 357.43134691007435, 357.35376478359103, 357.35376478359103, 357.14890574105084, 357.14890574105084, 357.0756844487041, 357.0756844487041, 356.8647724483162, 356.8647724483162, 356.7906988635659, 356.7906988635659, 356.59192878194153, 356.59192878194153, 356.51387199014425, 356.51387199014425, 356.31966744735837, 356.31966744735837, 356.2431138642132, 356.2431138642132, 356.0498896148056, 356.0498896148056, 355.98576048761606, 355.98576048761606, 355.78586640395224, 355.78586640395224, 355.71203148923814, 355.71203148923814, 355.50550386309624, 355.50550386309624, 355.42823948711157, 355.42823948711157, 355.2385736107826, 355.2385736107826, 355.1659644432366, 355.1659644432366, 354.9620259422809, 354.9620259422809, 354.8693466074765, 354.8693466074765, 354.7782934419811, 354.7782934419811, 354.7782284822315, 354.7782284822315, 354.71656523272395, 354.71656523272395, 354.64294719323516, 354.64294719323516, 354.5530068576336, 354.5530068576336, 354.50324010849, 354.50324010849, 354.28679081611335, 354.28679081611335, 354.28628673404455], "a_moves_left": [39, 39, 38, 38, 37, 37, 36, 36, 35, 35, 34, 34, 33, 33, 32, 32, 31, 31, 30, 30, 29, 29, 28, 28, 27, 27, 26, 26, 25, 25, 24, 24, 23, 23, 22, 22, 21, 21, 20, 20, 19, 19, 18, 18, 17, 17, 16, 16, 15, 15, 14, 14, 13, 13, 12, 12, 11, 11, 10, 10, 9, 9, 8, 8, 7, 7, 6, 6, 5, 5, 4, 4, 3, 3, 2, 2, 1, 1, 0, 0], "b_moves_left": [40, 39, 39, 38, 38, 37, 37, 36, 36, 35, 35, 34, 34, 33, 33, 32, 32, 31, 31, 30, 30, 29, 29, 28, 28, 27, 27, 26, 26, 25, 25, 24, 24, 23, 23, 22, 22, 21, 21, 20, 20, 19, 19, 18, 18, 17, 17, 16, 16, 15, 15, 14, 14, 13, 13, 12, 12, 11, 11, 10, 10, 9, 9, 8, 8, 7, 7, 6, 6, 5, 5, 4, 4, 3, 3, 2, 2, 1, 1, 0], "trapdoor_triggered": [0, 0, 0, 0, 0, 0, 0, 0, 0, 0, 0, 0, 0, 1, 0, 0, 0, 0, 0, 0, 0, 0, 0, 0, 0, 0, 0, 0, 0, 0, 0, 0, 0, 0, 0, 0, 0, 0, 0, 0, 0, 0, 0, 0, 0, 0, 0, 0, 0, 0, 0, 0, 0, 0, 0, 0, 0, 0, 0, 0, 0, 0, 0, 0, 0, 0, 0, 0, 0, 0, 0, 0, 0, 0, 0, 0, 0, 0, 0, 0], "left_behind": ["turd", "egg", "turd", "plain", "egg", "egg", "plain", "plain", "plain", "egg", "plain", "plain", "plain", "plain", "turd", "plain", "plain", "plain", "plain", "plain", "turd", "plain", "plain", "plain", "plain", "plain", "turd", "plain", "egg", "plain", "plain", "plain", "plain", "plain", "plain", "plain", "plain", "plain", "plain", "plain", "plain", "plain", "plain", "plain", "plain", "plain", "plain", "plain", "egg", "plain", "plain", "plain", "plain", "plain", "plain", "plain", "plain", "plain", "plain", "plain", "plain", "plain", "plain", "plain", "plain", "plain", "plain", "plain", "egg", "plain", "plain", "plain", "egg", "plain", "plain", "plain", "egg", "plain", "plain", "plain"], "errlog_a": "", "errlog_b": "", "start_time": 360, "start_moves": 40, "turn_count": 80, "result": 0, "reason": "EGGS_LAID", "trapdoors": [[5, 3], [2, 5]], "spawn_a": [4, 0], "spawn_b": [4, 7]}