{"pos": [[7, 2], [1, 3], [7, 3], [2, 3], [6, 3], [3, 3], [6, 2], [4, 3], [7, 2], [4, 4], [6, 2], [1, 3], [6, 3], [2, 3], [7, 3], [2, 4], [7, 2], [3, 4], [6, 2], [3, 5], [5, 2], [3, 4], [6, 2], [3, 5], [7, 2], [3, 4], [7, 3], [3, 5], [7, 2], [3, 4], [6, 2], [3, 5], [7, 2], [3, 4], [6, 2], [3, 5], [6, 1], [3, 4], [6, 0], [3, 5], [6, 1], [2, 5], [7, 1], [3, 5], [6, 1], [2, 5], [7, 1], [3, 5], [6, 1], [2, 5], [6, 2], [3, 5], [7, 2], [3, 4], [7, 1], [4, 4], [7, 0], [1, 3], [6, 0], [2, 3], [5, 0], [3, 3], [6, 0], [3, 2], [7, 0], [4, 2], [7, 1], [3, 2], [7, 2], [4, 2], [7, 3], [3, 2], [7, 2], [4, 2], [7, 1], [3, 2], [7, 0], [4, 2], [7, 1], [3, 2]], "a_eggs_laid": [1, 1, 1, 1, 1, 1, 1, 1, 1, 1, 5, 5, 5, 5, 5, 5, 5, 5, 5, 5, 5, 5, 5, 5, 5, 5, 5, 5, 5, 5, 5, 5, 5, 5, 5, 5, 5, 5, 5, 5, 6, 6, 6, 6, 7, 7, 7, 7, 7, 7, 7, 7, 7, 7, 7, 7, 11, 11, 11, 11, 11, 11, 11, 11, 11, 11, 11, 11, 11, 11, 11, 11, 11, 11, 11, 11, 11, 11, 11, 11], "b_eggs_laid": [0, 1, 1, 1, 1, 2, 2, 2, 2, 3, 3, 3, 3, 3, 3, 3, 3, 3, 3, 4, 4, 4, 4, 4, 4, 4, 4, 4, 4, 4, 4, 4, 4, 4, 4, 4, 4, 4, 4, 4, 4, 4, 4, 5, 5, 5, 5, 5, 5, 5, 5, 5, 5, 5, 5, 5, 5, 5, 5, 5, 5, 5, 5, 5, 5, 6, 6, 6, 6, 6, 6, 6, 6, 6, 6, 6, 6, 6, 6, 6], "a_turds_left": [5, 5, 4, 4, 4, 4, 4, 4, 3, 3, 3, 3, 3, 3, 3, 3, 3, 3, 3, 3, 3, 3, 3, 3, 3, 3, 3, 3, 3, 3, 3, 3, 3, 3, 3, 3, 3, 3, 3, 3, 3, 3, 2, 2, 2, 2, 2, 2, 2, 2, 2, 2, 2, 2, 2, 2, 2, 2, 1, 1, 1, 1, 1, 1, 1, 1, 1, 1, 1, 1, 1, 1, 1, 1, 1, 1, 1, 1, 1, 1], "b_turds_left": [5, 5, 5, 5, 5, 5, 5, 5, 5, 5, 5, 5, 5, 5, 5, 5, 5, 5, 5, 5, 5, 5, 5, 5, 5, 5, 5, 5, 5, 5, 5, 5, 5, 5, 5, 5, 5, 5, 5, 5, 5, 5, 5, 5, 5, 5, 5, 5, 5, 5, 5, 5, 5, 5, 5, 5, 5, 5, 5, 5, 5, 5, 5, 5, 5, 5, 5, 5, 5, 5, 5, 5, 5, 5, 5, 5, 5, 5, 5, 4], "a_time_left": [358.470157250762, 358.470157250762, 356.9689297899604, 356.9689297899604, 355.46294491551816, 355.46294491551816, 353.95920054242015, 353.95920054242015, 352.45352708362043, 352.45352708362043, 350.94791516661644, 350.94791516661644, 349.44248224794865, 349.44248224794865, 347.9367284979671, 347.9367284979671, 346.43105991370976, 346.43105991370976, 344.92540757730603, 344.92540757730603, 343.4197861161083, 343.4197861161083, 341.9137611165643, 341.9137611165643, 340.40811170078814, 340.40811170078814, 338.9026561155915, 338.9026561155915, 337.39709224179387, 337.39709224179387, 335.89152415655553, 335.89152415655553, 334.3859370313585, 334.3859370313585, 332.8806911986321, 332.8806911986321, 331.37378073856235, 331.37378073856235, 329.8680880740285, 329.8680880740285, 328.363842824474, 328.363842824474, 326.85819124244153, 326.85819124244153, 325.3509912826121, 325.3509912826121, 323.84538865834475, 323.84538865834475, 322.33976344950497, 322.33976344950497, 320.8341342806816, 320.8341342806816, 319.3284311965108, 319.3284311965108, 317.8222446963191, 317.8222446963191, 316.3166394047439, 316.3166394047439, 314.81103436276317, 314.81103436276317, 313.3058129865676, 313.3058129865676, 311.8005809020251, 311.8005809020251, 310.29437290132046, 310.29437290132046, 308.78874035924673, 308.78874035924673, 307.2835838161409, 307.2835838161409, 305.77807444147766, 305.77807444147766, 304.27252694033086, 304.27252694033086, 302.7672730628401, 302.7672730628401, 301.2620985619724, 301.2620985619724, 299.75612773001194, 299.75612773001194], "b_time_left": [360, 359.9235745407641, 359.9235745407641, 359.77152137830853, 359.77152137830853, 359.67355854436755, 359.67355854436755, 359.5943289604038, 359.5943289604038, 359.5276110842824, 359.5276110842824, 359.4819904156029, 359.4819904156029, 359.3866749163717, 359.3866749163717, 359.3654084596783, 359.3654084596783, 359.2815184183419, 359.2815184183419, 359.22093120776117, 359.22093120776117, 359.0958676636219, 359.0958676636219, 359.05642891302705, 359.05642891302705, 358.9644895363599, 358.9644895363599, 358.93829349428415, 358.93829349428415, 358.83989299461246, 358.83989299461246, 358.8131368700415, 358.8131368700415, 358.7271092440933, 358.7271092440933, 358.69521278329194, 358.69521278329194, 358.6029485743493, 358.6029485743493, 358.5816311594099, 358.5816311594099, 358.47838424146175, 358.47838424146175, 358.4162571989, 358.4162571989, 358.33433282375336, 358.33433282375336, 358.29486253112555, 358.29486253112555, 358.20501982048154, 358.20501982048154, 358.1547058597207, 358.1547058597207, 358.0590728595853, 358.0590728595853, 358.0033779013902, 358.0033779013902, 357.96248960867524, 357.96248960867524, 357.86370106600225, 357.86370106600225, 357.8137342315167, 357.8137342315167, 357.7326863575727, 357.7326863575727, 357.69466660916805, 357.69466660916805, 357.63604156672955, 357.63604156672955, 357.61489935964346, 357.61489935964346, 357.5789093170315, 357.5789093170315, 357.54801727458835, 357.54801727458835, 357.51478656567633, 357.51478656567633, 357.4981722328812, 357.4981722328812, 357.4961320236325], "a_moves_left": [39, 39, 38, 38, 37, 37, 36, 36, 35, 35, 34, 34, 33, 33, 32, 32, 31, 31, 30, 30, 29, 29, 28, 28, 27, 27, 26, 26, 25, 25, 24, 24, 23, 23, 22, 22, 21, 21, 20, 20, 19, 19, 18, 18, 17, 17, 16, 16, 15, 15, 14, 14, 13, 13, 12, 12, 11, 11, 10, 10, 9, 9, 8, 8, 7, 7, 6, 6, 5, 5, 4, 4, 3, 3, 2, 2, 1, 1, 0, 0], "b_moves_left": [40, 39, 39, 38, 38, 37, 37, 36, 36, 35, 35, 34, 34, 33, 33, 32, 32, 31, 31, 30, 30, 29, 29, 28, 28, 27, 27, 26, 26, 25, 25, 24, 24, 23, 23, 22, 22, 21, 21, 20, 20, 19, 19, 18, 18, 17, 17, 16, 16, 15, 15, 14, 14, 13, 13, 12, 12, 11, 11, 10, 10, 9, 9, 8, 8, 7, 7, 6, 6, 5, 5, 4, 4, 3, 3, 2, 2, 1, 1, 0], "trapdoor_triggered": [0, 0, 0, 0, 0, 0, 0, 0, 0, 1, 0, 0, 0, 0, 0, 0, 0, 0, 0, 0, 0, 0, 0, 0, 0, 0, 0, 0, 0, 0, 0, 0, 0, 0, 0, 0, 0, 0, 0, 0, 0, 0, 0, 0, 0, 0, 0, 0, 0, 0, 0, 0, 0, 0, 0, 1, 0, 0, 0, 0, 0, 0, 0, 0, 0, 0, 0, 0, 0, 0, 0, 0, 0, 0, 0, 0, 0, 0, 0, 0], "left_behind": ["egg", "egg", "turd", "plain", "plain", "egg", "plain", "plain", "turd", "egg", "plain", "plain", "plain", "plain", "plain", "plain", "plain", "plain", "plain", "egg", "plain", "plain", "plain", "plain", "plain", "plain", "plain", "plain", "plain", "plain", "plain", "plain", "plain", "plain", "plain", "plain", "plain", "plain", "plain", "plain", "egg", "plain", "turd", "egg", "egg", "plain", "plain", "plain", "plain", "plain", "plain", "plain", "plain", "plain", "plain", "plain", "plain", "plain", "turd", "plain", "plain", "plain", "plain", "plain", "plain", "egg", "plain", "plain", "plain", "plain", "plain", "plain", "plain", "plain", "plain", "plain", "plain", "plain", "plain", "turd"], "errlog_a": "", "errlog_b": "", "start_time": 360, "start_moves": 40, "turn_count": 80, "result": 0, "reason": "EGGS_LAID", "trapdoors": [[4, 4], [5, 4]], "spawn_a": [7, 3], "spawn_b": [0, 3]}