{"pos": [[7, 4], [1, 5], [6, 4], [0, 5], [7, 4], [0, 4], [7, 5], [1, 4], [7, 6], [2, 4], [7, 5], [3, 4], [7, 4], [4, 4], [7, 3], [4, 3], [7, 4], [5, 3], [7, 5], [4, 3], [7, 6], [4, 4], [7, 5], [4, 3], [7, 6], [4, 4], [7, 5], [4, 3], [7, 4], [4, 2], [7, 5], [4, 1], [7, 4], [4, 2], [7, 5], [3, 2], [6, 5], [2, 2], [6, 6], [3, 2], [6, 5], [2, 2], [5, 5], [2, 1], [5, 4], [2, 2], [4, 4], [2, 3], [5, 4], [2, 2], [5, 3], [2, 3], [5, 4], [2, 2], [5, 5], [2, 1], [5, 4], [2, 2], [5, 5], [2, 1], [4, 5], [3, 1], [3, 5], [3, 2], [6, 5], [2, 2], [6, 6], [3, 2], [6, 5], [2, 2], [5, 5], [2, 1], [5, 6], [2, 2], [5, 7], [3, 2], [5, 6], [2, 2], [4, 6], [2, 1]], "a_eggs_laid": [0, 0, 0, 0, 0, 0, 0, 0, 1, 1, 1, 1, 1, 1, 1, 1, 1, 1, 1, 1, 1, 1, 1, 1, 1, 1, 1, 1, 1, 1, 1, 1, 1, 1, 1, 1, 1, 1, 1, 1, 1, 1, 1, 1, 2, 2, 2, 2, 2, 2, 2, 2, 3, 3, 3, 3, 3, 3, 3, 3, 3, 3, 3, 3, 3, 3, 3, 3, 3, 3, 3, 3, 3, 3, 3, 3, 4, 4, 4, 4], "b_eggs_laid": [0, 1, 1, 1, 1, 1, 1, 1, 1, 2, 2, 2, 2, 3, 3, 3, 3, 4, 4, 4, 4, 4, 4, 4, 4, 4, 4, 4, 4, 4, 4, 4, 4, 5, 5, 5, 5, 6, 6, 6, 6, 6, 6, 6, 6, 7, 7, 7, 7, 8, 8, 8, 8, 8, 8, 8, 8, 8, 8, 8, 8, 8, 8, 12, 12, 12, 12, 12, 12, 12, 12, 12, 12, 12, 12, 12, 12, 12, 12, 12], "a_turds_left": [5, 5, 4, 4, 3, 3, 3, 3, 3, 3, 2, 2, 2, 2, 2, 2, 2, 2, 2, 2, 2, 2, 2, 2, 2, 2, 2, 2, 2, 2, 2, 2, 2, 2, 2, 2, 2, 2, 2, 2, 1, 1, 1, 1, 1, 1, 0, 0, 0, 0, 0, 0, 0, 0, 0, 0, 0, 0, 0, 0, 0, 0, 0, 0, 0, 0, 0, 0, 0, 0, 0, 0, 0, 0, 0, 0, 0, 0, 0, 0], "b_turds_left": [5, 5, 5, 5, 5, 5, 5, 5, 5, 5, 5, 5, 5, 5, 5, 5, 5, 5, 5, 5, 5, 5, 5, 5, 5, 5, 5, 5, 5, 5, 5, 4, 4, 4, 4, 4, 4, 4, 4, 3, 3, 3, 3, 3, 3, 3, 3, 3, 3, 3, 3, 3, 3, 3, 3, 3, 3, 3, 3, 3, 3, 3, 3, 2, 2, 2, 2, 2, 2, 2, 2, 2, 2, 2, 2, 2, 2, 2, 2, 2], "a_time_left": [358.48849491775036, 358.48849491775036, 356.98324512690306, 356.98324512690306, 355.47681225277483, 355.47681225277483, 353.97097667120397, 353.97097667120397, 352.46560513041914, 352.46560513041914, 350.9631516300142, 350.9631516300142, 349.4572854228318, 349.4572854228318, 347.95179333910346, 347.95179333910346, 346.44648842327297, 346.44648842327297, 344.94168913178146, 344.94168913178146, 343.4362370893359, 343.4362370893359, 341.9308388810605, 341.9308388810605, 340.42537575773895, 340.42537575773895, 338.91998575627804, 338.91998575627804, 337.4145284630358, 337.4145284630358, 335.9087777547538, 335.9087777547538, 334.4033309202641, 334.4033309202641, 332.8970823790878, 332.8970823790878, 331.39133446104825, 331.39133446104825, 329.8848328795284, 329.8848328795284, 328.37927433662117, 328.37927433662117, 326.87730096280575, 326.87730096280575, 325.37199337780476, 325.37199337780476, 323.86741129495203, 323.86741129495203, 322.35957971028984, 322.35957971028984, 320.85380854457617, 320.85380854457617, 319.3483285047114, 319.3483285047114, 317.8427652530372, 317.8427652530372, 316.337354503572, 316.337354503572, 314.8360129185021, 314.8360129185021, 313.33057829365134, 313.33057829365134, 311.82518241740763, 311.82518241740763, 310.3198171257973, 310.3198171257973, 308.814397752285, 308.814397752285, 307.30899717099965, 307.30899717099965, 305.8037369232625, 305.8037369232625, 304.29815921373665, 304.29815921373665, 302.7927421312779, 302.7927421312779, 301.2873188406229, 301.2873188406229, 299.78199496492743, 299.78199496492743], "b_time_left": [360, 323.212753623724, 323.212753623724, 274.432113872841, 274.432113872841, 262.13714479096234, 262.13714479096234, 223.34469420835376, 223.34469420835376, 205.61898449994624, 205.61898449994624, 165.9399224165827, 165.9399224165827, 153.28470012545586, 153.28470012545586, 134.66545170918107, 134.66545170918107, 126.40203025005758, 126.40203025005758, 122.59482899866998, 122.59482899866998, 118.8893137909472, 118.8893137909472, 115.0994066670537, 115.0994066670537, 111.58176558278501, 111.58176558278501, 107.87492299824953, 107.87492299824953, 105.0274019986391, 105.0274019986391, 84.67648270726204, 84.67648270726204, 80.88941599614918, 80.88941599614918, 76.40038074739277, 76.40038074739277, 73.0107054989785, 73.0107054989785, 69.00695566646755, 69.00695566646755, 67.86722691729665, 67.86722691729665, 65.72138446010649, 65.72138446010649, 62.73487733490765, 62.73487733490765, 60.633996875956655, 60.633996875956655, 59.530463960021734, 59.530463960021734, 58.88844433426857, 58.88844433426857, 58.65987208299339, 58.65987208299339, 57.75315670669079, 57.75315670669079, 57.40330824814737, 57.40330824814737, 56.4857379142195, 56.4857379142195, 56.07127899862826, 56.07127899862826, 55.25861458107829, 55.25861458107829, 55.050437331199646, 55.050437331199646, 54.779605539515615, 54.779605539515615, 54.579776749014854, 54.579776749014854, 53.699555207043886, 53.699555207043886, 53.57886074855924, 53.57886074855924, 53.31194987334311, 53.31194987334311, 53.15140570513904, 53.15140570513904, 52.74553758278489], "a_moves_left": [39, 39, 38, 38, 37, 37, 36, 36, 35, 35, 34, 34, 33, 33, 32, 32, 31, 31, 30, 30, 29, 29, 28, 28, 27, 27, 26, 26, 25, 25, 24, 24, 23, 23, 22, 22, 21, 21, 20, 20, 19, 19, 18, 18, 17, 17, 16, 16, 15, 15, 14, 14, 13, 13, 12, 12, 11, 11, 10, 10, 9, 9, 8, 8, 7, 7, 6, 6, 5, 5, 4, 4, 3, 3, 2, 2, 1, 1, 0, 0], "b_moves_left": [40, 39, 39, 38, 38, 37, 37, 36, 36, 35, 35, 34, 34, 33, 33, 32, 32, 31, 31, 30, 30, 29, 29, 28, 28, 27, 27, 26, 26, 25, 25, 24, 24, 23, 23, 22, 22, 21, 21, 20, 20, 19, 19, 18, 18, 17, 17, 16, 16, 15, 15, 14, 14, 13, 13, 12, 12, 11, 11, 10, 10, 9, 9, 8, 8, 7, 7, 6, 6, 5, 5, 4, 4, 3, 3, 2, 2, 1, 1, 0], "trapdoor_triggered": [0, 0, 0, 0, 0, 0, 0, 0, 0, 0, 0, 0, 0, 0, 0, 0, 0, 0, 0, 0, 0, 0, 0, 0, 0, 0, 0, 0, 0, 0, 0, 0, 0, 0, 0, 0, 0, 0, 0, 0, 0, 0, 0, 0, 0, 0, 0, 0, 0, 0, 0, 0, 0, 0, 0, 0, 0, 0, 0, 0, 0, 0, 1, 0, 0, 0, 0, 0, 0, 0, 0, 0, 0, 0, 0, 0, 0, 0, 0, 0], "left_behind": ["plain", "egg", "turd", "plain", "turd", "plain", "plain", "plain", "egg", "egg", "turd", "plain", "plain", "egg", "plain", "plain", "plain", "egg", "plain", "plain", "plain", "plain", "plain", "plain", "plain", "plain", "plain", "plain", "plain", "plain", "plain", "turd", "plain", "egg", "plain", "plain", "plain", "egg", "plain", "turd", "turd", "plain", "plain", "plain", "egg", "egg", "turd", "plain", "plain", "egg", "plain", "plain", "egg", "plain", "plain", "plain", "plain", "plain", "plain", "plain", "plain", "plain", "plain", "turd", "plain", "plain", "plain", "plain", "plain", "plain", "plain", "plain", "plain", "plain", "plain", "plain", "egg", "plain", "plain", "plain"], "errlog_a": "", "errlog_b": "", "start_time": 360, "start_moves": 40, "turn_count": 80, "result": 1, "reason": "EGGS_LAID", "trapdoors": [[3, 5], [2, 5]], "spawn_a": [7, 5], "spawn_b": [0, 5]}