{"pos": [[5, 6], [6, 0], [6, 6], [5, 0], [6, 5], [6, 0], [7, 5], [5, 0], [7, 4], [6, 0], [6, 4], [5, 0], [5, 4], [6, 0], [4, 4], [5, 0], [3, 4], [6, 0], [4, 4], [5, 0], [5, 4]], "a_eggs_laid": [0, 0, 0, 0, 0, 0, 0, 0, 0, 0, 0, 0, 0, 0, 0, 0, 0, 0, 0, 0, 0], "b_eggs_laid": [0, 0, 0, 0, 0, 0, 0, 0, 0, 0, 0, 0, 0, 0, 0, 0, 0, 0, 0, 0, 0], "a_turds_left": [5, 5, 4, 4, 3, 3, 2, 2, 2, 2, 1, 1, 0, 0, 0, 0, 0, 0, 0, 0, 0], "b_turds_left": [5, 5, 5, 5, 5, 5, 5, 5, 5, 5, 5, 5, 5, 5, 5, 5, 5, 5, 5, 5, 5], "a_time_left": [358.4692793339491, 358.4692793339491, 356.96315100230277, 356.96315100230277, 355.4574406258762, 355.4574406258762, 353.9516598340124, 353.9516598340124, 352.44614462554455, 352.44614462554455, 350.94036195985973, 350.94036195985973, 349.43549604155123, 349.43549604155123, 347.9300627503544, 347.9300627503544, 346.42444474995136, 346.42444474995136, 344.9189256671816, 344.9189256671816, 343.4134304597974], "b_time_left": [360, 358.7885531652719, 358.7885531652719, 358.24873670749366, 358.24873670749366, 357.15013920888305, 357.15013920888305, 356.6689010411501, 356.6689010411501, 355.5504624173045, 355.5504624173045, 355.0681628789753, 355.0681628789753, 354.14029550366104, 354.14029550366104, 353.75792066939175, 353.75792066939175, 352.931357877329, 352.931357877329, 352.5583815854043, 352.5583815854043], "a_moves_left": [39, 39, 38, 38, 37, 37, 36, 36, 35, 35, 34, 34, 33, 33, 32, 32, 31, 31, 30, 30, 29], "b_moves_left": [40, 39, 39, 38, 38, 37, 37, 36, 36, 35, 35, 34, 34, 33, 33, 32, 32, 31, 31, 30, 30], "trapdoor_triggered": [0, 0, 0, 0, 0, 0, 0, 0, 0, 0, 0, 0, 0, 0, 0, 0, 0, 0, 0, 0, 0], "left_behind": ["plain", "plain", "turd", "plain", "turd", "plain", "turd", "plain", "plain", "plain", "turd", "plain", "turd", "plain", "plain", "plain", "plain", "plain", "plain", "plain", "plain"], "errlog_a": "", "errlog_b": "Timeout", "start_time": 360, "start_moves": 40, "turn_count": 21, "result": 0, "reason": "CODE_CRASH", "trapdoors": [[2, 2], [2, 5]], "spawn_a": [5, 7], "spawn_b": [5, 0]}