{"pos": [[3, 6], [2, 0], [3, 7], [1, 0], [2, 7], [0, 0], [1, 7], [1, 0], [0, 7], [0, 0], [0, 6], [1, 0], [1, 6], [0, 0], [1, 5], [1, 0], [1, 6], [0, 0], [0, 6], [1, 0], [0, 7], [0, 0], [1, 7], [1, 0], [1, 6], [0, 0], [1, 5], [1, 0], [0, 5], [0, 0], [0, 6], [1, 0], [1, 6], [0, 0], [1, 7], [1, 0], [1, 6], [0, 0], [1, 5], [1, 0], [1, 6], [0, 0], [1, 7], [1, 0], [1, 6], [0, 0], [2, 6], [1, 0], [2, 5], [0, 0], [2, 6], [1, 0], [2, 5], [0, 0], [1, 5], [1, 0], [1, 6], [0, 0], [1, 7], [1, 0], [2, 7], [0, 0], [2, 6], [1, 0], [3, 6], [0, 0], [2, 6], [1, 0], [2, 5], [0, 0], [2, 4], [1, 0], [2, 5], [0, 0], [2, 6], [1, 0], [3, 6], [0, 0], [3, 5], [1, 0]], "a_eggs_laid": [0, 0, 0, 0, 0, 0, 0, 0, 0, 0, 0, 0, 0, 0, 0, 0, 0, 0, 0, 0, 0, 0, 0, 0, 0, 0, 0, 0, 0, 0, 0, 0, 0, 0, 0, 0, 1, 1, 1, 1, 1, 1, 1, 1, 1, 1, 1, 1, 2, 2, 2, 2, 2, 2, 2, 2, 2, 2, 2, 2, 2, 2, 2, 2, 2, 2, 2, 2, 2, 2, 2, 2, 3, 3, 3, 3, 3, 3, 3, 3], "b_eggs_laid": [0, 0, 0, 0, 0, 0, 0, 0, 0, 0, 0, 0, 0, 0, 0, 0, 0, 0, 0, 0, 0, 1, 1, 1, 1, 1, 1, 1, 1, 1, 1, 1, 1, 1, 1, 1, 1, 1, 1, 1, 1, 1, 1, 1, 1, 1, 1, 1, 1, 1, 1, 1, 1, 1, 1, 1, 1, 1, 1, 1, 1, 1, 1, 1, 1, 1, 1, 1, 1, 1, 1, 1, 1, 1, 1, 1, 1, 1, 1, 5], "a_turds_left": [4, 4, 4, 4, 4, 4, 3, 3, 3, 3, 2, 2, 1, 1, 1, 1, 1, 1, 0, 0, 0, 0, 0, 0, 0, 0, 0, 0, 0, 0, 0, 0, 0, 0, 0, 0, 0, 0, 0, 0, 0, 0, 0, 0, 0, 0, 0, 0, 0, 0, 0, 0, 0, 0, 0, 0, 0, 0, 0, 0, 0, 0, 0, 0, 0, 0, 0, 0, 0, 0, 0, 0, 0, 0, 0, 0, 0, 0, 0, 0], "b_turds_left": [5, 5, 5, 5, 5, 5, 5, 4, 4, 4, 4, 4, 4, 4, 4, 4, 4, 4, 4, 4, 4, 4, 4, 4, 4, 4, 4, 4, 4, 4, 4, 4, 4, 4, 4, 4, 4, 4, 4, 4, 4, 4, 4, 4, 4, 4, 4, 4, 4, 4, 4, 4, 4, 4, 4, 4, 4, 4, 4, 4, 4, 4, 4, 4, 4, 4, 4, 4, 4, 4, 4, 4, 4, 4, 4, 4, 4, 4, 4, 4], "a_time_left": [358.47031025215983, 358.47031025215983, 356.96473675221205, 356.96473675221205, 355.4594148788601, 355.4594148788601, 353.95291504636407, 353.95291504636407, 352.4459060449153, 352.4459060449153, 350.9433201290667, 350.9433201290667, 349.4376455023885, 349.4376455023885, 347.9323859587312, 347.9323859587312, 346.42672745883465, 346.42672745883465, 344.92084250226617, 344.92084250226617, 343.4191112089902, 343.4191112089902, 341.9129610005766, 341.9129610005766, 340.4070283770561, 340.4070283770561, 338.9010833352804, 338.9010833352804, 337.39537696167827, 337.39537696167827, 335.8856295850128, 335.8856295850128, 334.37732841819525, 334.37732841819525, 332.87146779336035, 332.87146779336035, 331.3691482115537, 331.3691482115537, 329.8646368384361, 329.8646368384361, 328.3584262970835, 328.3584262970835, 326.8526366725564, 326.8526366725564, 325.34676229581237, 325.34676229581237, 323.84081804566085, 323.84081804566085, 322.33558662980795, 322.33558662980795, 320.8328799661249, 320.8328799661249, 319.3268794249743, 319.3268794249743, 317.8215427994728, 317.8215427994728, 316.3173567149788, 316.3173567149788, 314.81142363138497, 314.81142363138497, 313.30583275668323, 313.30583275668323, 311.79949446581304, 311.79949446581304, 310.29863688349724, 310.29863688349724, 308.7933996748179, 308.7933996748179, 307.2873346749693, 307.2873346749693, 305.7836274281144, 305.7836274281144, 304.2774353027344, 304.2774353027344, 302.771858593449, 302.771858593449, 301.2662149704993, 301.2662149704993, 299.76060084439814, 299.76060084439814], "b_time_left": [360, 358.6420607473701, 358.6420607473701, 357.9657632037997, 357.9657632037997, 356.96378691121936, 356.96378691121936, 356.5247103702277, 356.5247103702277, 355.7068022042513, 355.7068022042513, 355.37649337016046, 355.37649337016046, 354.4769704937935, 354.4769704937935, 354.13911082595587, 354.13911082595587, 353.25696936808527, 353.25696936808527, 352.99307920224965, 352.99307920224965, 291.98336253874004, 291.98336253874004, 275.97842795588076, 275.97842795588076, 253.9271678328514, 253.9271678328514, 237.55791491642594, 237.55791491642594, 215.5523155424744, 215.5523155424744, 198.88867275044322, 198.88867275044322, 176.00361841730773, 176.00361841730773, 159.0815491657704, 159.0815491657704, 136.31289703957736, 136.31289703957736, 119.82995149493217, 119.82995149493217, 96.87013082765043, 96.87013082765043, 79.81731770373881, 79.81731770373881, 56.419917453080416, 56.419917453080416, 52.35235941037536, 52.35235941037536, 46.493418326601386, 46.493418326601386, 42.342072827741504, 42.342072827741504, 36.93648811802268, 36.93648811802268, 33.16087611950934, 33.16087611950934, 26.881178451702, 26.881178451702, 23.131365284323692, 23.131365284323692, 17.338792411610484, 17.338792411610484, 17.335431704297662, 17.335431704297662, 17.333348164334893, 17.333348164334893, 17.33101978711784, 17.33101978711784, 17.328121535480022, 17.328121535480022, 17.32419265806675, 17.32419265806675, 17.319420823827386, 17.319420823827386, 17.314890490844846, 17.314890490844846, 17.309235282242298, 17.309235282242298, 17.30857148952782], "a_moves_left": [39, 39, 38, 38, 37, 37, 36, 36, 35, 35, 34, 34, 33, 33, 32, 32, 31, 31, 30, 30, 29, 29, 28, 28, 27, 27, 26, 26, 25, 25, 24, 24, 23, 23, 22, 22, 21, 21, 20, 20, 19, 19, 18, 18, 17, 17, 16, 16, 15, 15, 14, 14, 13, 13, 12, 12, 11, 11, 10, 10, 9, 9, 8, 8, 7, 7, 6, 6, 5, 5, 4, 4, 3, 3, 2, 2, 1, 1, 0, 0], "b_moves_left": [40, 39, 39, 38, 38, 37, 37, 36, 36, 35, 35, 34, 34, 33, 33, 32, 32, 31, 31, 30, 30, 29, 29, 28, 28, 27, 27, 26, 26, 25, 25, 24, 24, 23, 23, 22, 22, 21, 21, 20, 20, 19, 19, 18, 18, 17, 17, 16, 16, 15, 15, 14, 14, 13, 13, 12, 12, 11, 11, 10, 10, 9, 9, 8, 8, 7, 7, 6, 6, 5, 5, 4, 4, 3, 3, 2, 2, 1, 1, 0], "trapdoor_triggered": [0, 0, 0, 0, 0, 0, 0, 0, 0, 0, 0, 0, 0, 0, 0, 0, 0, 0, 0, 0, 0, 0, 0, 0, 0, 0, 0, 0, 0, 0, 0, 0, 0, 0, 0, 0, 0, 0, 0, 0, 0, 0, 0, 0, 0, 0, 0, 0, 0, 0, 0, 0, 0, 0, 0, 0, 0, 0, 0, 0, 0, 0, 0, 0, 0, 0, 0, 0, 0, 0, 0, 0, 0, 0, 0, 0, 0, 0, 1, 0], "left_behind": ["turd", "plain", "plain", "plain", "plain", "plain", "turd", "turd", "plain", "plain", "turd", "plain", "turd", "plain", "plain", "plain", "plain", "plain", "turd", "plain", "plain", "egg", "plain", "plain", "plain", "plain", "plain", "plain", "plain", "plain", "plain", "plain", "plain", "plain", "plain", "plain", "egg", "plain", "plain", "plain", "plain", "plain", "plain", "plain", "plain", "plain", "plain", "plain", "egg", "plain", "plain", "plain", "plain", "plain", "plain", "plain", "plain", "plain", "plain", "plain", "plain", "plain", "plain", "plain", "plain", "plain", "plain", "plain", "plain", "plain", "plain", "plain", "egg", "plain", "plain", "plain", "plain", "plain", "plain", "plain"], "errlog_a": "", "errlog_b": "", "start_time": 360, "start_moves": 40, "turn_count": 80, "result": 1, "reason": "EGGS_LAID", "trapdoors": [[3, 5], [4, 5]], "spawn_a": [3, 7], "spawn_b": [3, 0]}