{"pos": [[6, 1], [6, 6], [5, 1], [5, 6], [4, 1], [5, 5], [5, 1], [5, 4], [5, 0], [4, 4], [6, 0], [5, 7], [5, 0], [5, 6], [5, 1], [5, 5], [5, 2], [5, 6], [7, 0], [5, 5], [7, 1], [5, 6], [7, 2], [5, 5], [7, 3], [5, 6]], "a_eggs_laid": [1, 1, 1, 1, 1, 1, 1, 1, 2, 2, 6, 6, 6, 6, 6, 6, 6, 6, 6, 6, 6, 6, 6, 6, 6, 6], "b_eggs_laid": [0, 1, 1, 1, 1, 2, 2, 2, 2, 3, 3, 3, 3, 3, 3, 3, 3, 7, 7, 7, 7, 7, 7, 7, 7, 7], "a_turds_left": [5, 5, 5, 5, 5, 5, 4, 4, 4, 4, 4, 4, 4, 4, 4, 4, 4, 4, 4, 4, 4, 4, 3, 3, 3, 3], "b_turds_left": [5, 5, 5, 5, 5, 5, 5, 5, 5, 5, 5, 5, 5, 5, 5, 5, 5, 5, 5, 5, 5, 5, 5, 5, 5, 5], "a_time_left": [358.4701736662537, 358.4701736662537, 356.9646933339536, 356.9646933339536, 355.4591739587486, 355.4591739587486, 353.95378683134913, 353.95378683134913, 352.44830412231386, 352.44830412231386, 350.94276987202466, 350.94276987202466, 349.4370938297361, 349.4370938297361, 347.9316006619483, 347.9316006619483, 346.4260696619749, 346.4260696619749, 344.9205696620047, 344.9205696620047, 343.4152183700353, 343.4152183700353, 341.9100340344012, 341.9100340344012, 340.40458436869085, 340.40458436869085], "b_time_left": [360, 359.97334720753133, 359.97334720753133, 359.8133094571531, 359.8133094571531, 359.7531078308821, 359.7531078308821, 359.6342609990388, 359.6342609990388, 359.57656441628933, 359.57656441628933, 359.5420701652765, 359.5420701652765, 359.49442612566054, 359.49442612566054, 359.44463808462024, 359.44463808462024, 359.3030230011791, 359.3030230011791, 359.2596427500248, 359.2596427500248, 359.0750930402428, 359.0750930402428, 359.0279228724539, 359.0279228724539, 358.84653978794813], "a_moves_left": [39, 39, 38, 38, 37, 37, 36, 36, 35, 35, 34, 34, 33, 33, 32, 32, 31, 31, 30, 30, 29, 29, 28, 28, 27, 27], "b_moves_left": [40, 39, 39, 38, 38, 37, 37, 36, 36, 35, 35, 34, 34, 33, 33, 32, 32, 31, 31, 30, 30, 29, 29, 28, 28, 27], "trapdoor_triggered": [0, 0, 0, 0, 0, 0, 0, 0, 0, 1, 0, 0, 0, 0, 0, 0, 1, 0, 0, 0, 0, 0, 0, 0, 0, 0], "left_behind": ["egg", "egg", "plain", "plain", "plain", "egg", "turd", "plain", "egg", "egg", "plain", "plain", "plain", "plain", "plain", "plain", "plain", "plain", "plain", "plain", "plain", "plain", "turd", "plain", "plain", "plain"], "errlog_a": "Timeout", "errlog_b": "", "start_time": 360, "start_moves": 40, "turn_count": 26, "result": 1, "reason": "CODE_CRASH", "trapdoors": [[4, 4], [5, 2]], "spawn_a": [6, 0], "spawn_b": [6, 7]}