{"pos": [[2, 7], [1, 1], [3, 7], [1, 2], [2, 7], [1, 3], [1, 7], [2, 3], [0, 7], [2, 4], [1, 7], [3, 4], [1, 6], [3, 5], [2, 6], [1, 1], [1, 6], [1, 2], [0, 6], [1, 3], [1, 6], [1, 2], [1, 7], [1, 1], [1, 6], [1, 0], [1, 7], [0, 0], [0, 7], [1, 0], [1, 7], [0, 0], [0, 7], [1, 0], [1, 7], [0, 0], [1, 6], [1, 0], [1, 7], [0, 0], [2, 7], [1, 0], [3, 7], [0, 0], [2, 7], [1, 0], [1, 7], [0, 0], [2, 7], [1, 0], [1, 7], [0, 0], [1, 6], [1, 0], [0, 6], [0, 0], [0, 5], [1, 0], [0, 4], [0, 0], [0, 3], [1, 0], [0, 4], [0, 0], [0, 5], [1, 0], [1, 5], [0, 0], [0, 5], [1, 0], [1, 5], [0, 0], [0, 5], [1, 0], [0, 6], [0, 0], [1, 6], [1, 0], [1, 7], [0, 0]], "a_eggs_laid": [0, 0, 0, 0, 0, 0, 0, 0, 0, 0, 0, 0, 0, 0, 4, 4, 4, 4, 4, 4, 4, 4, 4, 4, 4, 4, 4, 4, 4, 4, 4, 4, 4, 4, 4, 4, 4, 4, 4, 4, 4, 4, 4, 4, 4, 4, 4, 4, 4, 4, 4, 4, 4, 4, 4, 4, 4, 4, 4, 4, 5, 5, 5, 5, 5, 5, 5, 5, 6, 6, 6, 6, 6, 6, 6, 6, 6, 6, 6, 6], "b_eggs_laid": [0, 1, 1, 1, 1, 2, 2, 2, 2, 3, 3, 3, 3, 4, 4, 4, 4, 4, 4, 4, 4, 4, 4, 4, 4, 4, 4, 4, 4, 4, 4, 4, 4, 4, 4, 4, 4, 4, 4, 4, 4, 4, 4, 4, 4, 4, 4, 4, 4, 4, 4, 4, 4, 4, 4, 4, 4, 4, 4, 4, 4, 4, 4, 4, 4, 4, 4, 4, 4, 4, 4, 4, 4, 4, 4, 4, 4, 4, 4, 4], "a_turds_left": [4, 4, 3, 3, 3, 3, 3, 3, 3, 3, 3, 3, 3, 3, 3, 3, 3, 3, 3, 3, 3, 3, 3, 3, 3, 3, 2, 2, 2, 2, 1, 1, 1, 1, 1, 1, 1, 1, 1, 1, 1, 1, 1, 1, 1, 1, 1, 1, 1, 1, 1, 1, 1, 1, 1, 1, 1, 1, 1, 1, 1, 1, 0, 0, 0, 0, 0, 0, 0, 0, 0, 0, 0, 0, 0, 0, 0, 0, 0, 0], "b_turds_left": [5, 5, 5, 5, 5, 5, 5, 5, 5, 5, 5, 5, 5, 5, 5, 5, 5, 5, 5, 5, 5, 5, 5, 5, 5, 5, 5, 5, 5, 4, 4, 4, 4, 4, 4, 4, 4, 4, 4, 4, 4, 4, 4, 4, 4, 4, 4, 4, 4, 4, 4, 4, 4, 4, 4, 4, 4, 4, 4, 4, 4, 4, 4, 4, 4, 4, 4, 4, 4, 4, 4, 4, 4, 4, 4, 4, 4, 4, 4, 4], "a_time_left": [358.4806121662259, 358.4806121662259, 356.9746079146862, 356.9746079146862, 355.4714067466557, 355.4714067466557, 353.9659817907959, 353.9659817907959, 352.4604393746704, 352.4604393746704, 350.95508816652, 350.95508816652, 349.44953024946153, 349.44953024946153, 347.9435143340379, 347.9435143340379, 346.43824479170144, 346.43824479170144, 344.93290674872696, 344.93290674872696, 343.42725574970245, 343.42725574970245, 341.92159687541425, 341.92159687541425, 340.4159562084824, 340.4159562084824, 338.9103055000305, 338.9103055000305, 337.4047132078558, 337.4047132078558, 335.89912625029683, 335.89912625029683, 334.3935971669853, 334.3935971669853, 332.8880546260625, 332.8880546260625, 331.38238262571394, 331.38238262571394, 329.8767659589648, 329.8767659589648, 328.3711971268058, 328.3711971268058, 326.86587279476225, 326.86587279476225, 325.3603445868939, 325.3603445868939, 323.85482462868094, 323.85482462868094, 322.34931779652834, 322.34931779652834, 320.8438964225352, 320.8438964225352, 319.33819875493646, 319.33819875493646, 317.83221896365285, 317.83221896365285, 316.32664804905653, 316.32664804905653, 314.82095171511173, 314.82095171511173, 313.31523279845715, 313.31523279845715, 311.8095911294222, 311.8095911294222, 310.3078148793429, 310.3078148793429, 308.8022631704807, 308.8022631704807, 307.3008619211614, 307.3008619211614, 305.7953087538481, 305.7953087538481, 304.29010875336826, 304.29010875336826, 302.78625516965985, 302.78625516965985, 301.2805675435811, 301.2805675435811, 299.774985043332, 299.774985043332], "b_time_left": [360, 359.9952990822494, 359.9952990822494, 359.97993770614266, 359.97993770614266, 359.9630589969456, 359.9630589969456, 359.9436376634985, 359.9436376634985, 359.9253284558654, 359.9253284558654, 359.9108879547566, 359.9108879547566, 359.8907249122858, 359.8907249122858, 359.8846650775522, 359.8846650775522, 359.8772512432188, 359.8772512432188, 359.86927995085716, 359.86927995085716, 359.82305815815926, 359.82305815815926, 359.79082403331995, 359.79082403331995, 359.748428074643, 359.748428074643, 359.71961653232574, 359.71961653232574, 359.69965053349733, 359.69965053349733, 359.67459649406374, 359.67459649406374, 359.6621078681201, 359.6621078681201, 359.63695661723614, 359.63695661723614, 359.62161282636225, 359.62161282636225, 359.5936195347458, 359.5936195347458, 359.57928361929953, 359.57928361929953, 359.55763791128993, 359.55763791128993, 359.5438012480736, 359.5438012480736, 359.5186516251415, 359.5186516251415, 359.503436293453, 359.503436293453, 359.47679729387164, 359.47679729387164, 359.46590125374496, 359.46590125374496, 359.44229933805764, 359.44229933805764, 359.427682755515, 359.427682755515, 359.4062904212624, 359.4062904212624, 359.3917650897056, 359.3917650897056, 359.3711215890944, 359.3711215890944, 359.35983658768237, 359.35983658768237, 359.3368362952024, 359.3368362952024, 359.33023150265217, 359.33023150265217, 359.30614583566785, 359.30614583566785, 359.30213846080005, 359.30213846080005, 359.27854987606406, 359.27854987606406, 359.2678207922727, 359.2678207922727, 359.26667825318873], "a_moves_left": [39, 39, 38, 38, 37, 37, 36, 36, 35, 35, 34, 34, 33, 33, 32, 32, 31, 31, 30, 30, 29, 29, 28, 28, 27, 27, 26, 26, 25, 25, 24, 24, 23, 23, 22, 22, 21, 21, 20, 20, 19, 19, 18, 18, 17, 17, 16, 16, 15, 15, 14, 14, 13, 13, 12, 12, 11, 11, 10, 10, 9, 9, 8, 8, 7, 7, 6, 6, 5, 5, 4, 4, 3, 3, 2, 2, 1, 1, 0, 0], "b_moves_left": [40, 39, 39, 38, 38, 37, 37, 36, 36, 35, 35, 34, 34, 33, 33, 32, 32, 31, 31, 30, 30, 29, 29, 28, 28, 27, 27, 26, 26, 25, 25, 24, 24, 23, 23, 22, 22, 21, 21, 20, 20, 19, 19, 18, 18, 17, 17, 16, 16, 15, 15, 14, 14, 13, 13, 12, 12, 11, 11, 10, 10, 9, 9, 8, 8, 7, 7, 6, 6, 5, 5, 4, 4, 3, 3, 2, 2, 1, 1, 0], "trapdoor_triggered": [0, 0, 0, 0, 0, 0, 0, 0, 0, 0, 0, 0, 0, 1, 0, 0, 0, 0, 0, 0, 0, 0, 0, 0, 0, 0, 0, 0, 0, 0, 0, 0, 0, 0, 0, 0, 0, 0, 0, 0, 0, 0, 0, 0, 0, 0, 0, 0, 0, 0, 0, 0, 0, 0, 0, 0, 0, 0, 0, 0, 0, 0, 0, 0, 0, 0, 0, 0, 0, 0, 0, 0, 0, 0, 0, 0, 0, 0, 0, 0], "left_behind": ["turd", "egg", "turd", "plain", "plain", "egg", "plain", "plain", "plain", "egg", "plain", "plain", "plain", "egg", "plain", "plain", "plain", "plain", "plain", "plain", "plain", "plain", "plain", "plain", "plain", "plain", "turd", "plain", "plain", "turd", "turd", "plain", "plain", "plain", "plain", "plain", "plain", "plain", "plain", "plain", "plain", "plain", "plain", "plain", "plain", "plain", "plain", "plain", "plain", "plain", "plain", "plain", "plain", "plain", "plain", "plain", "plain", "plain", "plain", "plain", "egg", "plain", "turd", "plain", "plain", "plain", "plain", "plain", "egg", "plain", "plain", "plain", "plain", "plain", "plain", "plain", "plain", "plain", "plain", "plain"], "errlog_a": "", "errlog_b": "", "start_time": 360, "start_moves": 40, "turn_count": 80, "result": 0, "reason": "EGGS_LAID", "trapdoors": [[3, 5], [5, 2]], "spawn_a": [1, 7], "spawn_b": [1, 0]}