{"pos": [[7, 4], [1, 5], [7, 5], [2, 5], [6, 5], [3, 5], [5, 5], [3, 4], [5, 4], [3, 3], [5, 3], [4, 3], [5, 4], [4, 4], [5, 3], [5, 4], [5, 2], [4, 4], [5, 3], [4, 3], [5, 2], [4, 4], [5, 3], [5, 4], [5, 2], [4, 4], [4, 2], [5, 4], [6, 5], [4, 4], [5, 5], [4, 5], [5, 6], [3, 5], [6, 6], [2, 5], [7, 6], [2, 4], [6, 6], [2, 3], [7, 6], [1, 3], [6, 6], [1, 2], [7, 6], [1, 1], [7, 7], [2, 1], [6, 7], [2, 0], [7, 7], [3, 0], [6, 7], [4, 0], [5, 7], [4, 1], [4, 7], [4, 0], [3, 7], [5, 0], [2, 7], [6, 0], [3, 7], [6, 1], [4, 7], [7, 1], [4, 6], [7, 2], [5, 6], [7, 3], [4, 6], [6, 3], [4, 7], [7, 3], [5, 7], [7, 2], [5, 6], [7, 1], [5, 5], [6, 1]], "a_eggs_laid": [0, 0, 0, 0, 0, 0, 0, 0, 0, 0, 0, 0, 0, 0, 0, 0, 1, 1, 1, 1, 1, 1, 1, 1, 1, 1, 1, 1, 1, 1, 1, 1, 2, 2, 2, 2, 2, 2, 2, 2, 3, 3, 3, 3, 3, 3, 3, 3, 3, 3, 3, 3, 6, 6, 6, 6, 7, 7, 7, 7, 8, 8, 8, 8, 8, 8, 8, 8, 8, 8, 8, 8, 9, 9, 9, 9, 9, 9, 9, 9], "b_eggs_laid": [0, 1, 1, 1, 1, 2, 2, 2, 2, 3, 3, 3, 3, 4, 4, 4, 4, 5, 5, 5, 5, 5, 5, 5, 5, 5, 5, 9, 9, 9, 9, 9, 9, 10, 10, 10, 10, 10, 10, 10, 10, 11, 11, 11, 11, 12, 12, 12, 12, 13, 13, 13, 13, 14, 14, 14, 14, 15, 15, 15, 15, 16, 16, 16, 16, 17, 17, 17, 17, 18, 18, 18, 18, 19, 19, 19, 19, 19, 19, 19], "a_turds_left": [4, 4, 4, 4, 4, 4, 3, 3, 3, 3, 3, 3, 3, 3, 3, 3, 3, 3, 2, 2, 2, 2, 2, 2, 2, 2, 2, 2, 2, 2, 2, 2, 2, 2, 2, 2, 2, 2, 1, 1, 1, 1, 1, 1, 1, 1, 1, 1, 1, 1, 0, 0, 0, 0, 0, 0, 0, 0, 0, 0, 0, 0, 0, 0, 0, 0, 0, 0, 0, 0, 0, 0, 0, 0, 0, 0, 0, 0, 0, 0], "b_turds_left": [5, 5, 5, 5, 5, 5, 5, 4, 4, 4, 4, 3, 3, 3, 3, 3, 3, 3, 3, 3, 3, 3, 3, 3, 3, 3, 3, 3, 3, 3, 3, 3, 3, 3, 3, 3, 3, 3, 3, 2, 2, 2, 2, 1, 1, 1, 1, 0, 0, 0, 0, 0, 0, 0, 0, 0, 0, 0, 0, 0, 0, 0, 0, 0, 0, 0, 0, 0, 0, 0, 0, 0, 0, 0, 0, 0, 0, 0, 0, 0], "a_time_left": [358.4835564997047, 358.4835564997047, 356.976962832734, 356.976962832734, 355.470582164824, 355.470582164824, 353.9645242486149, 353.9645242486149, 352.4613558743149, 352.4613558743149, 350.95580954290926, 350.95580954290926, 349.44948462583125, 349.44948462583125, 347.9442057926208, 347.9442057926208, 346.4428113773465, 346.4428113773465, 344.93762158602476, 344.93762158602476, 343.42411546222866, 343.42411546222866, 341.92157771252096, 341.92157771252096, 340.4161889217794, 340.4161889217794, 338.9109011720866, 338.9109011720866, 337.40546721220016, 337.40546721220016, 335.90000300481915, 335.90000300481915, 334.39450571499765, 334.39450571499765, 332.88909754902124, 332.88909754902124, 331.3836140502244, 331.3836140502244, 329.8782154265791, 329.8782154265791, 328.37274938449264, 328.37274938449264, 326.8672843836248, 326.8672843836248, 325.3617997597903, 325.3617997597903, 323.8564068842679, 323.8564068842679, 322.3509790915996, 322.3509790915996, 320.84558526054025, 320.84558526054025, 319.3401780128479, 319.3401780128479, 317.8347750119865, 317.8347750119865, 316.3293711375445, 316.3293711375445, 314.823766220361, 314.823766220361, 313.31827655248344, 313.31827655248344, 311.81291292980313, 311.81291292980313, 310.30748676136136, 310.30748676136136, 308.8021151777357, 308.8021151777357, 307.29701930470765, 307.29701930470765, 305.7918614298105, 305.7918614298105, 304.2862233873457, 304.2862233873457, 302.78081567958, 302.78081567958, 301.27517555467784, 301.27517555467784, 299.76978396996856, 299.76978396996856], "b_time_left": [360, 325.09227458387613, 325.09227458387613, 284.5501550845802, 284.5501550845802, 280.6894221268594, 280.6894221268594, 270.54118821024895, 270.54118821024895, 268.0574704166502, 268.0574704166502, 255.50865629129112, 255.50865629129112, 252.7090053744614, 252.7090053744614, 251.36359824799, 251.36359824799, 250.00938412174582, 250.00938412174582, 248.56709562055767, 248.56709562055767, 246.8515102043748, 246.8515102043748, 245.57680974714458, 245.57680974714458, 244.62140120752156, 244.62140120752156, 243.7446155399084, 243.7446155399084, 243.35462399758399, 243.35462399758399, 241.18468003720045, 241.18468003720045, 240.6154780369252, 240.6154780369252, 239.38001703843474, 239.38001703843474, 238.57744907960296, 238.57744907960296, 235.4347740355879, 235.4347740355879, 234.13274753466249, 234.13274753466249, 231.95466365851462, 231.95466365851462, 231.2690248657018, 231.2690248657018, 230.38164215534925, 230.38164215534925, 229.99103049002588, 229.99103049002588, 229.85646144859493, 229.85646144859493, 229.78389161638916, 229.78389161638916, 229.71609965898097, 229.71609965898097, 229.45600736886263, 229.45600736886263, 229.41666141152382, 229.41666141152382, 229.39120416156948, 229.39120416156948, 229.32706874608994, 229.32706874608994, 229.30829649604857, 229.30829649604857, 229.25913420505822, 229.25913420505822, 229.247912498191, 229.247912498191, 229.23211270570755, 229.23211270570755, 229.22196166217327, 229.22196166217327, 229.19945424422622, 229.19945424422622, 229.184881368652, 229.184881368652, 229.14357986859977], "a_moves_left": [39, 39, 38, 38, 37, 37, 36, 36, 35, 35, 34, 34, 33, 33, 32, 32, 31, 31, 30, 30, 29, 29, 28, 28, 27, 27, 26, 26, 25, 25, 24, 24, 23, 23, 22, 22, 21, 21, 20, 20, 19, 19, 18, 18, 17, 17, 16, 16, 15, 15, 14, 14, 13, 13, 12, 12, 11, 11, 10, 10, 9, 9, 8, 8, 7, 7, 6, 6, 5, 5, 4, 4, 3, 3, 2, 2, 1, 1, 0, 0], "b_moves_left": [40, 39, 39, 38, 38, 37, 37, 36, 36, 35, 35, 34, 34, 33, 33, 32, 32, 31, 31, 30, 30, 29, 29, 28, 28, 27, 27, 26, 26, 25, 25, 24, 24, 23, 23, 22, 22, 21, 21, 20, 20, 19, 19, 18, 18, 17, 17, 16, 16, 15, 15, 14, 14, 13, 13, 12, 12, 11, 11, 10, 10, 9, 9, 8, 8, 7, 7, 6, 6, 5, 5, 4, 4, 3, 3, 2, 2, 1, 1, 0], "trapdoor_triggered": [0, 0, 0, 0, 0, 0, 0, 0, 0, 0, 0, 0, 0, 0, 0, 0, 0, 0, 0, 0, 0, 0, 0, 0, 0, 0, 1, 0, 0, 0, 0, 0, 0, 0, 0, 0, 0, 0, 0, 0, 0, 0, 0, 0, 0, 0, 0, 0, 0, 0, 0, 0, 0, 0, 0, 0, 0, 0, 0, 0, 0, 0, 0, 0, 0, 0, 0, 0, 0, 0, 0, 0, 0, 0, 0, 0, 0, 0, 0, 0], "left_behind": ["turd", "egg", "plain", "plain", "plain", "egg", "turd", "turd", "plain", "egg", "plain", "turd", "plain", "egg", "plain", "plain", "egg", "egg", "turd", "plain", "plain", "plain", "plain", "plain", "plain", "plain", "plain", "plain", "plain", "plain", "plain", "plain", "egg", "egg", "plain", "plain", "plain", "plain", "turd", "turd", "egg", "egg", "plain", "turd", "plain", "egg", "plain", "turd", "plain", "egg", "turd", "plain", "egg", "egg", "plain", "plain", "egg", "egg", "plain", "plain", "egg", "egg", "plain", "plain", "plain", "egg", "plain", "plain", "plain", "egg", "plain", "plain", "egg", "egg", "plain", "plain", "plain", "plain", "plain", "plain"], "errlog_a": "", "errlog_b": "", "start_time": 360, "start_moves": 40, "turn_count": 80, "result": 1, "reason": "EGGS_LAID", "trapdoors": [[4, 2], [3, 2]], "spawn_a": [7, 5], "spawn_b": [0, 5]}