{"pos": [[7, 6], [0, 4], [7, 5], [1, 4], [7, 4], [2, 4], [7, 3], [3, 4], [6, 3], [3, 3], [6, 2], [4, 3], [5, 2], [1, 5], [5, 3], [2, 5], [5, 4], [3, 5], [4, 4], [4, 5], [7, 4], [4, 4], [7, 5], [1, 5], [6, 5], [2, 5], [5, 5], [3, 5], [5, 4], [3, 4], [5, 3], [3, 3], [5, 2], [4, 3], [5, 3], [1, 5], [4, 3], [2, 5], [7, 4], [3, 5], [6, 4], [3, 4], [7, 4], [3, 3], [7, 3], [4, 3], [7, 2], [1, 5], [7, 1], [2, 5], [7, 2], [3, 5], [7, 3], [3, 4], [7, 4], [3, 3], [7, 3], [4, 3], [7, 4], [1, 5], [6, 4], [2, 5], [7, 4], [3, 5], [7, 3], [3, 4], [7, 4], [3, 3], [7, 5], [4, 3], [7, 6], [1, 5], [6, 6], [2, 5], [6, 7], [3, 5], [7, 7], [4, 5], [6, 7], [3, 5]], "a_eggs_laid": [0, 0, 0, 0, 0, 0, 0, 0, 1, 1, 1, 1, 5, 5, 5, 5, 6, 6, 6, 6, 6, 6, 10, 10, 10, 10, 10, 10, 10, 10, 10, 10, 10, 10, 14, 14, 14, 14, 14, 14, 14, 14, 14, 14, 14, 14, 18, 18, 18, 18, 19, 19, 19, 19, 19, 19, 19, 19, 23, 23, 23, 23, 23, 23, 23, 23, 23, 23, 23, 23, 27, 27, 27, 27, 28, 28, 28, 28, 28, 28], "b_eggs_laid": [0, 1, 1, 1, 1, 2, 2, 2, 2, 3, 3, 3, 3, 3, 3, 3, 3, 4, 4, 8, 8, 9, 9, 9, 9, 9, 9, 9, 9, 9, 9, 9, 9, 9, 9, 9, 9, 13, 13, 13, 13, 13, 13, 13, 13, 13, 13, 13, 13, 13, 13, 13, 13, 13, 13, 13, 13, 13, 13, 13, 13, 13, 13, 13, 13, 13, 13, 13, 13, 13, 13, 13, 13, 13, 13, 13, 13, 13, 13, 13], "a_turds_left": [4, 4, 3, 3, 3, 3, 3, 3, 3, 3, 3, 3, 2, 2, 2, 2, 2, 2, 2, 2, 2, 2, 2, 2, 2, 2, 1, 1, 1, 1, 1, 1, 1, 1, 0, 0, 0, 0, 0, 0, 0, 0, 0, 0, 0, 0, 0, 0, 0, 0, 0, 0, 0, 0, 0, 0, 0, 0, 0, 0, 0, 0, 0, 0, 0, 0, 0, 0, 0, 0, 0, 0, 0, 0, 0, 0, 0, 0, 0, 0], "b_turds_left": [5, 5, 5, 5, 5, 5, 5, 5, 5, 5, 5, 5, 5, 5, 5, 5, 5, 5, 5, 5, 5, 5, 5, 5, 5, 5, 5, 5, 5, 5, 5, 5, 5, 5, 5, 5, 5, 5, 5, 5, 5, 5, 5, 5, 5, 5, 5, 5, 5, 5, 5, 5, 5, 5, 5, 5, 5, 5, 5, 5, 5, 5, 5, 5, 5, 5, 5, 5, 5, 5, 5, 5, 5, 5, 5, 5, 5, 5, 5, 5], "a_time_left": [358.46517120860517, 358.46517120860517, 356.9606107920408, 356.9606107920408, 355.4550172071904, 355.4550172071904, 353.9493925832212, 353.9493925832212, 352.4482023343444, 352.4482023343444, 350.9426685422659, 350.9426685422659, 349.43653950095177, 349.43653950095177, 347.9308712501079, 347.9308712501079, 346.42524749971926, 346.42524749971926, 344.9196089580655, 344.9196089580655, 343.41397537477314, 343.41397537477314, 341.910672666505, 341.910672666505, 340.4049459155649, 340.4049459155649, 338.90254528820515, 338.90254528820515, 337.39686832763255, 337.39686832763255, 335.891233952716, 335.891233952716, 334.38558861613274, 334.38558861613274, 332.8800019491464, 332.8800019491464, 331.3738654088229, 331.3738654088229, 329.86822774633765, 329.86822774633765, 328.3473099153489, 328.3473099153489, 326.8416670411825, 326.8416670411825, 325.33612004108727, 325.33612004108727, 323.83051341585815, 323.83051341585815, 322.3248898740858, 322.3248898740858, 320.8192376662046, 320.8192376662046, 319.3133922498673, 319.3133922498673, 317.8078254144639, 317.8078254144639, 316.3022569976747, 316.3022569976747, 314.79669124633074, 314.79669124633074, 313.29113103821874, 313.29113103821874, 311.785698287189, 311.785698287189, 310.28047616407275, 310.28047616407275, 308.7752406243235, 308.7752406243235, 307.26981770806015, 307.26981770806015, 305.7645506244153, 305.7645506244153, 304.25929316692054, 304.25929316692054, 302.7534886673093, 302.7534886673093, 301.2477343361825, 301.2477343361825, 299.7424709610641, 299.7424709610641], "b_time_left": [360, 359.7518457919359, 359.7518457919359, 359.51374800130725, 359.51374800130725, 359.2132302094251, 359.2132302094251, 358.9252380859107, 358.9252380859107, 358.6625354606658, 358.6625354606658, 358.4393038339913, 358.4393038339913, 358.3539282064885, 358.3539282064885, 358.1518224552274, 358.1518224552274, 357.9508930388838, 357.9508930388838, 357.7880608718842, 357.7880608718842, 357.63197924755514, 357.63197924755514, 357.54727799631655, 357.54727799631655, 357.38927241414785, 357.38927241414785, 357.29187770560384, 357.29187770560384, 357.17372303828597, 357.17372303828597, 357.0889079142362, 357.0889079142362, 356.9059440381825, 356.9059440381825, 356.8275365382433, 356.8275365382433, 356.67140883021057, 356.67140883021057, 356.56870716251433, 356.56870716251433, 356.410249536857, 356.410249536857, 356.3266884535551, 356.3266884535551, 356.1310361623764, 356.1310361623764, 356.0599940381944, 356.0599940381944, 355.91742874495685, 355.91742874495685, 355.8220609948039, 355.8220609948039, 355.6704319100827, 355.6704319100827, 355.58817149326205, 355.58817149326205, 355.3767653256655, 355.3767653256655, 355.29848499037325, 355.29848499037325, 355.1460994500667, 355.1460994500667, 355.05522928386927, 355.05522928386927, 354.88347811996937, 354.88347811996937, 354.8125767428428, 354.8125767428428, 354.6415981166065, 354.6415981166065, 354.5821901168674, 354.5821901168674, 354.3414379917085, 354.3414379917085, 354.23231820203364, 354.23231820203364, 354.0999840348959, 354.0999840348959, 354.0987102445215], "a_moves_left": [39, 39, 38, 38, 37, 37, 36, 36, 35, 35, 34, 34, 33, 33, 32, 32, 31, 31, 30, 30, 29, 29, 28, 28, 27, 27, 26, 26, 25, 25, 24, 24, 23, 23, 22, 22, 21, 21, 20, 20, 19, 19, 18, 18, 17, 17, 16, 16, 15, 15, 14, 14, 13, 13, 12, 12, 11, 11, 10, 10, 9, 9, 8, 8, 7, 7, 6, 6, 5, 5, 4, 4, 3, 3, 2, 2, 1, 1, 0, 0], "b_moves_left": [40, 39, 39, 38, 38, 37, 37, 36, 36, 35, 35, 34, 34, 33, 33, 32, 32, 31, 31, 30, 30, 29, 29, 28, 28, 27, 27, 26, 26, 25, 25, 24, 24, 23, 23, 22, 22, 21, 21, 20, 20, 19, 19, 18, 18, 17, 17, 16, 16, 15, 15, 14, 14, 13, 13, 12, 12, 11, 11, 10, 10, 9, 9, 8, 8, 7, 7, 6, 6, 5, 5, 4, 4, 3, 3, 2, 2, 1, 1, 0], "trapdoor_triggered": [0, 0, 0, 0, 0, 0, 0, 0, 0, 0, 0, 1, 0, 0, 0, 0, 0, 0, 1, 0, 0, 1, 0, 0, 0, 0, 0, 0, 0, 0, 0, 0, 0, 1, 0, 0, 1, 0, 0, 0, 0, 0, 0, 0, 0, 1, 0, 0, 0, 0, 0, 0, 0, 0, 0, 0, 0, 1, 0, 0, 0, 0, 0, 0, 0, 0, 0, 0, 0, 1, 0, 0, 0, 0, 0, 0, 0, 0, 0, 0], "left_behind": ["turd", "egg", "turd", "plain", "plain", "egg", "plain", "plain", "egg", "egg", "plain", "plain", "turd", "plain", "plain", "plain", "egg", "egg", "plain", "plain", "plain", "egg", "plain", "plain", "plain", "plain", "turd", "plain", "plain", "plain", "plain", "plain", "plain", "plain", "turd", "plain", "plain", "plain", "plain", "plain", "plain", "plain", "plain", "plain", "plain", "plain", "plain", "plain", "plain", "plain", "egg", "plain", "plain", "plain", "plain", "plain", "plain", "plain", "plain", "plain", "plain", "plain", "plain", "plain", "plain", "plain", "plain", "plain", "plain", "plain", "plain", "plain", "plain", "plain", "egg", "plain", "plain", "plain", "plain", "plain"], "errlog_a": "", "errlog_b": "", "start_time": 360, "start_moves": 40, "turn_count": 80, "result": 0, "reason": "EGGS_LAID", "trapdoors": [[4, 4], [4, 3]], "spawn_a": [7, 5], "spawn_b": [0, 5]}