{"pos": [[1, 2], [6, 2], [2, 2], [5, 2], [1, 2], [5, 3], [1, 1], [4, 3], [1, 2], [3, 3], [2, 2], [4, 3], [2, 3], [3, 3], [2, 2], [4, 3], [1, 2], [3, 3], [2, 2], [4, 3], [1, 2], [3, 3], [0, 2], [4, 3], [0, 1], [3, 3], [0, 0], [4, 3], [1, 0], [3, 3], [0, 0], [4, 3], [0, 1], [3, 3], [0, 0], [4, 3], [0, 1], [3, 3], [1, 1], [4, 3], [0, 1], [3, 3], [0, 2], [4, 3], [1, 2], [3, 3], [2, 2], [4, 3], [3, 2], [3, 3], [4, 2], [4, 3], [3, 2], [3, 3], [3, 1], [4, 3], [3, 2], [3, 3], [2, 2], [4, 3], [3, 2], [3, 3]], "a_eggs_laid": [1, 1, 1, 1, 1, 1, 1, 1, 2, 2, 2, 2, 2, 2, 2, 2, 2, 2, 2, 2, 2, 2, 2, 2, 2, 2, 2, 2, 2, 2, 2, 2, 2, 2, 2, 2, 2, 2, 2, 2, 2, 2, 2, 2, 2, 2, 2, 2, 2, 2, 2, 2, 2, 2, 2, 2, 3, 3, 3, 3, 3, 3], "b_eggs_laid": [0, 1, 1, 1, 1, 2, 2, 2, 2, 3, 3, 3, 3, 3, 3, 3, 3, 3, 3, 3, 3, 3, 3, 3, 3, 3, 3, 3, 3, 3, 3, 3, 3, 3, 3, 3, 3, 3, 3, 3, 3, 3, 3, 3, 3, 3, 3, 3, 3, 3, 3, 3, 3, 3, 3, 3, 3, 3, 3, 3, 3, 3], "a_turds_left": [5, 5, 4, 4, 3, 3, 3, 3, 3, 3, 3, 3, 3, 3, 3, 3, 3, 3, 3, 3, 3, 3, 3, 3, 3, 3, 3, 3, 2, 2, 1, 1, 1, 1, 0, 0, 0, 0, 0, 0, 0, 0, 0, 0, 0, 0, 0, 0, 0, 0, 0, 0, 0, 0, 0, 0, 0, 0, 0, 0, 0, 0], "b_turds_left": [5, 5, 5, 5, 5, 5, 5, 5, 5, 5, 5, 5, 5, 5, 5, 5, 5, 5, 5, 5, 5, 5, 5, 5, 5, 5, 5, 5, 5, 5, 5, 5, 5, 5, 5, 5, 5, 5, 5, 5, 5, 5, 5, 5, 5, 5, 5, 5, 5, 5, 5, 5, 5, 5, 5, 5, 5, 5, 5, 5, 5, 5], "a_time_left": [358.4706422071904, 358.4706422071904, 356.96524300053716, 356.96524300053716, 355.46009529195726, 355.46009529195726, 353.95485191605985, 353.95485191605985, 352.4491861630231, 352.4491861630231, 350.94711491279304, 350.94711491279304, 349.4420148693025, 349.4420148693025, 347.93680791184306, 347.93680791184306, 346.43358458019793, 346.43358458019793, 344.92808345519006, 344.92808345519006, 343.42257528938353, 343.42257528938353, 341.91693762131035, 341.91693762131035, 340.41382782906294, 340.41382782906294, 338.90786770544946, 338.90786770544946, 337.4026897046715, 337.4026897046715, 335.897251078859, 335.897251078859, 334.3920132871717, 334.3920132871717, 332.88670516200364, 332.88670516200364, 331.3811866622418, 331.3811866622418, 329.8757810816169, 329.8757810816169, 328.37033591233194, 328.37033591233194, 326.86493266001344, 326.86493266001344, 325.359456744045, 325.359456744045, 323.85406374558806, 323.85406374558806, 322.3485859129578, 322.3485859129578, 320.84276124462485, 320.84276124462485, 319.3375791180879, 319.3375791180879, 317.8322941586375, 317.8322941586375, 316.3268281146884, 316.3268281146884, 314.82613719813526, 314.82613719813526, 313.32068678177893, 313.32068678177893], "b_time_left": [360, 359.9943343754858, 359.9943343754858, 359.97742316685617, 359.97742316685617, 359.9714714176953, 359.9714714176953, 359.96195537783206, 359.96195537783206, 359.9505014587194, 359.9505014587194, 359.9440781250596, 359.9440781250596, 359.9421652108431, 359.9421652108431, 359.9365482535213, 359.9365482535213, 359.9315900057554, 359.9315900057554, 359.9243039637804, 359.9243039637804, 359.91963554546237, 359.91963554546237, 359.91484954580665, 359.91484954580665, 359.91190767101943, 359.91190767101943, 359.9083780031651, 359.9083780031651, 359.9054150879383, 359.9054150879383, 359.89934621192515, 359.89934621192515, 359.8943314626813, 359.8943314626813, 359.89101150259376, 359.89101150259376, 359.88786392100155, 359.88786392100155, 359.88179692067206, 359.88179692067206, 359.8780439645052, 359.8780439645052, 359.87251313216984, 359.87251313216984, 359.8686199244112, 359.8686199244112, 359.86285742372274, 359.86285742372274, 359.86109992302954, 359.86109992302954, 359.8577835056931, 359.8577835056931, 359.85599850676954, 359.85599850676954, 359.8511735480279, 359.8511735480279, 359.8493945877999, 359.8493945877999, 359.84722162783146, 359.84722162783146, 359.8450415432453], "a_moves_left": [39, 39, 38, 38, 37, 37, 36, 36, 35, 35, 34, 34, 33, 33, 32, 32, 31, 31, 30, 30, 29, 29, 28, 28, 27, 27, 26, 26, 25, 25, 24, 24, 23, 23, 22, 22, 21, 21, 20, 20, 19, 19, 18, 18, 17, 17, 16, 16, 15, 15, 14, 14, 13, 13, 12, 12, 11, 11, 10, 10, 9, 9], "b_moves_left": [40, 39, 39, 38, 38, 37, 37, 36, 36, 35, 35, 34, 34, 33, 33, 32, 32, 31, 31, 30, 30, 29, 29, 28, 28, 27, 27, 26, 26, 25, 25, 24, 24, 23, 23, 22, 22, 21, 21, 20, 20, 19, 19, 18, 18, 17, 17, 16, 16, 15, 15, 14, 14, 13, 13, 12, 12, 11, 11, 10, 10, 9], "trapdoor_triggered": [0, 0, 0, 0, 0, 0, 0, 0, 0, 0, 0, 0, 0, 0, 0, 0, 0, 0, 0, 0, 0, 0, 0, 0, 0, 0, 0, 0, 0, 0, 0, 0, 0, 0, 0, 0, 0, 0, 0, 0, 0, 0, 0, 0, 0, 0, 0, 0, 0, 0, 0, 0, 0, 0, 0, 0, 0, 0, 0, 0, 0, 0], "left_behind": ["egg", "egg", "turd", "plain", "turd", "egg", "plain", "plain", "egg", "egg", "plain", "plain", "plain", "plain", "plain", "plain", "plain", "plain", "plain", "plain", "plain", "plain", "plain", "plain", "plain", "plain", "plain", "plain", "turd", "plain", "turd", "plain", "plain", "plain", "turd", "plain", "plain", "plain", "plain", "plain", "plain", "plain", "plain", "plain", "plain", "plain", "plain", "plain", "plain", "plain", "plain", "plain", "plain", "plain", "plain", "plain", "egg", "plain", "plain", "plain", "plain", "plain"], "errlog_a": "Timeout", "errlog_b": "", "start_time": 360, "start_moves": 40, "turn_count": 62, "result": 1, "reason": "CODE_CRASH", "trapdoors": [[2, 4], [4, 5]], "spawn_a": [0, 2], "spawn_b": [7, 2]}