{"pos": [[7, 4], [1, 3], [7, 3], [2, 3], [7, 2], [3, 3], [7, 1], [4, 3], [6, 1], [4, 2], [6, 2], [1, 3], [5, 2], [2, 3], [6, 2], [3, 3], [6, 1], [2, 3], [7, 1], [3, 3], [7, 0], [2, 3], [7, 1], [3, 3], [6, 1], [2, 3], [6, 2], [3, 3], [6, 1]], "a_eggs_laid": [0, 0, 0, 0, 1, 1, 1, 1, 2, 2, 6, 6, 7, 7, 7, 7, 7, 7, 7, 7, 7, 7, 7, 7, 7, 7, 7, 7, 7], "b_eggs_laid": [0, 1, 1, 1, 1, 2, 2, 2, 2, 3, 3, 3, 3, 3, 3, 3, 3, 3, 3, 3, 3, 3, 3, 3, 3, 3, 3, 3, 3], "a_turds_left": [5, 5, 4, 4, 4, 4, 4, 4, 4, 4, 4, 4, 4, 4, 4, 4, 4, 4, 4, 4, 4, 4, 3, 3, 3, 3, 2, 2, 2], "b_turds_left": [5, 5, 5, 5, 5, 5, 5, 5, 5, 5, 5, 5, 5, 5, 5, 5, 5, 5, 5, 5, 5, 5, 5, 5, 5, 5, 5, 5, 5], "a_time_left": [358.4854350835085, 358.4854350835085, 356.9806108754128, 356.9806108754128, 355.4753389582038, 355.4753389582038, 353.9702045004815, 353.9702045004815, 352.4649225845933, 352.4649225845933, 350.9590665008873, 350.9590665008873, 349.4537896681577, 349.4537896681577, 347.9479459989816, 347.9479459989816, 346.44437687285244, 346.44437687285244, 344.93847820721567, 344.93847820721567, 343.43303512223065, 343.43303512223065, 341.92760441452265, 341.92760441452265, 340.4220004994422, 340.4220004994422, 338.9165726657957, 338.9165726657957, 337.41108050197363], "b_time_left": [360, 351.2611297480762, 351.2611297480762, 338.262766584754, 338.262766584754, 335.2305934596807, 335.2305934596807, 322.1842704191804, 322.1842704191804, 318.122322043404, 318.122322043404, 315.1458215434104, 315.1458215434104, 305.0817211251706, 305.0817211251706, 301.61647904478014, 301.61647904478014, 293.24243796058, 293.24243796058, 290.06259650178254, 290.06259650178254, 283.27646304294467, 283.27646304294467, 280.15138554386795, 280.15138554386795, 272.8153430428356, 272.8153430428356, 269.5957435015589, 269.5957435015589], "a_moves_left": [39, 39, 38, 38, 37, 37, 36, 36, 35, 35, 34, 34, 33, 33, 32, 32, 31, 31, 30, 30, 29, 29, 28, 28, 27, 27, 26, 26, 25], "b_moves_left": [40, 39, 39, 38, 38, 37, 37, 36, 36, 35, 35, 34, 34, 33, 33, 32, 32, 31, 31, 30, 30, 29, 29, 28, 28, 27, 27, 26, 26], "trapdoor_triggered": [0, 0, 0, 0, 0, 0, 0, 0, 0, 1, 0, 0, 0, 0, 0, 0, 0, 0, 0, 0, 0, 0, 0, 0, 0, 0, 0, 0, 0], "left_behind": ["plain", "egg", "turd", "plain", "egg", "egg", "plain", "plain", "egg", "egg", "plain", "plain", "egg", "plain", "plain", "plain", "plain", "plain", "plain", "plain", "plain", "plain", "turd", "plain", "plain", "plain", "turd", "plain", "plain"], "errlog_a": "", "errlog_b": "Timeout", "start_time": 360, "start_moves": 40, "turn_count": 29, "result": 0, "reason": "CODE_CRASH", "trapdoors": [[4, 2], [5, 4]], "spawn_a": [7, 3], "spawn_b": [0, 3]}