{"pos": [[5, 0], [7, 7], [6, 0], [7, 6], [6, 1], [6, 6], [7, 1], [7, 6], [7, 0], [7, 5], [6, 0], [7, 4], [6, 1], [7, 5], [6, 0], [6, 5], [6, 1], [6, 4], [6, 0], [7, 4], [5, 0], [7, 5], [5, 1], [6, 5], [6, 1], [6, 6], [7, 1], [6, 7], [7, 0], [5, 7], [6, 0], [6, 7], [6, 1], [6, 6], [6, 2], [7, 6], [6, 3], [7, 5], [5, 3], [6, 5], [6, 3], [6, 4], [5, 3], [5, 4], [4, 3], [5, 5], [7, 0], [5, 6], [7, 1], [4, 6], [7, 0], [4, 5], [6, 0], [4, 6], [5, 0], [3, 6], [6, 0], [4, 6], [5, 0], [4, 5], [5, 1], [5, 5], [5, 0], [4, 5], [4, 0], [5, 5], [5, 0], [6, 5], [6, 0], [6, 6], [7, 0], [6, 5], [6, 0], [6, 6], [7, 0], [6, 7], [7, 1], [6, 6], [6, 1], [6, 7]], "a_eggs_laid": [0, 0, 0, 0, 0, 0, 0, 0, 0, 0, 0, 0, 1, 1, 1, 1, 1, 1, 1, 1, 1, 1, 1, 1, 1, 1, 1, 1, 1, 1, 1, 1, 1, 1, 1, 1, 1, 1, 1, 1, 2, 2, 2, 2, 2, 2, 2, 2, 2, 2, 2, 2, 2, 2, 2, 2, 2, 2, 2, 2, 2, 2, 2, 2, 2, 2, 3, 3, 3, 3, 3, 3, 3, 3, 3, 3, 3, 3, 3, 3], "b_eggs_laid": [0, 0, 0, 0, 0, 0, 0, 0, 0, 1, 1, 1, 1, 1, 1, 1, 1, 2, 2, 2, 2, 2, 2, 2, 2, 2, 2, 2, 2, 2, 2, 2, 2, 2, 2, 2, 2, 2, 2, 2, 2, 2, 2, 2, 2, 6, 6, 6, 6, 6, 6, 6, 6, 6, 6, 6, 6, 6, 6, 6, 6, 6, 6, 6, 6, 6, 6, 6, 6, 6, 6, 6, 6, 6, 6, 6, 6, 6, 6, 6], "a_turds_left": [5, 5, 4, 4, 4, 4, 3, 3, 2, 2, 1, 1, 1, 1, 1, 1, 1, 1, 1, 1, 1, 1, 1, 1, 1, 1, 1, 1, 1, 1, 1, 1, 1, 1, 1, 1, 0, 0, 0, 0, 0, 0, 0, 0, 0, 0, 0, 0, 0, 0, 0, 0, 0, 0, 0, 0, 0, 0, 0, 0, 0, 0, 0, 0, 0, 0, 0, 0, 0, 0, 0, 0, 0, 0, 0, 0, 0, 0, 0, 0], "b_turds_left": [5, 4, 4, 4, 4, 4, 4, 4, 4, 4, 4, 4, 4, 3, 3, 3, 3, 3, 3, 3, 3, 3, 3, 2, 2, 2, 2, 2, 2, 2, 2, 2, 2, 2, 2, 1, 1, 1, 1, 1, 1, 1, 1, 1, 1, 0, 0, 0, 0, 0, 0, 0, 0, 0, 0, 0, 0, 0, 0, 0, 0, 0, 0, 0, 0, 0, 0, 0, 0, 0, 0, 0, 0, 0, 0, 0, 0, 0, 0, 0], "a_time_left": [358.4762279149145, 358.4762279149145, 356.9703925829381, 356.9703925829381, 355.4647613298148, 355.4647613298148, 353.9560046661645, 353.9560046661645, 352.4502975400537, 352.4502975400537, 350.9468593746424, 350.9468593746424, 349.4412199575454, 349.4412199575454, 347.93559291772544, 347.93559291772544, 346.4299316275865, 346.4299316275865, 344.9244497921318, 344.9244497921318, 343.4199961666018, 343.4199961666018, 341.91054704226553, 341.91054704226553, 340.4048571679741, 340.4048571679741, 338.90141120925546, 338.90141120925546, 337.3957468736917, 337.3957468736917, 335.8901308737695, 335.8901308737695, 334.38497499749064, 334.38497499749064, 332.87923116236925, 332.87923116236925, 331.37391578778625, 331.37391578778625, 329.87169641442597, 329.87169641442597, 328.36605045571923, 328.36605045571923, 326.860408205539, 326.860408205539, 325.35480483062565, 325.35480483062565, 323.84929649718106, 323.84929649718106, 322.34851970523596, 322.34851970523596, 320.84487570635974, 320.84487570635974, 319.34075254388154, 319.34075254388154, 317.8351232111454, 317.8351232111454, 316.32947758585215, 316.32947758585215, 314.8237771708518, 314.8237771708518, 313.3179505467415, 313.3179505467415, 311.81432142294943, 311.81432142294943, 310.30612329766154, 310.30612329766154, 308.79806329868734, 308.79806329868734, 307.28609296679497, 307.28609296679497, 305.7796170935035, 305.7796170935035, 304.273875342682, 304.273875342682, 302.76820163428783, 302.76820163428783, 301.2667528409511, 301.2667528409511, 299.76128096506, 299.76128096506], "b_time_left": [360, 358.4857395812869, 358.4857395812869, 356.98026283085346, 356.98026283085346, 355.4749012477696, 355.4749012477696, 353.96834728866816, 353.96834728866816, 352.46265041455626, 352.46265041455626, 350.956998789683, 350.956998789683, 349.4514675382525, 349.4514675382525, 347.945786787197, 347.945786787197, 346.4400839526206, 346.4400839526206, 344.936256993562, 344.936256993562, 343.43096236884594, 343.43096236884594, 341.92449770122766, 341.92449770122766, 340.42264549061656, 340.42264549061656, 338.91688023880124, 338.91688023880124, 337.4108601976186, 337.4108601976186, 335.90523902885616, 335.90523902885616, 334.3996053636074, 334.3996053636074, 332.89395757205784, 332.89395757205784, 331.3883011136204, 331.3883011136204, 329.8826937787235, 329.8826937787235, 328.37698136270046, 328.37698136270046, 326.8712242785841, 326.8712242785841, 325.36553707160056, 325.36553707160056, 323.85993373952806, 323.85993373952806, 322.354315655306, 322.354315655306, 320.85061432234943, 320.85061432234943, 319.344627821818, 319.344627821818, 317.838862195611, 317.838862195611, 316.3332936950028, 316.3332936950028, 314.8277580291033, 314.8277580291033, 313.3221773635596, 313.3221773635596, 311.8159079477191, 311.8159079477191, 310.3122474066913, 310.3122474066913, 308.8114046994597, 308.8114046994597, 307.30526853352785, 307.30526853352785, 305.800920907408, 305.800920907408, 304.2952030748129, 304.2952030748129, 302.7895598653704, 302.7895598653704, 301.2836655732244, 301.2836655732244, 299.7784202415496], "a_moves_left": [39, 39, 38, 38, 37, 37, 36, 36, 35, 35, 34, 34, 33, 33, 32, 32, 31, 31, 30, 30, 29, 29, 28, 28, 27, 27, 26, 26, 25, 25, 24, 24, 23, 23, 22, 22, 21, 21, 20, 20, 19, 19, 18, 18, 17, 17, 16, 16, 15, 15, 14, 14, 13, 13, 12, 12, 11, 11, 10, 10, 9, 9, 8, 8, 7, 7, 6, 6, 5, 5, 4, 4, 3, 3, 2, 2, 1, 1, 0, 0], "b_moves_left": [40, 39, 39, 38, 38, 37, 37, 36, 36, 35, 35, 34, 34, 33, 33, 32, 32, 31, 31, 30, 30, 29, 29, 28, 28, 27, 27, 26, 26, 25, 25, 24, 24, 23, 23, 22, 22, 21, 21, 20, 20, 19, 19, 18, 18, 17, 17, 16, 16, 15, 15, 14, 14, 13, 13, 12, 12, 11, 11, 10, 10, 9, 9, 8, 8, 7, 7, 6, 6, 5, 5, 4, 4, 3, 3, 2, 2, 1, 1, 0], "trapdoor_triggered": [0, 0, 0, 0, 0, 0, 0, 0, 0, 0, 0, 0, 0, 0, 0, 0, 0, 0, 0, 0, 0, 0, 0, 0, 0, 0, 0, 0, 0, 0, 0, 0, 0, 0, 0, 0, 0, 0, 0, 0, 0, 0, 0, 0, 1, 0, 0, 0, 0, 0, 0, 0, 0, 0, 0, 0, 0, 0, 0, 0, 0, 0, 0, 0, 0, 0, 0, 0, 0, 0, 0, 0, 0, 0, 0, 0, 0, 0, 0, 0], "left_behind": ["plain", "turd", "turd", "plain", "plain", "plain", "turd", "plain", "turd", "egg", "turd", "plain", "egg", "turd", "plain", "plain", "plain", "egg", "plain", "plain", "plain", "plain", "plain", "turd", "plain", "plain", "plain", "plain", "plain", "plain", "plain", "plain", "plain", "plain", "plain", "turd", "turd", "plain", "plain", "plain", "egg", "plain", "plain", "plain", "plain", "turd", "plain", "plain", "plain", "plain", "plain", "plain", "plain", "plain", "plain", "plain", "plain", "plain", "plain", "plain", "plain", "plain", "plain", "plain", "plain", "plain", "egg", "plain", "plain", "plain", "plain", "plain", "plain", "plain", "plain", "plain", "plain", "plain", "plain", "plain"], "errlog_a": "", "errlog_b": "", "start_time": 360, "start_moves": 40, "turn_count": 80, "result": 1, "reason": "EGGS_LAID", "trapdoors": [[4, 2], [4, 3]], "spawn_a": [6, 0], "spawn_b": [6, 7]}