{"pos": [[3, 6], [3, 1], [3, 7], [3, 2], [2, 7], [3, 3], [3, 7], [3, 1], [2, 7], [3, 2], [3, 7], [3, 3], [4, 7], [3, 1], [4, 6], [3, 0], [4, 5], [4, 0], [3, 6], [3, 0], [2, 6], [2, 0], [2, 5], [3, 0], [3, 5], [4, 0], [4, 5], [3, 0], [4, 7], [2, 0], [4, 6], [3, 0], [4, 7], [4, 0], [3, 7], [3, 0], [2, 7], [2, 0], [3, 7], [3, 0], [3, 6], [4, 0], [4, 6], [3, 0], [4, 7], [2, 0], [4, 6], [3, 0], [4, 7], [3, 1], [4, 6], [3, 0], [5, 6], [3, 1], [4, 6], [3, 0], [4, 5], [3, 1], [4, 7], [3, 0], [4, 6], [2, 0], [5, 6], [3, 0], [6, 6], [4, 0], [6, 5], [3, 0], [7, 5], [3, 1], [7, 6], [3, 0], [7, 5], [4, 0], [7, 4], [3, 0], [6, 4], [2, 0], [6, 3], [3, 0]], "a_eggs_laid": [0, 0, 0, 0, 0, 0, 4, 4, 4, 4, 4, 4, 8, 8, 8, 8, 8, 8, 8, 8, 8, 8, 8, 8, 8, 8, 9, 9, 9, 9, 9, 9, 9, 9, 9, 9, 9, 9, 9, 9, 9, 9, 9, 9, 9, 9, 9, 9, 9, 9, 9, 9, 9, 9, 9, 9, 9, 9, 9, 9, 9, 9, 9, 9, 9, 9, 10, 10, 10, 10, 10, 10, 10, 10, 11, 11, 11, 11, 11, 11], "b_eggs_laid": [0, 1, 1, 1, 1, 2, 2, 2, 2, 2, 2, 2, 2, 2, 2, 2, 2, 6, 6, 6, 6, 6, 6, 6, 6, 6, 6, 10, 10, 10, 10, 10, 10, 10, 10, 10, 10, 10, 10, 10, 10, 10, 10, 10, 10, 10, 10, 10, 10, 10, 10, 10, 10, 10, 10, 10, 10, 14, 14, 14, 14, 14, 14, 14, 14, 14, 14, 14, 14, 14, 14, 14, 14, 14, 14, 14, 14, 14, 14, 14], "a_turds_left": [5, 5, 4, 4, 4, 4, 4, 4, 3, 3, 3, 3, 3, 3, 2, 2, 2, 2, 2, 2, 2, 2, 2, 2, 1, 1, 1, 1, 1, 1, 1, 1, 0, 0, 0, 0, 0, 0, 0, 0, 0, 0, 0, 0, 0, 0, 0, 0, 0, 0, 0, 0, 0, 0, 0, 0, 0, 0, 0, 0, 0, 0, 0, 0, 0, 0, 0, 0, 0, 0, 0, 0, 0, 0, 0, 0, 0, 0, 0, 0], "b_turds_left": [5, 5, 5, 5, 5, 5, 5, 5, 5, 5, 5, 5, 5, 5, 5, 5, 5, 5, 5, 5, 5, 5, 5, 5, 5, 5, 5, 5, 5, 5, 5, 5, 5, 5, 5, 5, 5, 5, 5, 5, 5, 5, 5, 5, 5, 5, 5, 5, 5, 5, 5, 5, 5, 5, 5, 5, 5, 5, 5, 5, 5, 5, 5, 5, 5, 5, 5, 5, 5, 5, 5, 5, 5, 5, 5, 5, 5, 5, 5, 4], "a_time_left": [358.47304562292993, 358.47304562292993, 356.9675526674837, 356.9675526674837, 355.46211283653975, 355.46211283653975, 353.95675875246525, 353.95675875246525, 352.4549427963793, 352.4549427963793, 350.94951884076, 350.94951884076, 349.4436792153865, 349.4436792153865, 347.9382082577795, 347.9382082577795, 346.4326986335218, 346.4326986335218, 344.92720679938793, 344.92720679938793, 343.4217379242182, 343.4217379242182, 341.9162702579051, 341.9162702579051, 340.4108358807862, 340.4108358807862, 338.9051487147808, 338.9051487147808, 337.3996185474098, 337.3996185474098, 335.8941799644381, 335.8941799644381, 334.39355284161866, 334.39355284161866, 332.8881845511496, 332.8881845511496, 331.38281434215605, 331.38281434215605, 329.87096588499844, 329.87096588499844, 328.36516501009464, 328.36516501009464, 326.85998838581145, 326.85998838581145, 325.3547858018428, 325.3547858018428, 323.8496723845601, 323.8496723845601, 322.3373837582767, 322.3373837582767, 320.8369908425957, 320.8369908425957, 319.3310245499015, 319.3310245499015, 317.82566763460636, 317.82566763460636, 316.3242297191173, 316.3242297191173, 314.81890326179564, 314.81890326179564, 313.3135580960661, 313.3135580960661, 311.8129758890718, 311.8129758890718, 310.30740880407393, 310.30740880407393, 308.8019688464701, 308.8019688464701, 307.296563597396, 307.296563597396, 305.7948753070086, 305.7948753070086, 304.2894975170493, 304.2894975170493, 302.78407889418304, 302.78407889418304, 301.27873635292053, 301.27873635292053, 299.77333318442106, 299.77333318442106], "b_time_left": [360, 359.9742564987391, 359.9742564987391, 359.87248562276363, 359.87248562276363, 359.8139499966055, 359.8139499966055, 359.7900327462703, 359.7900327462703, 359.75292587280273, 359.75292587280273, 359.71608083322644, 359.71608083322644, 359.6938782930374, 359.6938782930374, 359.5913257524371, 359.5913257524371, 359.55652454309165, 359.55652454309165, 359.4236417077482, 359.4236417077482, 359.3760435003787, 359.3760435003787, 359.3138051684946, 359.3138051684946, 359.267283083871, 359.267283083871, 359.121408957988, 359.121408957988, 359.0778413768858, 359.0778413768858, 359.01186329498887, 359.01186329498887, 358.99154925346375, 358.99154925346375, 358.8644896708429, 358.8644896708429, 358.8233635444194, 358.8233635444194, 358.76336600258946, 358.76336600258946, 358.7328296266496, 358.7328296266496, 358.5830066706985, 358.5830066706985, 358.5480921715498, 358.5480921715498, 358.48988425545394, 358.48988425545394, 358.44280946440995, 358.44280946440995, 358.3101090081036, 358.3101090081036, 358.27803405188024, 358.27803405188024, 358.1421659681946, 358.1421659681946, 358.1170263849199, 358.1170263849199, 358.0042047202587, 358.0042047202587, 357.96919613704085, 357.96919613704085, 357.9219329301268, 357.9219329301268, 357.88877409882843, 357.88877409882843, 357.7861809320748, 357.7861809320748, 357.75021093152463, 357.75021093152463, 357.6416300572455, 357.6416300572455, 357.605774641037, 357.605774641037, 357.50485743395984, 357.50485743395984, 357.45713851600885, 357.45713851600885, 357.45499930903316], "a_moves_left": [39, 39, 38, 38, 37, 37, 36, 36, 35, 35, 34, 34, 33, 33, 32, 32, 31, 31, 30, 30, 29, 29, 28, 28, 27, 27, 26, 26, 25, 25, 24, 24, 23, 23, 22, 22, 21, 21, 20, 20, 19, 19, 18, 18, 17, 17, 16, 16, 15, 15, 14, 14, 13, 13, 12, 12, 11, 11, 10, 10, 9, 9, 8, 8, 7, 7, 6, 6, 5, 5, 4, 4, 3, 3, 2, 2, 1, 1, 0, 0], "b_moves_left": [40, 39, 39, 38, 38, 37, 37, 36, 36, 35, 35, 34, 34, 33, 33, 32, 32, 31, 31, 30, 30, 29, 29, 28, 28, 27, 27, 26, 26, 25, 25, 24, 24, 23, 23, 22, 22, 21, 21, 20, 20, 19, 19, 18, 18, 17, 17, 16, 16, 15, 15, 14, 14, 13, 13, 12, 12, 11, 11, 10, 10, 9, 9, 8, 8, 7, 7, 6, 6, 5, 5, 4, 4, 3, 3, 2, 2, 1, 1, 0], "trapdoor_triggered": [0, 0, 0, 0, 0, 1, 0, 0, 0, 0, 0, 1, 0, 0, 0, 0, 1, 0, 0, 0, 0, 0, 0, 0, 0, 0, 1, 0, 0, 0, 0, 0, 0, 0, 0, 0, 0, 0, 0, 0, 0, 0, 0, 0, 0, 0, 0, 0, 0, 0, 0, 0, 0, 0, 0, 0, 1, 0, 0, 0, 0, 0, 0, 0, 0, 0, 0, 0, 0, 0, 0, 0, 0, 0, 0, 0, 0, 0, 0, 0], "left_behind": ["plain", "egg", "turd", "plain", "plain", "egg", "plain", "plain", "turd", "plain", "plain", "plain", "plain", "plain", "turd", "plain", "plain", "plain", "plain", "plain", "plain", "plain", "plain", "plain", "turd", "plain", "egg", "plain", "plain", "plain", "plain", "plain", "turd", "plain", "plain", "plain", "plain", "plain", "plain", "plain", "plain", "plain", "plain", "plain", "plain", "plain", "plain", "plain", "plain", "plain", "plain", "plain", "plain", "plain", "plain", "plain", "plain", "plain", "plain", "plain", "plain", "plain", "plain", "plain", "plain", "plain", "egg", "plain", "plain", "plain", "plain", "plain", "plain", "plain", "egg", "plain", "plain", "plain", "plain", "turd"], "errlog_a": "", "errlog_b": "", "start_time": 360, "start_moves": 40, "turn_count": 80, "result": 1, "reason": "EGGS_LAID", "trapdoors": [[3, 3], [4, 5]], "spawn_a": [3, 7], "spawn_b": [3, 0]}