{"pos": [[0, 3], [6, 2], [0, 2], [7, 2], [0, 1], [6, 2], [1, 1], [7, 2], [1, 0], [6, 2], [2, 0], [7, 2], [3, 0], [7, 3], [4, 0], [7, 4], [5, 0], [6, 4], [5, 1], [6, 5], [6, 1], [6, 4], [5, 1], [6, 5], [6, 1], [5, 5], [6, 0], [4, 5], [7, 0], [4, 4], [7, 1], [4, 5], [7, 0], [4, 4], [6, 0], [3, 4], [5, 0], [4, 4], [6, 0], [3, 4], [6, 1], [4, 4], [7, 1], [3, 4], [6, 1], [4, 4], [6, 0], [3, 4], [7, 0], [4, 4], [7, 1], [3, 4], [6, 1], [4, 4], [6, 0], [3, 4], [6, 1], [4, 4], [7, 1], [3, 4], [6, 1], [4, 4], [6, 0], [3, 4], [5, 0], [4, 4], [5, 1], [3, 4], [5, 0], [4, 4], [4, 0], [3, 4], [4, 1], [4, 4], [4, 0], [3, 4], [3, 0], [4, 4], [2, 0], [4, 5]], "a_eggs_laid": [1, 1, 1, 1, 1, 1, 1, 1, 1, 1, 1, 1, 2, 2, 2, 2, 2, 2, 2, 2, 2, 2, 2, 2, 2, 2, 2, 2, 3, 3, 3, 3, 4, 4, 4, 4, 4, 4, 4, 4, 4, 4, 4, 4, 4, 4, 4, 4, 4, 4, 4, 4, 4, 4, 4, 4, 4, 4, 4, 4, 4, 4, 4, 4, 4, 4, 4, 4, 4, 4, 4, 4, 4, 4, 4, 4, 4, 4, 4, 4], "b_eggs_laid": [0, 1, 1, 1, 1, 1, 1, 1, 1, 1, 1, 1, 1, 1, 1, 1, 1, 2, 2, 2, 2, 3, 3, 3, 3, 3, 3, 3, 3, 4, 4, 4, 4, 4, 4, 4, 4, 5, 5, 5, 5, 5, 5, 5, 5, 5, 5, 5, 5, 5, 5, 5, 5, 5, 5, 5, 5, 5, 5, 5, 5, 5, 5, 5, 5, 5, 5, 5, 5, 5, 5, 5, 5, 5, 5, 5, 5, 5, 5, 5], "a_turds_left": [5, 5, 4, 4, 4, 4, 4, 4, 3, 3, 3, 3, 3, 3, 2, 2, 1, 1, 1, 1, 0, 0, 0, 0, 0, 0, 0, 0, 0, 0, 0, 0, 0, 0, 0, 0, 0, 0, 0, 0, 0, 0, 0, 0, 0, 0, 0, 0, 0, 0, 0, 0, 0, 0, 0, 0, 0, 0, 0, 0, 0, 0, 0, 0, 0, 0, 0, 0, 0, 0, 0, 0, 0, 0, 0, 0, 0, 0, 0, 0], "b_turds_left": [5, 5, 5, 5, 5, 5, 5, 5, 5, 5, 5, 5, 5, 5, 5, 5, 5, 5, 5, 5, 5, 5, 5, 5, 5, 5, 5, 5, 5, 5, 5, 5, 5, 5, 5, 4, 4, 4, 4, 4, 4, 4, 4, 4, 4, 4, 4, 4, 4, 4, 4, 4, 4, 4, 4, 4, 4, 4, 4, 4, 4, 4, 4, 4, 4, 4, 4, 4, 4, 4, 4, 4, 4, 4, 4, 4, 4, 4, 4, 4], "a_time_left": [358.47634529322386, 358.47634529322386, 356.9704390410334, 356.9704390410334, 355.4650857504457, 355.4650857504457, 353.95972966589034, 353.95972966589034, 352.4553387481719, 352.4553387481719, 350.95009599998593, 350.95009599998593, 349.44417387619615, 349.44417387619615, 347.93893041834235, 347.93893041834235, 346.43309233523905, 346.43309233523905, 344.92785133607686, 344.92785133607686, 343.42195612564683, 343.42195612564683, 341.91672612540424, 341.91672612540424, 340.4113223720342, 340.4113223720342, 338.90610220469534, 338.90610220469534, 337.4002911634743, 337.4002911634743, 335.8949522469193, 335.8949522469193, 334.38926241360605, 334.38926241360605, 332.88407066091895, 332.88407066091895, 331.37813720293343, 331.37813720293343, 329.8705690372735, 329.8705690372735, 328.36406586878, 328.36406586878, 326.8606847021729, 326.8606847021729, 325.3551919106394, 325.3551919106394, 323.85204044915736, 323.85204044915736, 322.3485542833805, 322.3485542833805, 320.8433636575937, 320.8433636575937, 319.3380159083754, 319.3380159083754, 317.83280478417873, 317.83280478417873, 316.327575661242, 316.327575661242, 314.8224275354296, 314.8224275354296, 313.3187689129263, 313.3187689129263, 311.8134588710964, 311.8134588710964, 310.3076414950192, 310.3076414950192, 308.80688336864114, 308.80688336864114, 307.2876234948635, 307.2876234948635, 305.7821583263576, 305.7821583263576, 304.27610786631703, 304.27610786631703, 302.7706384919584, 302.7706384919584, 301.2653974071145, 301.2653974071145, 299.7601960301399, 299.7601960301399], "b_time_left": [360, 350.85388183034956, 350.85388183034956, 339.13997895643115, 339.13997895643115, 336.8153031244874, 336.8153031244874, 325.26946783438325, 325.26946783438325, 323.5316725000739, 323.5316725000739, 311.6124532073736, 311.6124532073736, 309.3026270829141, 309.3026270829141, 297.3950212094933, 297.3950212094933, 292.13325725123286, 292.13325725123286, 277.1557499598712, 277.1557499598712, 273.4174330830574, 273.4174330830574, 265.9950339589268, 265.9950339589268, 264.1442015003413, 264.1442015003413, 252.81568171083927, 252.81568171083927, 251.59878787584603, 251.59878787584603, 242.74326183460653, 242.74326183460653, 242.21187812648714, 242.21187812648714, 239.52066654153168, 239.52066654153168, 238.37045724876225, 238.37045724876225, 237.57658129185438, 237.57658129185438, 236.95186612568796, 236.95186612568796, 236.2848725821823, 236.2848725821823, 235.65331624820828, 235.65331624820828, 234.99657504074275, 234.99657504074275, 234.6741419993341, 234.6741419993341, 234.0496354997158, 234.0496354997158, 233.4220757484436, 233.4220757484436, 232.78372616507113, 232.78372616507113, 232.09724987484515, 232.09724987484515, 231.47392204217613, 231.47392204217613, 230.81565454229712, 230.81565454229712, 230.14050516672432, 230.14050516672432, 229.39327741414309, 229.39327741414309, 228.2758617065847, 228.2758617065847, 227.56011724844575, 227.56011724844575, 226.87155779264867, 226.87155779264867, 226.43557779304683, 226.43557779304683, 225.74663491733372, 225.74663491733372, 225.20335037447512, 225.20335037447512, 224.58999595791101], "a_moves_left": [39, 39, 38, 38, 37, 37, 36, 36, 35, 35, 34, 34, 33, 33, 32, 32, 31, 31, 30, 30, 29, 29, 28, 28, 27, 27, 26, 26, 25, 25, 24, 24, 23, 23, 22, 22, 21, 21, 20, 20, 19, 19, 18, 18, 17, 17, 16, 16, 15, 15, 14, 14, 13, 13, 12, 12, 11, 11, 10, 10, 9, 9, 8, 8, 7, 7, 6, 6, 5, 5, 4, 4, 3, 3, 2, 2, 1, 1, 0, 0], "b_moves_left": [40, 39, 39, 38, 38, 37, 37, 36, 36, 35, 35, 34, 34, 33, 33, 32, 32, 31, 31, 30, 30, 29, 29, 28, 28, 27, 27, 26, 26, 25, 25, 24, 24, 23, 23, 22, 22, 21, 21, 20, 20, 19, 19, 18, 18, 17, 17, 16, 16, 15, 15, 14, 14, 13, 13, 12, 12, 11, 11, 10, 10, 9, 9, 8, 8, 7, 7, 6, 6, 5, 5, 4, 4, 3, 3, 2, 2, 1, 1, 0], "trapdoor_triggered": [0, 0, 0, 0, 0, 0, 0, 0, 0, 0, 0, 0, 0, 0, 0, 0, 0, 0, 0, 0, 0, 0, 0, 0, 0, 0, 0, 0, 0, 0, 0, 0, 0, 0, 0, 0, 0, 0, 0, 0, 0, 0, 0, 0, 0, 0, 0, 0, 0, 0, 0, 0, 0, 0, 0, 0, 0, 0, 0, 0, 0, 0, 0, 0, 0, 0, 0, 0, 0, 0, 0, 0, 0, 0, 0, 0, 0, 0, 0, 0], "left_behind": ["egg", "egg", "turd", "plain", "plain", "plain", "plain", "plain", "turd", "plain", "plain", "plain", "egg", "plain", "turd", "plain", "turd", "egg", "plain", "plain", "turd", "egg", "plain", "plain", "plain", "plain", "plain", "plain", "egg", "egg", "plain", "plain", "egg", "plain", "plain", "turd", "plain", "egg", "plain", "plain", "plain", "plain", "plain", "plain", "plain", "plain", "plain", "plain", "plain", "plain", "plain", "plain", "plain", "plain", "plain", "plain", "plain", "plain", "plain", "plain", "plain", "plain", "plain", "plain", "plain", "plain", "plain", "plain", "plain", "plain", "plain", "plain", "plain", "plain", "plain", "plain", "plain", "plain", "plain", "plain"], "errlog_a": "", "errlog_b": "", "start_time": 360, "start_moves": 40, "turn_count": 80, "result": 1, "reason": "EGGS_LAID", "trapdoors": [[5, 3], [2, 3]], "spawn_a": [0, 2], "spawn_b": [7, 2]}