{"pos": [[2, 1], [2, 6], [2, 0], [2, 5], [1, 0], [2, 4], [2, 0], [2, 3], [1, 0], [3, 3], [2, 0], [3, 2], [3, 0], [4, 2], [2, 0], [3, 2], [2, 1], [3, 3], [3, 1], [3, 2], [3, 0], [3, 3], [4, 0], [3, 2], [5, 0], [3, 3], [6, 0], [3, 2], [5, 0], [3, 3], [4, 0], [3, 2], [4, 1], [4, 2], [3, 1], [3, 2], [3, 0], [3, 3], [3, 1], [3, 2], [2, 1], [3, 3], [2, 2], [3, 2], [1, 2], [3, 3], [1, 3], [2, 3], [1, 4], [2, 4], [1, 5], [2, 3], [0, 5], [2, 4], [0, 6], [2, 3], [1, 6], [2, 4], [1, 7], [2, 3], [1, 6], [2, 4], [2, 6], [2, 3], [1, 6], [2, 4], [2, 6], [2, 3], [1, 6], [2, 4], [0, 6], [2, 3], [0, 7], [2, 4], [0, 6], [2, 3], [0, 5], [2, 4], [0, 6], [2, 3]], "a_eggs_laid": [0, 0, 0, 0, 0, 0, 0, 0, 0, 0, 0, 0, 1, 1, 1, 1, 1, 1, 1, 1, 2, 2, 2, 2, 3, 3, 3, 3, 3, 3, 3, 3, 3, 3, 3, 3, 3, 3, 3, 3, 3, 3, 3, 3, 4, 4, 4, 4, 4, 4, 4, 4, 4, 4, 4, 4, 5, 5, 5, 5, 6, 6, 6, 6, 7, 7, 7, 7, 7, 7, 7, 7, 7, 7, 7, 7, 7, 7, 7, 7], "b_eggs_laid": [0, 1, 1, 1, 1, 2, 2, 2, 2, 3, 3, 3, 3, 4, 4, 4, 4, 4, 4, 4, 4, 4, 4, 4, 4, 4, 4, 4, 4, 4, 4, 4, 4, 4, 4, 4, 4, 4, 4, 4, 4, 4, 4, 4, 4, 4, 4, 4, 4, 4, 4, 4, 4, 4, 4, 4, 4, 4, 4, 4, 4, 4, 4, 4, 4, 4, 4, 4, 4, 4, 4, 4, 4, 4, 4, 4, 4, 4, 4, 4], "a_turds_left": [5, 5, 5, 5, 5, 5, 5, 5, 5, 5, 4, 4, 4, 4, 3, 3, 3, 3, 2, 2, 2, 2, 2, 2, 2, 2, 2, 2, 2, 2, 2, 2, 2, 2, 2, 2, 2, 2, 2, 2, 2, 2, 2, 2, 2, 2, 1, 1, 1, 1, 1, 1, 0, 0, 0, 0, 0, 0, 0, 0, 0, 0, 0, 0, 0, 0, 0, 0, 0, 0, 0, 0, 0, 0, 0, 0, 0, 0, 0, 0], "b_turds_left": [5, 5, 5, 5, 5, 5, 5, 5, 5, 5, 5, 5, 5, 5, 5, 5, 5, 5, 5, 5, 5, 5, 5, 5, 5, 5, 5, 5, 5, 5, 5, 5, 5, 5, 5, 5, 5, 5, 5, 5, 5, 5, 5, 5, 5, 5, 5, 5, 5, 5, 5, 5, 5, 5, 5, 5, 5, 5, 5, 5, 5, 5, 5, 5, 5, 5, 5, 5, 5, 5, 5, 5, 5, 5, 5, 5, 5, 5, 5, 4], "a_time_left": [358.4708235412836, 358.4708235412836, 356.9650424607098, 356.9650424607098, 355.459285877645, 355.459285877645, 353.95352741889656, 353.95352741889656, 352.4478248767555, 352.4478248767555, 350.93991579301655, 350.93991579301655, 349.43423320911825, 349.43423320911825, 347.9289766252041, 347.9289766252041, 346.423570625484, 346.423570625484, 344.9179764576256, 344.9179764576256, 343.4123097937554, 343.4123097937554, 341.9068553764373, 341.9068553764373, 340.4014231264591, 340.4014231264591, 338.8958242107183, 338.8958242107183, 337.3901272509247, 337.3901272509247, 335.88413833267987, 335.88413833267987, 334.37855962477624, 334.37855962477624, 332.8742554169148, 332.8742554169148, 331.3686038739979, 331.3686038739979, 329.86300966516137, 329.86300966516137, 328.3573198299855, 328.3573198299855, 326.8519837465137, 326.8519837465137, 325.3464197907597, 325.3464197907597, 323.84212595783174, 323.84212595783174, 322.3366588316858, 322.3366588316858, 320.83073079027236, 320.83073079027236, 319.3254737891257, 319.3254737891257, 317.81999912299216, 317.81999912299216, 316.3144144564867, 316.3144144564867, 314.8089328315109, 314.8089328315109, 313.3030207082629, 313.3030207082629, 311.7974318768829, 311.7974318768829, 310.2918453775346, 310.2918453775346, 308.7905960045755, 308.7905960045755, 307.2850016281009, 307.2850016281009, 305.77939696237445, 305.77939696237445, 304.27383642084897, 304.27383642084897, 302.7682209201157, 302.7682209201157, 301.26262192055583, 301.26262192055583, 299.757067669183, 299.757067669183], "b_time_left": [360, 359.90395195782185, 359.90395195782185, 359.72026083245873, 359.72026083245873, 359.6257024165243, 359.6257024165243, 359.4442005008459, 359.4442005008459, 359.38367258384824, 359.38367258384824, 359.243992626667, 359.243992626667, 359.1856732945889, 359.1856732945889, 359.09867125190794, 359.09867125190794, 359.06774054281414, 359.06774054281414, 358.97646600194275, 358.97646600194275, 358.95250646211207, 358.95250646211207, 358.8621253389865, 358.8621253389865, 358.8388942144811, 358.8388942144811, 358.74795875512064, 358.74795875512064, 358.7157572135329, 358.7157572135329, 358.62374809011817, 358.62374809011817, 358.60098383948207, 358.60098383948207, 358.53040425665677, 358.53040425665677, 358.5046257991344, 358.5046257991344, 358.4004528410733, 358.4004528410733, 358.3465886749327, 358.3465886749327, 358.2552889250219, 358.2552889250219, 358.2221904247999, 358.2221904247999, 358.14083234220743, 358.14083234220743, 358.1209549661726, 358.1209549661726, 358.06452913582325, 358.06452913582325, 358.0456026364118, 358.0456026364118, 357.97324830293655, 357.97324830293655, 357.94684851169586, 357.94684851169586, 357.8786744698882, 357.8786744698882, 357.84599009528756, 357.84599009528756, 357.7865465953946, 357.7865465953946, 357.75622276216745, 357.75622276216745, 357.69751001149416, 357.69751001149416, 357.6689302623272, 357.6689302623272, 357.6044244710356, 357.6044244710356, 357.5805785097182, 357.5805785097182, 357.5091146752238, 357.5091146752238, 357.4783763438463, 357.4783763438463, 357.4771953448653], "a_moves_left": [39, 39, 38, 38, 37, 37, 36, 36, 35, 35, 34, 34, 33, 33, 32, 32, 31, 31, 30, 30, 29, 29, 28, 28, 27, 27, 26, 26, 25, 25, 24, 24, 23, 23, 22, 22, 21, 21, 20, 20, 19, 19, 18, 18, 17, 17, 16, 16, 15, 15, 14, 14, 13, 13, 12, 12, 11, 11, 10, 10, 9, 9, 8, 8, 7, 7, 6, 6, 5, 5, 4, 4, 3, 3, 2, 2, 1, 1, 0, 0], "b_moves_left": [40, 39, 39, 38, 38, 37, 37, 36, 36, 35, 35, 34, 34, 33, 33, 32, 32, 31, 31, 30, 30, 29, 29, 28, 28, 27, 27, 26, 26, 25, 25, 24, 24, 23, 23, 22, 22, 21, 21, 20, 20, 19, 19, 18, 18, 17, 17, 16, 16, 15, 15, 14, 14, 13, 13, 12, 12, 11, 11, 10, 10, 9, 9, 8, 8, 7, 7, 6, 6, 5, 5, 4, 4, 3, 3, 2, 2, 1, 1, 0], "trapdoor_triggered": [0, 0, 0, 0, 0, 0, 0, 0, 0, 0, 0, 0, 0, 0, 0, 0, 0, 0, 0, 0, 0, 0, 0, 0, 0, 0, 0, 0, 0, 0, 0, 0, 0, 0, 0, 0, 0, 0, 0, 0, 0, 0, 0, 0, 0, 0, 0, 0, 0, 0, 0, 0, 0, 0, 0, 0, 0, 0, 0, 0, 0, 0, 0, 0, 0, 0, 0, 0, 0, 0, 0, 0, 0, 0, 0, 0, 0, 0, 0, 0], "left_behind": ["plain", "egg", "plain", "plain", "plain", "egg", "plain", "plain", "plain", "egg", "turd", "plain", "egg", "egg", "turd", "plain", "plain", "plain", "turd", "plain", "egg", "plain", "plain", "plain", "egg", "plain", "plain", "plain", "plain", "plain", "plain", "plain", "plain", "plain", "plain", "plain", "plain", "plain", "plain", "plain", "plain", "plain", "plain", "plain", "egg", "plain", "turd", "plain", "plain", "plain", "plain", "plain", "turd", "plain", "plain", "plain", "egg", "plain", "plain", "plain", "egg", "plain", "plain", "plain", "egg", "plain", "plain", "plain", "plain", "plain", "plain", "plain", "plain", "plain", "plain", "plain", "plain", "plain", "plain", "turd"], "errlog_a": "", "errlog_b": "", "start_time": 360, "start_moves": 40, "turn_count": 80, "result": 0, "reason": "EGGS_LAID", "trapdoors": [[5, 3], [4, 3]], "spawn_a": [2, 0], "spawn_b": [2, 7]}